city,local_hour,local_date,target_c,daily_max_c,temp_now,solar_now,solar_slp60,temp_slp60,temp_slp120,morning_rise,rh_now,rh_slp60,dew_now,dew_dep,ws_now,wg_now,pmax_now,ptrend,wd_sin,wd_cos,uv_now,ptot_today,hidx_now,wchl_now,day_index
istanbul,8,2026-03-12,1.5999999999999996,8.0,6.4,10.2,10.2,0.10000000000000053,0.3000000000000007,0.3000000000000007,80.0,-0.29999999999999716,3.2,3.2,10.6,18.0,1024.69,0.0,0.6946583704589973,0.7193398003386512,0.0,0.0,6.4,4.3,0.0
istanbul,8,2026-03-13,3.0999999999999996,9.0,5.9,7.7,7.7,0.3000000000000007,0.0,0.0,79.0,-1.0,2.5,3.4000000000000004,11.4,19.8,1022.49,1.24,0.8191520442889918,0.573576436351046,0.0,0.0,5.9,3.5,1.0
istanbul,8,2026-03-14,2.5999999999999996,9.0,6.4,12.5,12.5,0.20000000000000018,0.20000000000000018,0.20000000000000018,79.5,-0.5,3.1,3.3000000000000003,10.7,20.5,1016.29,2.47,0.788010753606722,0.6156614753256583,0.0,0.0,6.4,4.3,2.0
istanbul,8,2026-03-15,1.7000000000000002,9.0,7.3,6.8,6.8,-0.10000000000000053,0.09999999999999964,0.09999999999999964,80.0,0.9000000000000057,4.1,3.2,11.0,19.4,1010.19,1.27,0.8660254037844386,0.5000000000000001,0.0,0.0,7.3,5.3,3.0
istanbul,8,2026-03-16,2.2,9.0,6.8,13.6,13.5,0.09999999999999964,0.39999999999999947,0.39999999999999947,89.0,-4.0,5.1,1.7000000000000002,5.8,12.2,1015.92,-4.94,0.0697564737441253,0.9975640502598242,0.0,0.0,6.8,6.0,4.0
istanbul,8,2026-03-17,3.0999999999999996,9.0,5.9,25.0,24.8,0.10000000000000053,0.40000000000000036,0.40000000000000036,95.0,0.0,5.2,0.7000000000000002,5.6,12.6,1019.3,-1.24,0.03489949670250097,0.9993908270190958,0.0,0.0,5.9,5.0,5.0
istanbul,8,2026-03-18,1.9000000000000004,9.0,7.1,15.2,15.1,0.1999999999999993,0.09999999999999964,0.09999999999999964,87.0,-2.0,5.1,2.0,14.5,31.7,1017.41,-1.24,0.9961946980917455,0.08715574274765814,0.0,0.0,7.1,4.5,6.0
istanbul,8,2026-03-19,2.8,10.0,7.2,23.6,23.400000000000002,0.10000000000000053,-0.09999999999999964,-0.09999999999999964,87.0,0.0,5.2,2.0,25.1,43.6,1014.6,-1.24,0.766044443118978,0.6427876096865394,0.0,0.0,7.2,3.4,7.0
istanbul,8,2026-03-20,1.4000000000000004,7.0,5.6,8.5,8.4,-0.20000000000000018,-0.40000000000000036,-0.40000000000000036,96.0,0.0,5.0,0.5999999999999996,24.6,40.0,1008.4,2.48,0.49999999999999994,0.8660254037844387,0.0,15.7,5.6,1.4,8.0
istanbul,8,2026-03-21,0.7000000000000002,8.0,7.3,4.0,4.0,0.20000000000000018,0.39999999999999947,0.39999999999999947,98.0,0.0,7.0,0.2999999999999998,18.2,32.0,1006.5,-1.24,0.6427876096865393,0.766044443118978,0.0,3.99,7.3,4.3,9.0
istanbul,8,2026-03-22,0.7000000000000002,8.0,7.3,5.5,5.4,-0.20000000000000018,-0.40000000000000036,-0.40000000000000036,99.0,0.0,7.2,0.09999999999999964,16.6,34.6,1011.62,1.24,0.42261826174069944,0.9063077870366499,0.0,3.51,7.3,4.5,10.0
istanbul,8,2026-03-23,1.9000000000000004,8.0,6.1,7.5,7.3,-0.10000000000000053,-0.20000000000000018,-0.20000000000000018,99.0,0.0,6.0,0.09999999999999964,11.8,29.5,1013.61,1.24,-0.6293203910498378,0.7771459614569706,0.0,3.1,6.1,3.7,11.0
istanbul,8,2026-03-24,1.7999999999999998,9.0,7.2,9.5,9.3,-0.20000000000000018,-0.20000000000000018,-0.20000000000000018,99.0,0.0,7.1,0.10000000000000053,11.1,20.5,1012.7,1.24,0.5446390350150271,0.838670567945424,0.0,1.6,7.2,5.1,12.0
istanbul,8,2026-03-25,3.5999999999999996,11.0,7.4,43.3,42.4,0.0,-0.09999999999999964,-0.09999999999999964,97.0,1.0,7.0,0.40000000000000036,17.1,29.9,1010.6,-1.24,0.49999999999999994,0.8660254037844387,0.0,2.01,7.4,4.5,13.0
istanbul,8,2026-03-26,4.7,11.0,6.3,55.5,52.4,0.2999999999999998,0.2999999999999998,0.2999999999999998,94.0,0.0,5.4,0.8999999999999995,2.1,5.8,1008.4,0.0,0.9945218953682733,0.10452846326765346,0.0,0.0,6.3,6.3,14.0
istanbul,8,2026-03-27,10.5,19.0,8.5,57.1,53.2,1.5,2.2,2.2,85.0,-3.799999999999997,6.1,2.4000000000000004,1.3,4.3,1005.79,-1.24,0.6018150231520482,-0.7986355100472929,0.0,0.0,8.5,8.5,15.0
istanbul,8,2026-03-28,1.6999999999999993,12.0,10.3,9.6,5.6,0.7000000000000011,0.7000000000000011,0.7000000000000011,81.4,-1.0,7.3,3.000000000000001,10.0,22.7,1005.59,-1.24,-0.2079116908177595,-0.9781476007338056,0.0,3.0,10.3,10.3,16.0
istanbul,8,2026-03-29,1.6999999999999993,10.0,8.3,8.6,7.3,-0.09999999999999964,-0.29999999999999893,-0.29999999999999893,98.0,0.0,8.0,0.3000000000000007,7.5,18.0,999.19,0.0,-0.6560590289905074,0.7547095802227719,0.0,3.99,8.3,7.2,17.0
istanbul,8,2026-03-30,2.5,11.0,8.5,5.4,4.800000000000001,0.7000000000000002,0.7999999999999998,0.7999999999999998,98.0,0.0,8.2,0.3000000000000007,12.0,22.3,1004.71,3.72,-0.9848077530122081,0.17364817766692997,0.0,17.2,8.5,6.6,18.0
istanbul,8,2026-03-31,7.199999999999999,17.0,9.8,37.0,33.8,0.5,0.5,0.5,92.0,-1.5,8.6,1.200000000000001,11.8,18.4,1009.31,-1.24,-0.6156614753256582,-0.788010753606722,0.0,0.0,9.8,8.1,19.0
istanbul,8,2026-04-01,2.6999999999999993,13.0,10.3,97.0,89.5,0.7000000000000011,0.10000000000000142,0.10000000000000142,84.7,1.7000000000000028,7.9,2.4000000000000004,3.8,7.2,1013.51,0.0,0.0697564737441253,0.9975640502598242,0.0,0.0,10.3,10.3,20.0
istanbul,8,2026-04-02,8.2,17.0,8.8,33.0,30.2,0.20000000000000107,0.20000000000000107,0.20000000000000107,98.0,0.0,8.5,0.3000000000000007,6.4,12.2,998.21,-2.47,0.15643446504023087,0.9876883405951378,0.0,7.19,8.8,8.1,21.0
istanbul,8,2026-04-03,7.0,18.0,11.0,72.8,62.9,0.5,0.40000000000000036,0.40000000000000036,80.7,-3.299999999999997,7.9,3.0999999999999996,19.1,24.5,1005.01,-1.24,-0.5735764363510462,-0.8191520442889918,0.0,0.61,11.0,11.0,22.0
istanbul,8,2026-04-04,2.9000000000000004,13.0,10.1,44.0,38.8,0.1999999999999993,-0.09999999999999964,-0.09999999999999964,96.0,1.0,9.5,0.5999999999999996,3.7,6.8,1011.11,-1.24,-0.13917310096006588,0.9902680687415703,0.0,0.3,10.1,10.1,23.0
istanbul,8,2026-04-05,4.1,14.0,9.9,90.2,81.2,0.7000000000000011,0.20000000000000107,0.20000000000000107,99.0,0.0,9.8,0.09999999999999964,8.0,15.8,1020.49,1.24,-0.06975647374412564,0.9975640502598242,0.0,2.49,9.9,8.9,24.0
istanbul,8,2026-04-06,8.4,18.0,9.6,94.6,78.3,2.3,2.0,2.0,82.0,-9.700000000000003,6.7,2.8999999999999995,3.4,5.8,1023.71,0.0,0.7431448254773942,-0.6691306063588582,0.0,0.0,9.6,9.6,25.0
istanbul,8,2026-04-07,1.4000000000000004,13.0,11.6,100.0,83.3,0.5,0.5999999999999996,0.5999999999999996,75.8,5.799999999999997,7.4,4.199999999999999,18.0,27.4,1019.2,3.71,-0.9455185755993168,-0.32556815445715664,0.0,0.0,11.6,11.6,26.0
istanbul,8,2026-04-08,4.5,16.0,11.5,44.5,38.5,0.5999999999999996,0.40000000000000036,0.40000000000000036,81.0,-4.599999999999994,8.4,3.0999999999999996,15.7,22.7,1011.79,0.0,-0.9925461516413221,-0.12186934340514717,0.0,0.0,11.5,11.5,27.0
istanbul,8,2026-04-09,3.6999999999999993,13.0,9.3,136.4,118.9,3.6000000000000005,3.8000000000000007,3.8000000000000007,67.7,-6.599999999999994,3.6,5.700000000000001,3.8,6.1,1015.92,-3.69,0.9975640502598242,-0.06975647374412533,1.0,0.0,9.3,9.3,28.0
istanbul,8,2026-04-10,1.9000000000000004,9.0,7.1,117.4,98.9,1.0999999999999996,1.6999999999999993,1.6999999999999993,85.4,-2.5999999999999943,4.9,2.1999999999999993,4.6,10.1,1016.7,-2.48,-0.12186934340514723,0.9925461516413221,1.0,0.0,7.1,6.7,29.0
istanbul,8,2026-04-11,6.2,12.0,5.8,67.6,43.199999999999996,1.3999999999999995,2.1999999999999997,2.1999999999999997,83.7,-5.299999999999997,3.3,2.5,5.3,10.4,1021.0,-1.24,0.8290375725550417,0.5591929034707468,0.0,0.0,5.8,5.1,30.0
istanbul,8,2026-04-12,3.5999999999999996,12.0,8.4,157.0,139.3,2.1000000000000005,1.3000000000000007,1.3000000000000007,64.6,-4.400000000000006,2.1,6.300000000000001,4.3,7.9,1020.49,1.23,0.9659258262890683,-0.25881904510252085,1.0,0.0,8.4,8.0,31.0
istanbul,8,2026-04-13,4.7,12.0,7.3,120.7,96.4,2.7,2.2,2.2,77.4,-11.299999999999997,3.6,3.6999999999999997,5.9,8.6,1024.01,-2.48,0.9975640502598242,-0.06975647374412533,1.0,0.0,7.3,6.5,32.0
istanbul,8,2026-04-14,4.300000000000001,13.0,8.7,110.6,94.39999999999999,1.6999999999999993,2.0999999999999996,2.0999999999999996,85.1,-6.900000000000006,6.3,2.3999999999999995,11.6,19.1,1024.42,0.0,0.9993908270190958,-0.034899496702500955,1.0,0.0,8.7,6.8,33.0
istanbul,8,2026-04-15,2.8000000000000007,12.0,9.2,109.0,86.3,1.3999999999999995,1.4999999999999991,1.4999999999999991,90.8,-3.200000000000003,7.7,1.4999999999999991,11.0,21.6,1022.89,-2.47,0.992546151641322,0.12186934340514749,1.0,0.0,9.2,7.6,34.0
istanbul,8,2026-04-16,2.5999999999999996,12.0,9.4,51.8,34.099999999999994,0.20000000000000107,0.3000000000000007,0.3000000000000007,87.0,0.0,7.4,2.0,18.8,34.6,1019.91,0.0,0.6946583704589973,0.7193398003386512,0.0,0.0,9.4,6.8,35.0
istanbul,8,2026-04-17,2.1999999999999993,12.0,9.8,50.3,37.599999999999994,0.20000000000000107,0.20000000000000107,0.20000000000000107,87.3,-0.7000000000000028,7.9,1.9000000000000004,13.5,31.0,1016.19,-2.46,0.5446390350150271,0.838670567945424,0.0,0.0,9.8,8.0,36.0
istanbul,8,2026-04-18,3.0999999999999996,14.0,10.9,81.6,67.1,0.3000000000000007,0.40000000000000036,0.40000000000000036,84.3,0.5,8.4,2.5,20.4,38.5,1010.4,3.72,0.24192189559966773,0.9702957262759965,0.0,0.0,10.9,10.9,37.0
istanbul,8,2026-04-19,4.5,15.0,10.5,142.2,118.19999999999999,1.5,2.0,2.0,76.5,-4.299999999999997,6.6,3.9000000000000004,7.0,12.2,1016.39,-2.47,-0.8191520442889918,0.573576436351046,1.0,0.0,10.5,10.5,38.0
istanbul,8,2026-04-20,10.1,20.0,9.9,140.7,105.99999999999999,2.5,1.5,1.5,70.4,-5.8999999999999915,4.8,5.1000000000000005,3.7,7.2,1016.59,-1.24,-0.13917310096006552,-0.9902680687415703,1.0,0.1,9.9,9.9,39.0
istanbul,8,2026-04-21,5.6,18.0,12.4,70.3,53.199999999999996,0.09999999999999964,0.09999999999999964,0.09999999999999964,65.0,4.0,6.0,6.4,16.1,21.2,1012.8,0.0,-0.7986355100472928,-0.6018150231520483,0.0,0.0,12.4,12.4,40.0
istanbul,8,2026-04-22,0.9000000000000004,10.0,9.1,26.8,21.700000000000003,0.09999999999999964,0.09999999999999964,0.09999999999999964,95.0,-1.0,8.4,0.6999999999999993,9.0,20.9,1014.8,0.0,0.838670567945424,0.5446390350150271,0.0,6.5,9.1,7.9,41.0
istanbul,8,2026-04-23,4.800000000000001,14.0,9.2,112.9,87.4,0.5999999999999996,0.5999999999999996,0.5999999999999996,78.8,-2.200000000000003,5.8,3.3999999999999995,8.8,19.1,1015.98,-3.71,0.7313537016191705,0.6819983600624985,1.0,0.0,9.2,8.0,42.0
istanbul,8,2026-04-24,7.6,18.0,10.4,166.1,115.3,1.200000000000001,1.5999999999999996,1.5999999999999996,83.0,2.4000000000000057,7.7,2.7,19.5,28.1,1014.09,0.0,-0.6691306063588582,-0.7431448254773942,1.0,0.0,10.4,10.4,43.0
istanbul,8,2026-04-25,4.9,19.0,14.1,158.2,113.99999999999999,2.5,2.0,2.0,57.7,-4.099999999999994,5.9,8.2,2.2,6.8,1016.19,0.0,-0.1045284632676535,-0.9945218953682733,1.0,0.0,14.1,14.1,44.0
istanbul,8,2026-04-26,8.8,24.0,15.2,166.5,115.1,1.1999999999999993,1.6999999999999993,1.6999999999999993,40.9,-2.3999999999999986,2.1,13.1,12.3,18.0,1014.19,2.47,-0.8090169943749473,-0.5877852522924732,1.0,0.0,15.2,15.2,45.0
istanbul,8,2026-04-27,4.800000000000001,16.0,11.2,192.3,141.5,0.29999999999999893,0.5999999999999996,0.5999999999999996,71.8,1.7999999999999972,6.4,4.799999999999999,19.4,41.8,1023.91,2.46,0.8090169943749475,0.5877852522924731,1.0,0.0,11.2,11.2,46.0
istanbul,8,2026-04-28,2.8000000000000007,13.0,10.2,173.1,117.6,1.6999999999999993,2.8999999999999995,2.8999999999999995,73.2,-5.599999999999994,5.6,4.6,10.5,24.1,1020.59,0.0,0.898794046299167,0.43837114678907746,1.0,0.0,10.2,10.2,47.0
istanbul,8,2026-04-29,3.9000000000000004,14.0,10.1,146.9,103.9,2.0,2.8,2.8,79.1,-6.900000000000006,6.7,3.3999999999999995,5.9,10.8,1020.69,3.71,0.9961946980917455,0.08715574274765814,1.0,0.0,10.1,10.1,48.0
istanbul,8,2026-04-30,3.0,14.0,11.0,206.9,168.0,1.1999999999999993,1.6999999999999993,1.6999999999999993,82.5,-6.5,8.1,2.9000000000000004,15.1,30.6,1019.51,1.24,0.754709580222772,0.6560590289905073,1.0,0.0,11.0,11.0,49.0
istanbul,8,2026-05-01,2.9000000000000004,11.0,8.1,45.5,33.3,0.0,0.0,0.0,92.9,-1.0999999999999943,7.0,1.0999999999999996,19.8,38.2,1019.91,2.47,0.24192189559966773,0.9702957262759965,0.0,20.29,8.1,5.1,50.0
istanbul,8,2026-05-02,2.6999999999999993,12.0,9.3,232.2,165.0,0.9000000000000004,1.9000000000000004,1.9000000000000004,63.7,2.3000000000000043,2.8,6.500000000000001,20.2,36.7,1020.69,-1.24,0.7193398003386512,0.6946583704589973,2.0,0.0,9.3,6.6,51.0
istanbul,8,2026-05-03,3.8000000000000007,12.0,8.2,45.9,5.100000000000001,-0.40000000000000036,-0.20000000000000107,-0.20000000000000107,85.5,9.299999999999997,5.9,2.299999999999999,26.6,44.6,1015.92,-2.47,0.6819983600624985,0.7313537016191705,0.0,4.6,8.2,4.5,52.0
istanbul,8,2026-05-04,3.5999999999999996,14.0,10.4,82.4,67.4,0.0,0.5999999999999996,0.5999999999999996,78.3,7.5,6.7,3.7,16.2,33.8,1014.8,-1.24,-0.5150380749100545,0.8571673007021121,0.0,0.0,10.4,10.4,53.0
istanbul,8,2026-05-05,3.1999999999999993,15.0,11.8,82.5,52.9,0.10000000000000142,0.10000000000000142,0.10000000000000142,59.6,5.200000000000003,4.2,7.6000000000000005,5.1,10.8,1016.09,-1.24,-0.6427876096865396,0.7660444431189778,0.0,0.0,11.8,11.8,54.0
istanbul,8,2026-05-06,5.0,17.0,12.0,165.7,111.19999999999999,2.9000000000000004,3.5,3.5,76.7,-9.299999999999997,8.1,3.9000000000000004,2.8,7.9,1017.31,0.0,0.9659258262890683,0.25881904510252074,1.0,0.0,12.0,12.0,55.0
istanbul,8,2026-05-07,8.3,22.0,13.7,128.9,78.5,3.5,5.5,5.5,74.6,-14.400000000000006,9.3,4.399999999999999,1.4,4.3,1018.69,0.0,-0.17364817766693047,-0.984807753012208,1.0,0.0,13.7,13.7,56.0
istanbul,8,2026-05-08,8.2,25.0,16.8,106.7,65.30000000000001,0.40000000000000213,0.9000000000000004,0.9000000000000004,65.0,0.20000000000000284,10.2,6.600000000000001,15.4,21.6,1018.08,0.0,-0.7313537016191705,-0.6819983600624986,0.0,0.0,16.8,16.8,57.0
istanbul,8,2026-05-09,7.300000000000001,24.0,16.7,164.0,115.4,1.6999999999999993,2.5999999999999996,2.5999999999999996,74.1,-5.700000000000003,12.1,4.6,14.7,28.1,1016.29,2.47,-0.017452406437283637,-0.9998476951563913,1.0,0.41,16.7,16.7,58.0
istanbul,8,2026-05-10,3.6999999999999993,20.0,16.3,200.9,166.60000000000002,0.6000000000000014,0.7000000000000011,0.7000000000000011,80.5,-0.29999999999999716,13.0,3.3000000000000007,8.8,14.8,1015.82,0.0,-0.8090169943749476,0.5877852522924729,1.0,0.0,16.3,16.3,59.0
istanbul,8,2026-05-11,9.7,26.0,16.3,221.2,171.6,1.5,1.9000000000000004,1.9000000000000004,82.9,-3.799999999999997,13.4,2.9000000000000004,3.0,6.1,1014.9,-1.24,0.24192189559966773,0.9702957262759965,2.0,0.0,16.3,16.3,60.0
istanbul,8,2026-05-12,7.399999999999999,27.0,19.6,184.3,113.60000000000001,0.9000000000000021,1.2000000000000028,1.2000000000000028,70.4,-0.7999999999999972,14.1,5.500000000000002,15.0,21.2,1008.4,-1.24,-0.6819983600624984,-0.7313537016191706,1.0,0.0,19.6,19.6,61.0
istanbul,8,2026-05-13,5.300000000000001,23.0,17.7,203.9,125.10000000000001,1.3999999999999986,2.0,2.0,79.0,-5.5,14.0,3.6999999999999993,8.1,15.8,1005.11,-1.24,-0.9975640502598243,0.06975647374412522,1.0,0.2,17.7,17.7,62.0
istanbul,8,2026-05-14,3.0999999999999996,15.0,11.9,102.1,88.3,-0.5,0.40000000000000036,0.40000000000000036,85.9,5.200000000000003,9.6,2.3000000000000007,9.2,15.8,1006.6,1.24,0.25881904510252074,0.9659258262890683,0.0,1.3,11.9,11.9,63.0
istanbul,8,2026-05-15,7.300000000000001,21.0,13.7,177.3,118.50000000000001,2.5999999999999996,5.1,5.1,78.6,-10.900000000000006,10.1,3.5999999999999996,2.4,6.8,1009.52,1.23,0.5877852522924732,-0.8090169943749473,1.0,0.0,13.7,13.7,64.0
istanbul,8,2026-05-16,10.1,26.0,15.9,209.9,124.60000000000001,0.7000000000000011,2.3000000000000007,2.3000000000000007,66.9,-1.0999999999999943,9.8,6.1,19.4,31.7,1009.31,1.24,-0.34202014332566866,-0.9396926207859084,1.0,0.0,15.9,15.9,65.0
istanbul,8,2026-05-17,5.100000000000001,22.0,16.9,213.6,206.29999999999998,2.4999999999999982,0.09999999999999787,0.09999999999999787,88.9,2.9000000000000057,15.1,1.799999999999999,18.9,31.3,1002.3,1.24,-0.5000000000000001,-0.8660254037844386,1.0,3.2,16.9,16.9,66.0
istanbul,8,2026-05-18,7.5,22.0,14.5,123.8,22.0,0.5999999999999996,1.6999999999999993,1.6999999999999993,77.0,-2.0999999999999943,10.5,4.0,4.8,11.5,1011.51,0.0,-0.9993908270190958,0.03489949670250128,1.0,0.0,14.5,14.5,67.0
istanbul,8,2026-05-19,1.6000000000000014,21.0,19.4,215.8,129.0,3.599999999999998,5.599999999999998,5.599999999999998,62.4,-8.000000000000007,12.0,7.399999999999999,3.6,9.0,1015.1,0.0,-0.9848077530122081,0.17364817766692997,2.0,0.0,19.4,19.4,68.0
istanbul,8,2026-05-20,3.0,19.0,16.0,172.2,96.6,0.5999999999999996,1.1999999999999993,1.1999999999999993,87.6,-3.200000000000003,14.0,2.0,11.9,25.6,1010.3,1.24,-0.3255681544571567,0.9455185755993168,1.0,0.0,16.0,16.0,69.0
istanbul,8,2026-05-21,2.3999999999999986,20.0,17.6,110.3,74.1,0.3000000000000007,0.7000000000000028,0.7000000000000028,72.9,-0.09999999999999432,12.7,4.900000000000002,14.8,27.7,1012.09,-1.24,-0.6691306063588581,0.7431448254773942,1.0,0.3,17.6,17.6,70.0
istanbul,8,2026-05-22,1.8000000000000007,18.0,16.2,98.0,56.3,0.3999999999999986,0.6999999999999993,0.6999999999999993,93.0,-3.0,15.1,1.0999999999999996,6.1,9.7,1013.82,0.0,-0.9902680687415703,-0.13917310096006583,0.0,1.7,16.2,16.2,71.0
istanbul,8,2026-05-23,2.8000000000000007,18.0,15.2,34.3,17.199999999999996,-0.10000000000000142,-0.3000000000000007,-0.3000000000000007,96.0,0.0,14.6,0.5999999999999996,13.1,25.9,1017.51,1.24,0.5299192642332049,0.848048096156426,0.0,0.0,15.2,15.2,72.0
istanbul,8,2026-05-24,4.199999999999999,20.0,15.8,60.5,46.3,0.10000000000000142,-0.1999999999999993,-0.1999999999999993,94.6,-2.4000000000000057,15.0,0.8000000000000007,13.7,28.8,1018.69,2.47,-0.034899496702500823,0.9993908270190958,0.0,0.2,15.8,15.8,73.0
istanbul,8,2026-05-25,4.600000000000001,23.0,18.4,279.6,162.00000000000003,1.0,1.8999999999999986,1.8999999999999986,72.6,-2.4000000000000057,13.5,4.899999999999999,10.3,19.4,1022.59,1.24,-0.5150380749100545,0.8571673007021121,2.0,0.0,18.4,18.4,74.0
istanbul,8,2026-05-26,3.8000000000000007,23.0,19.2,235.8,138.5,1.6999999999999993,3.5999999999999996,3.5999999999999996,56.7,-6.0,10.4,8.799999999999999,9.2,18.4,1022.01,0.0,-0.9271838545667873,-0.3746065934159123,2.0,0.0,19.2,19.2,75.0
istanbul,8,2026-05-27,3.8999999999999986,24.0,20.1,243.0,165.7,3.0,6.600000000000001,6.600000000000001,70.1,-6.1000000000000085,14.5,5.600000000000001,1.8,6.1,1019.2,0.0,-0.9986295347545738,0.052335956242943946,2.0,0.0,20.1,20.1,76.0
istanbul,8,2026-05-28,7.300000000000001,27.0,19.7,238.0,141.2,1.0999999999999979,1.5,1.5,61.0,-1.1000000000000014,12.0,7.699999999999999,19.3,28.1,1012.09,0.0,-0.7880107536067221,-0.6156614753256581,2.0,0.0,19.7,19.7,77.0
istanbul,8,2026-05-29,1.6999999999999993,19.0,17.3,90.8,65.9,0.5,0.6999999999999993,0.6999999999999993,78.6,3.299999999999997,13.5,3.8000000000000007,14.8,32.8,1017.81,-1.24,0.5150380749100542,0.8571673007021123,0.0,0.0,17.3,17.3,78.0
istanbul,8,2026-05-30,8.8,24.0,15.2,218.0,132.2,1.299999999999999,1.5999999999999996,1.5999999999999996,69.0,-2.0,9.6,5.6,9.0,14.0,1019.1,4.94,-0.9781476007338056,-0.2079116908177598,2.0,0.0,15.2,15.2,79.0
istanbul,8,2026-05-31,7.0,26.0,19.0,249.4,141.60000000000002,1.8000000000000007,2.8999999999999986,2.8999999999999986,69.0,-9.0,13.2,5.800000000000001,20.2,27.4,1014.19,-2.06,-0.7660444431189779,-0.6427876096865395,2.0,0.0,19.0,19.0,80.0
istanbul,8,2026-06-01,6.399999999999999,26.0,19.6,247.8,135.4,1.4000000000000021,2.1000000000000014,2.1000000000000014,75.2,-5.0,15.1,4.500000000000002,7.8,12.6,1013.61,0.0,-0.9063077870366502,-0.42261826174069916,2.0,0.0,19.6,19.6,81.0
istanbul,8,2026-06-02,8.899999999999999,30.0,21.1,191.7,92.49999999999999,3.1000000000000014,3.6000000000000014,3.6000000000000014,73.7,-5.599999999999994,16.2,4.900000000000002,2.9,7.9,1015.71,0.0,0.9743700647852352,-0.22495105434386503,1.0,0.0,21.1,21.1,82.0
istanbul,8,2026-06-03,8.899999999999999,30.0,21.1,281.5,152.6,0.7000000000000028,1.6000000000000014,1.6000000000000014,72.0,0.0,15.9,5.200000000000001,11.4,18.4,1013.21,-2.54,-0.35836794954530043,-0.9335804264972017,2.0,0.0,21.2,21.1,83.0
istanbul,8,2026-06-04,8.7,31.0,22.3,246.3,142.9,1.1999999999999993,2.6999999999999993,2.6999999999999993,69.8,-0.20000000000000284,16.6,5.699999999999999,12.3,22.0,1010.8,0.0,-0.48480962024633695,-0.8746197071393959,2.0,0.0,22.4,22.3,84.0
istanbul,8,2026-06-05,1.8000000000000007,22.0,20.2,74.9,15.900000000000006,0.5999999999999979,0.5999999999999979,0.5999999999999979,90.0,-2.0,18.5,1.6999999999999993,11.2,24.1,1013.41,0.0,0.48480962024633706,0.8746197071393957,0.0,0.0,20.2,20.2,85.0
istanbul,8,2026-06-06,3.8999999999999986,22.0,18.1,126.6,93.19999999999999,0.6000000000000014,0.8000000000000007,0.8000000000000007,88.6,-2.4000000000000057,16.2,1.9000000000000021,9.5,18.4,1016.39,1.27,-0.05233595624294437,0.9986295347545738,1.0,0.0,18.1,18.1,86.0
istanbul,8,2026-06-07,4.199999999999999,24.0,19.8,274.5,188.7,0.9000000000000021,1.6999999999999993,1.6999999999999993,86.0,-5.0,17.4,2.400000000000002,12.9,22.7,1017.61,1.27,0.6819983600624985,0.7313537016191705,2.0,0.0,19.8,19.8,87.0
istanbul,8,2026-06-08,3.1000000000000014,24.0,20.9,257.5,178.3,0.8999999999999986,2.1999999999999993,2.1999999999999993,83.0,-6.0,17.9,3.0,10.0,18.0,1018.19,-1.27,0.5299192642332049,0.848048096156426,2.0,0.0,20.9,20.9,88.0
istanbul,8,2026-06-09,2.5,23.0,20.5,309.9,187.7,0.6000000000000014,2.0,2.0,84.6,-0.4000000000000057,17.9,2.6000000000000014,9.0,21.6,1016.29,1.27,0.573576436351046,0.8191520442889918,2.0,0.1,20.5,20.5,89.0
istanbul,8,2026-06-10,3.0,24.0,21.0,270.3,179.5,1.0,2.1999999999999993,2.1999999999999993,81.1,-4.900000000000006,17.7,3.3000000000000007,11.1,22.7,1015.41,0.0,0.8910065241883678,0.4539904997395468,2.0,0.0,21.0,21.0,90.0
istanbul,8,2026-06-11,4.199999999999999,24.0,19.8,275.5,186.9,0.5,2.1000000000000014,2.1000000000000014,88.0,-1.0999999999999943,17.8,2.0,10.2,19.8,1015.31,1.27,0.8910065241883678,0.4539904997395468,2.0,0.0,19.8,19.8,91.0
istanbul,10,2026-03-12,0.7000000000000002,8.0,7.3,69.0,36.0,0.39999999999999947,0.8999999999999995,1.2000000000000002,77.9,-1.2999999999999972,3.6,3.6999999999999997,10.9,20.5,1024.99,0.0,0.7431448254773942,0.6691306063588582,0.0,0.0,7.3,5.3,0.0
istanbul,10,2026-03-13,2.4000000000000004,9.0,6.6,96.1,65.89999999999999,0.6999999999999993,0.6999999999999993,0.6999999999999993,74.7,-3.299999999999997,2.4,4.199999999999999,10.7,24.8,1022.49,0.0,0.9205048534524404,0.3907311284892737,0.0,0.0,6.6,4.6,1.0
istanbul,10,2026-03-14,1.5999999999999996,9.0,7.4,75.1,38.599999999999994,0.6000000000000005,1.0,1.2000000000000002,73.0,-7.0,2.9,4.5,13.7,27.7,1015.51,1.24,0.7771459614569709,0.6293203910498375,0.0,0.0,7.4,5.0,2.0
istanbul,10,2026-03-15,1.7000000000000002,9.0,7.3,46.8,21.9,0.09999999999999964,0.0,0.09999999999999964,82.0,-2.0999999999999943,4.4,2.8999999999999995,17.5,32.8,1010.8,1.27,0.4067366430758002,0.9135454576426009,0.0,0.0,7.3,4.4,3.0
istanbul,10,2026-03-16,2.0,9.0,7.0,67.4,31.800000000000004,-0.20000000000000018,0.20000000000000018,0.5999999999999996,85.8,2.799999999999997,4.8,2.2,10.4,20.9,1016.8,-1.24,0.3090169943749474,0.9510565162951535,0.0,0.0,7.0,5.1,4.0
istanbul,10,2026-03-17,1.0999999999999996,9.0,7.9,221.7,87.5,1.1000000000000005,2.0,2.4000000000000004,82.6,-12.400000000000006,5.1,2.8000000000000007,10.3,20.5,1019.71,1.24,0.9271838545667874,0.37460659341591196,2.0,0.0,7.9,6.1,5.0
istanbul,10,2026-03-18,1.5,9.0,7.5,98.7,44.900000000000006,0.09999999999999964,0.40000000000000036,0.5,88.0,0.0,5.7,1.7999999999999998,17.0,30.6,1017.51,-2.54,0.8480480961564261,0.5299192642332049,0.0,0.0,7.5,4.7,6.0
istanbul,10,2026-03-19,2.2,10.0,7.8,165.7,56.599999999999994,0.2999999999999998,0.5999999999999996,0.5,78.2,-5.799999999999997,4.2,3.5999999999999996,29.5,59.4,1015.1,-4.94,0.7431448254773942,0.6691306063588582,1.0,0.0,7.8,3.8,7.0
istanbul,10,2026-03-20,1.2000000000000002,7.0,5.8,61.3,32.5,0.09999999999999964,0.20000000000000018,-0.20000000000000018,96.0,0.0,5.2,0.5999999999999996,26.0,47.5,1008.81,0.0,0.5591929034707469,0.8290375725550417,0.0,20.7,5.8,1.5,8.0
istanbul,10,2026-03-21,0.5999999999999996,8.0,7.4,34.0,11.7,0.0,0.10000000000000053,0.5,98.0,0.0,7.1,0.3000000000000007,15.9,33.5,1006.91,0.0,0.39073112848927377,0.9205048534524404,0.0,5.21,7.4,4.6,9.0
istanbul,10,2026-03-22,0.5999999999999996,8.0,7.4,23.6,11.000000000000002,0.0,0.10000000000000053,-0.2999999999999998,99.0,0.0,7.3,0.10000000000000053,15.7,29.5,1012.39,-2.47,0.5299192642332049,0.848048096156426,0.0,4.39,7.4,4.7,10.0
istanbul,10,2026-03-23,1.7000000000000002,8.0,6.3,36.9,7.899999999999999,-0.10000000000000053,0.20000000000000018,0.0,99.0,0.0,6.2,0.09999999999999964,12.4,24.1,1013.82,0.0,-0.5735764363510465,0.8191520442889916,0.0,3.91,6.3,3.9,11.0
istanbul,10,2026-03-24,1.4000000000000004,9.0,7.6,114.2,92.4,0.39999999999999947,0.39999999999999947,0.1999999999999993,97.0,-2.0,7.2,0.39999999999999947,10.4,19.1,1012.8,2.58,0.24192189559966773,0.9702957262759965,1.0,2.31,7.6,5.7,12.0
istanbul,10,2026-03-25,1.9000000000000004,11.0,9.1,332.4,118.69999999999999,0.9000000000000004,1.6999999999999993,1.5999999999999996,86.2,-7.799999999999997,7.0,2.0999999999999996,24.6,41.8,1010.8,1.24,0.7071067811865476,0.7071067811865476,3.0,2.01,9.1,5.9,13.0
istanbul,10,2026-03-26,1.6999999999999993,11.0,9.3,361.6,189.50000000000003,0.5,3.000000000000001,3.3000000000000007,82.1,-3.9000000000000057,6.4,2.9000000000000004,8.8,17.3,1008.5,-3.71,0.9902680687415704,-0.13917310096006535,3.0,0.0,9.3,8.1,14.0
istanbul,10,2026-03-27,6.0,19.0,13.0,319.4,138.89999999999998,1.1999999999999993,4.5,6.7,68.9,-6.699999999999989,7.5,5.5,8.6,18.4,1006.1,-1.24,-0.17364817766693047,-0.984807753012208,2.0,0.0,13.0,13.0,15.0
istanbul,10,2026-03-28,2.3000000000000007,12.0,9.7,52.8,-51.7,-0.40000000000000036,-0.6000000000000014,0.09999999999999964,88.0,3.5999999999999943,7.8,1.8999999999999995,11.2,24.1,1005.38,0.0,-0.15643446504023073,-0.9876883405951378,0.0,4.19,9.7,8.1,16.0
istanbul,10,2026-03-29,1.0,10.0,9.0,83.3,28.4,0.5999999999999996,0.6999999999999993,0.40000000000000036,98.0,0.0,8.7,0.3000000000000007,9.7,19.1,999.39,1.24,-0.798635510047293,0.6018150231520479,0.0,4.09,9.0,7.6,17.0
istanbul,10,2026-03-30,1.5999999999999996,11.0,9.4,69.5,31.5,0.09999999999999964,0.9000000000000004,1.7000000000000002,96.0,-1.0,8.8,0.5999999999999996,14.4,36.0,1005.79,0.0,-0.798635510047293,0.6018150231520479,0.0,21.31,9.4,7.4,18.0
istanbul,10,2026-03-31,6.199999999999999,17.0,10.8,108.8,39.7,0.5,1.0,1.5,88.8,-2.200000000000003,9.1,1.700000000000001,10.7,18.0,1009.58,2.06,-0.6018150231520484,-0.7986355100472928,1.0,0.0,10.8,10.8,19.0
istanbul,10,2026-04-01,1.8000000000000007,13.0,11.2,357.5,140.5,0.0,0.8999999999999986,1.0,87.5,2.0,9.2,2.0,8.2,19.1,1013.11,1.24,0.6156614753256583,0.7880107536067219,3.0,0.0,11.2,11.2,20.0
istanbul,10,2026-04-02,6.4,17.0,10.6,401.7,302.0,1.299999999999999,1.799999999999999,2.0,98.0,-0.5,10.3,0.29999999999999893,6.0,13.3,998.71,-1.24,-0.9271838545667874,0.37460659341591196,3.0,8.1,10.6,10.6,21.0
istanbul,10,2026-04-03,5.4,18.0,12.6,480.8,266.3,0.6999999999999993,1.5999999999999996,2.0,76.3,-1.7999999999999972,8.6,4.0,11.9,30.6,1005.69,-1.24,-0.275637355816999,-0.9612616959383189,4.0,0.61,12.6,12.6,22.0
istanbul,10,2026-04-04,3.5,13.0,9.5,96.9,-42.400000000000006,-0.5999999999999996,-0.5999999999999996,-0.6999999999999993,96.4,0.4000000000000057,9.0,0.5,9.4,16.9,1012.39,1.24,-0.01745240643728356,0.9998476951563913,0.0,0.71,9.5,8.2,23.0
istanbul,10,2026-04-05,1.1999999999999993,14.0,12.8,357.8,117.4,1.200000000000001,2.9000000000000004,3.1000000000000014,77.8,-11.900000000000006,9.0,3.8000000000000007,12.8,25.6,1021.91,-1.24,0.42261826174069944,0.9063077870366499,3.0,2.49,12.8,12.8,24.0
istanbul,10,2026-04-06,3.6999999999999993,18.0,14.3,374.7,118.39999999999998,1.4000000000000004,4.700000000000001,6.700000000000001,57.9,-15.100000000000001,6.2,8.100000000000001,5.9,10.8,1023.71,2.47,0.9876883405951378,0.15643446504023092,3.0,0.0,14.3,14.3,25.0
istanbul,10,2026-04-07,2.0,13.0,11.0,235.1,-75.9,0.0,-0.5999999999999996,0.0,84.7,-1.0999999999999943,8.5,2.5,11.0,24.8,1019.71,2.48,-0.29237170472273716,0.9563047559630353,2.0,0.0,11.0,11.0,26.0
istanbul,10,2026-04-08,2.5,16.0,13.5,203.6,80.19999999999999,0.5999999999999996,2.0,2.4000000000000004,59.0,-7.200000000000003,5.7,7.8,13.9,24.1,1012.29,1.23,-0.9925461516413221,-0.12186934340514717,1.0,0.0,13.5,13.5,27.0
istanbul,10,2026-04-09,2.0999999999999996,13.0,10.9,273.6,32.30000000000001,-0.1999999999999993,1.5999999999999996,5.4,57.2,6.100000000000001,2.8,8.100000000000001,14.3,20.2,1015.71,1.23,-0.9876883405951377,-0.15643446504023104,2.0,0.0,10.9,10.9,28.0
istanbul,10,2026-04-10,0.09999999999999964,9.0,8.9,467.6,420.20000000000005,1.3000000000000007,1.8000000000000007,3.5,77.8,-8.5,5.2,3.7,3.9,13.3,1017.31,0.0,0.8571673007021123,0.5150380749100542,4.0,0.0,8.9,8.6,29.0
istanbul,10,2026-04-11,3.6999999999999993,12.0,8.3,361.9,192.7,-0.09999999999999964,2.500000000000001,4.700000000000001,71.5,-4.5,3.5,4.800000000000001,4.8,8.6,1021.3,2.47,0.5446390350150273,-0.8386705679454239,3.0,0.0,8.3,7.9,30.0
istanbul,10,2026-04-12,1.9000000000000004,12.0,10.1,180.9,61.30000000000001,0.5999999999999996,1.6999999999999993,3.0,55.7,-0.09999999999999432,1.6,8.5,6.0,11.5,1021.91,-1.24,0.4383711467890774,0.898794046299167,1.0,0.0,10.1,9.9,31.0
istanbul,10,2026-04-13,2.0,12.0,10.0,381.3,141.0,1.1999999999999993,2.7,4.9,66.0,-6.099999999999994,4.0,6.0,13.4,24.5,1024.01,-2.48,0.984807753012208,0.17364817766693041,3.0,0.0,10.0,8.2,32.0
istanbul,10,2026-04-14,1.1999999999999993,13.0,11.8,372.8,61.5,1.1000000000000014,3.1000000000000014,5.200000000000001,62.0,-5.200000000000003,4.8,7.000000000000001,17.9,31.7,1024.42,0.0,0.9945218953682733,0.10452846326765346,3.0,0.0,11.8,11.8,33.0
istanbul,10,2026-04-15,0.40000000000000036,12.0,11.6,388.1,138.40000000000003,1.0,2.4000000000000004,3.8999999999999995,78.6,-4.200000000000003,8.1,3.5,13.9,26.6,1022.59,0.0,0.9612616959383189,0.27563735581699916,3.0,0.0,11.6,11.6,34.0
istanbul,10,2026-04-16,1.5,12.0,10.5,174.6,40.5,0.5999999999999996,1.0999999999999996,1.4000000000000004,82.7,-1.5999999999999943,7.7,2.8,15.7,30.2,1020.69,0.0,0.5591929034707469,0.8290375725550417,1.0,0.0,10.5,10.5,35.0
istanbul,10,2026-04-17,1.6999999999999993,12.0,10.3,281.7,167.7,0.20000000000000107,0.5,0.7000000000000011,83.6,-2.4000000000000057,7.7,2.6000000000000005,19.8,37.1,1015.92,-2.54,0.7313537016191705,0.6819983600624985,2.0,0.0,10.3,10.3,36.0
istanbul,10,2026-04-18,2.5,14.0,11.5,163.1,12.799999999999983,0.09999999999999964,0.5999999999999996,1.0,77.6,-1.3000000000000114,7.7,3.8,23.3,41.8,1011.21,-3.69,0.24192189559966773,0.9702957262759965,1.0,0.0,11.5,11.5,37.0
istanbul,10,2026-04-19,1.3000000000000007,15.0,13.7,397.4,125.09999999999997,1.0999999999999996,3.1999999999999993,5.199999999999999,66.3,-2.700000000000003,7.6,6.1,8.5,19.4,1016.8,2.47,0.27563735581699916,0.9612616959383189,3.0,0.0,13.7,13.7,38.0
istanbul,10,2026-04-20,5.9,20.0,14.1,386.2,104.30000000000001,2.1999999999999993,4.199999999999999,5.699999999999999,47.1,-12.100000000000001,3.0,11.1,8.6,19.8,1016.7,0.0,-0.656059028990507,-0.7547095802227721,3.0,0.1,14.1,14.1,39.0
istanbul,10,2026-04-21,0.10000000000000142,18.0,17.9,386.8,211.5,3.799999999999999,5.499999999999998,5.599999999999998,50.4,-14.199999999999996,7.4,10.499999999999998,3.6,7.6,1012.9,-1.24,0.8571673007021123,0.5150380749100542,3.0,0.0,17.9,17.9,40.0
istanbul,10,2026-04-22,1.0,10.0,9.0,107.0,67.1,0.0,-0.09999999999999964,0.0,95.0,0.0,8.3,0.6999999999999993,17.1,31.7,1015.21,2.46,0.7193398003386512,0.6946583704589973,0.0,6.91,9.0,6.6,41.0
istanbul,10,2026-04-23,4.1,14.0,9.9,253.2,134.39999999999998,0.5,0.7000000000000011,1.3000000000000007,72.4,-3.5,5.2,4.7,13.6,24.8,1016.29,0.0,0.9205048534524404,0.3907311284892737,2.0,0.0,9.9,8.1,42.0
istanbul,10,2026-04-24,5.0,18.0,13.0,295.2,-9.600000000000023,1.0999999999999996,2.5999999999999996,4.199999999999999,75.5,-3.5,8.8,4.199999999999999,16.0,31.7,1014.49,1.24,-0.848048096156426,-0.529919264233205,2.0,0.0,13.0,13.0,43.0
istanbul,10,2026-04-25,1.1999999999999993,19.0,17.8,257.5,-48.0,2.200000000000001,3.700000000000001,5.700000000000001,44.2,-1.0999999999999943,5.5,12.3,3.0,7.2,1016.49,-2.47,-0.9986295347545738,-0.052335956242944306,2.0,0.0,17.8,17.8,44.0
istanbul,10,2026-04-26,5.600000000000001,24.0,18.4,298.0,-20.899999999999977,1.2999999999999972,3.1999999999999993,4.899999999999999,39.9,-0.8999999999999986,4.6,13.799999999999999,13.4,20.9,1014.19,0.0,-0.6156614753256582,-0.788010753606722,2.0,0.0,18.4,18.4,45.0
istanbul,10,2026-04-27,4.199999999999999,16.0,11.8,383.0,47.80000000000001,-0.09999999999999964,0.6000000000000014,1.200000000000001,64.6,4.799999999999997,5.3,6.500000000000001,24.4,46.8,1024.99,4.96,0.8191520442889918,0.573576436351046,3.0,0.0,11.8,11.8,46.0
istanbul,10,2026-04-28,1.5,13.0,11.5,383.1,59.60000000000002,0.5999999999999996,1.3000000000000007,4.2,65.5,-1.7000000000000028,5.3,6.2,12.5,23.8,1020.39,0.0,0.8571673007021123,0.5150380749100542,3.0,0.0,11.5,11.5,47.0
istanbul,10,2026-04-29,1.5,14.0,12.5,397.3,72.69999999999999,0.9000000000000004,2.4000000000000004,5.2,67.3,-4.700000000000003,6.7,5.8,9.7,22.0,1021.0,-1.24,0.6691306063588582,0.7431448254773942,3.0,0.0,12.5,12.5,48.0
istanbul,10,2026-04-30,2.1999999999999993,14.0,11.8,255.6,16.299999999999983,0.40000000000000036,0.8000000000000007,2.5,75.3,-2.799999999999997,7.6,4.200000000000001,17.7,31.3,1020.01,2.48,0.9455185755993167,0.32556815445715676,2.0,0.0,11.8,11.8,49.0
istanbul,10,2026-05-01,2.1999999999999993,11.0,8.8,47.3,-70.10000000000001,0.5,0.7000000000000011,0.7000000000000011,90.0,-3.0,7.3,1.5000000000000009,20.4,41.0,1020.59,-2.47,0.6946583704589973,0.7193398003386512,0.0,22.2,8.8,5.9,50.0
istanbul,10,2026-05-02,2.4000000000000004,12.0,9.6,476.3,378.9,1.1999999999999993,0.29999999999999893,2.1999999999999993,68.0,-3.200000000000003,4.0,5.6,20.5,34.6,1020.39,2.06,0.0697564737441253,0.9975640502598242,4.0,0.0,9.6,6.8,51.0
istanbul,10,2026-05-03,2.4000000000000004,12.0,9.6,135.2,-29.400000000000006,0.40000000000000036,1.4000000000000004,1.1999999999999993,80.4,-3.0,6.4,3.1999999999999993,30.5,61.6,1015.82,1.24,0.7771459614569709,0.6293203910498375,1.0,5.11,9.6,6.2,52.0
istanbul,10,2026-05-04,3.0,14.0,11.0,249.3,93.60000000000002,0.3000000000000007,0.5999999999999996,1.1999999999999993,70.4,-1.2999999999999972,5.9,5.1,20.2,48.2,1015.41,-1.24,-0.3090169943749477,0.9510565162951535,2.0,0.0,11.0,11.0,53.0
istanbul,10,2026-05-05,2.1999999999999993,15.0,12.8,445.0,216.3,0.40000000000000036,1.0,1.1000000000000014,63.1,-1.8999999999999986,5.9,6.9,14.6,25.6,1017.0,1.23,0.5150380749100542,0.8571673007021123,4.0,0.0,12.8,12.8,54.0
istanbul,10,2026-05-06,0.6999999999999993,17.0,16.3,471.0,146.2,3.0,4.300000000000001,7.800000000000001,54.3,-19.200000000000003,7.1,9.200000000000001,3.6,9.0,1017.31,-1.24,0.06975647374412552,-0.9975640502598242,4.0,0.0,16.3,16.3,55.0
istanbul,10,2026-05-07,5.399999999999999,22.0,16.6,481.6,147.10000000000002,1.200000000000001,2.900000000000002,8.400000000000002,59.6,-7.800000000000004,8.7,7.900000000000002,14.3,23.0,1018.9,-1.24,-0.6691306063588582,-0.7431448254773942,4.0,0.0,16.6,16.6,56.0
istanbul,10,2026-05-08,4.600000000000001,25.0,20.4,559.2,206.80000000000007,1.5,3.599999999999998,4.499999999999998,48.7,-11.099999999999994,9.3,11.099999999999998,19.3,31.3,1018.19,-2.05,-0.8746197071393959,-0.48480962024633684,5.0,0.0,20.4,20.4,57.0
istanbul,10,2026-05-09,6.100000000000001,24.0,17.9,175.2,-38.60000000000002,1.0,1.1999999999999993,3.799999999999999,70.0,-4.0,12.4,5.499999999999998,15.3,24.5,1016.29,-2.06,-0.2419218955996675,-0.9702957262759965,1.0,0.41,17.9,17.9,58.0
istanbul,10,2026-05-10,1.1999999999999993,20.0,18.8,489.1,143.60000000000002,1.0,2.5,3.200000000000001,71.0,-7.400000000000006,13.5,5.300000000000001,9.0,16.9,1015.98,4.55,0.0697564737441253,0.9975640502598242,4.0,0.0,18.8,18.8,59.0
istanbul,10,2026-05-11,4.800000000000001,26.0,21.2,499.4,130.59999999999997,1.8000000000000007,4.899999999999999,6.799999999999999,66.4,-3.6999999999999886,14.7,6.5,5.9,14.8,1014.9,-3.71,-0.3255681544571567,0.9455185755993168,4.0,0.0,21.1,21.2,60.0
istanbul,10,2026-05-12,5.199999999999999,27.0,21.8,507.7,169.3,1.1000000000000014,2.1999999999999993,3.400000000000002,64.5,-3.200000000000003,14.8,7.0,22.9,31.7,1007.69,1.23,-0.6946583704589973,-0.7193398003386511,4.0,0.0,21.7,21.8,61.0
istanbul,10,2026-05-13,2.5,23.0,20.5,489.7,127.09999999999997,1.5,2.8000000000000007,4.800000000000001,65.0,-8.200000000000003,13.7,6.800000000000001,9.4,11.9,1005.11,-1.24,-0.9986295347545738,-0.052335956242944306,4.0,0.2,20.5,20.5,62.0
istanbul,10,2026-05-14,2.6999999999999993,15.0,12.3,56.9,-58.9,-0.5999999999999996,0.40000000000000036,0.8000000000000007,79.0,4.400000000000006,8.8,3.5,17.3,33.1,1007.21,-1.23,0.1908089953765448,0.981627183447664,0.0,1.3,12.3,12.3,63.0
istanbul,10,2026-05-15,5.300000000000001,21.0,15.7,508.7,148.2,-0.3000000000000007,2.0,7.1,51.1,-11.100000000000001,5.6,10.1,7.9,16.9,1009.89,-1.24,-0.9876883405951377,-0.15643446504023104,4.0,0.0,15.7,15.7,64.0
istanbul,10,2026-05-16,7.199999999999999,26.0,18.8,519.1,154.70000000000005,1.1000000000000014,2.9000000000000004,5.200000000000001,55.8,-4.0,9.9,8.9,15.6,24.8,1009.21,-1.23,-0.32556815445715676,-0.9455185755993167,4.0,0.0,18.8,18.8,65.0
istanbul,10,2026-05-17,3.3999999999999986,22.0,18.6,572.3,63.299999999999955,0.3000000000000007,1.7000000000000028,1.8000000000000007,78.5,-2.0999999999999943,14.8,3.8000000000000007,20.9,34.6,1002.2,0.0,-0.9335804264972016,-0.3583679495453007,5.0,3.2,18.6,18.6,66.0
istanbul,10,2026-05-18,5.5,22.0,16.5,643.8,146.29999999999995,1.3000000000000007,2.0,3.6999999999999993,72.0,-3.0,11.4,5.1,10.2,20.5,1012.5,3.71,-0.9848077530122081,0.17364817766692997,5.0,0.0,16.5,16.5,67.0
istanbul,10,2026-05-19,0.6000000000000014,21.0,20.4,523.8,157.79999999999995,0.5999999999999979,1.0,6.599999999999998,61.3,-0.4000000000000057,12.7,7.699999999999999,7.0,15.5,1014.9,0.0,-0.20791169081775987,0.9781476007338056,4.0,0.0,20.4,20.4,68.0
istanbul,10,2026-05-20,2.3999999999999986,19.0,16.6,92.5,-158.9,-0.29999999999999716,0.6000000000000014,1.8000000000000007,86.0,2.700000000000003,14.3,2.3000000000000007,8.5,20.2,1010.7,2.47,-0.19080899537654467,0.981627183447664,0.0,0.3,16.6,16.6,69.0
istanbul,10,2026-05-21,0.8000000000000007,20.0,19.2,560.0,404.6,0.6999999999999993,1.5999999999999979,2.3000000000000007,67.8,-2.1000000000000085,13.1,6.1,14.5,27.4,1012.39,-2.46,-0.13917310096006588,0.9902680687415703,5.0,0.3,19.2,19.2,70.0
istanbul,10,2026-05-22,0.8999999999999986,18.0,17.1,169.1,3.9000000000000057,0.5,0.9000000000000021,1.6000000000000014,89.9,-1.0999999999999943,15.5,1.6000000000000014,7.1,14.8,1014.7,1.24,-0.6819983600624983,0.7313537016191707,1.0,1.7,17.1,17.1,71.0
istanbul,10,2026-05-23,1.8999999999999986,18.0,16.1,210.8,89.9,0.7000000000000011,0.9000000000000021,0.6000000000000014,89.0,-6.599999999999994,14.3,1.8000000000000007,12.9,27.0,1018.02,1.24,0.573576436351046,0.8191520442889918,1.0,0.0,16.1,16.1,72.0
istanbul,10,2026-05-24,2.5,20.0,17.5,347.7,64.30000000000001,0.8999999999999986,1.6999999999999993,1.5,86.3,-3.799999999999997,15.2,2.3000000000000007,18.3,31.7,1019.3,1.24,0.1908089953765448,0.981627183447664,3.0,0.2,17.5,17.5,73.0
istanbul,10,2026-05-25,2.6999999999999993,23.0,20.3,580.8,73.79999999999995,1.1999999999999993,1.9000000000000021,3.8000000000000007,62.8,-6.700000000000003,13.0,7.300000000000001,10.7,25.6,1023.3,2.47,0.1908089953765448,0.981627183447664,5.0,0.0,20.3,20.3,74.0
istanbul,10,2026-05-26,0.1999999999999993,23.0,22.8,559.0,152.0,2.400000000000002,3.6000000000000014,7.200000000000001,54.3,0.3999999999999986,13.1,9.700000000000001,7.3,16.6,1022.22,0.0,-0.6293203910498378,0.7771459614569706,5.0,0.0,22.5,22.8,75.0
istanbul,10,2026-05-27,1.1000000000000014,24.0,22.9,577.3,147.49999999999994,1.1999999999999993,2.799999999999997,9.399999999999999,55.5,-6.299999999999997,13.5,9.399999999999999,4.4,8.3,1018.59,0.0,-0.6691306063588581,0.7431448254773942,5.0,0.0,22.7,22.9,76.0
istanbul,10,2026-05-28,2.8000000000000007,27.0,24.2,561.6,90.20000000000005,2.099999999999998,4.5,6.0,52.9,-3.700000000000003,14.0,10.2,12.8,22.7,1011.72,0.0,-0.981627183447664,-0.1908089953765446,5.0,0.0,24.1,24.2,77.0
istanbul,10,2026-05-29,4.199999999999999,19.0,14.8,204.1,148.89999999999998,-0.1999999999999993,-2.5,-1.8000000000000007,74.0,-5.700000000000003,10.2,4.600000000000001,22.4,37.1,1020.12,2.47,0.8480480961564261,0.5299192642332049,1.0,0.0,14.8,14.8,78.0
istanbul,10,2026-05-30,5.0,24.0,19.0,565.0,191.0,1.8000000000000007,3.8000000000000007,5.4,52.4,-9.600000000000001,9.0,10.0,23.7,31.0,1018.29,-2.47,-0.6293203910498376,-0.7771459614569708,5.0,0.0,19.0,19.0,79.0
istanbul,10,2026-05-31,6.0,26.0,20.0,193.5,-226.5,-0.1999999999999993,1.0,3.8999999999999986,66.0,2.0,13.5,6.5,24.5,28.4,1014.19,4.53,-0.9925461516413221,-0.12186934340514717,1.0,0.0,20.0,20.0,80.0
istanbul,10,2026-06-01,4.300000000000001,26.0,21.7,580.5,148.10000000000002,1.0,2.099999999999998,4.199999999999999,69.4,-1.5,15.9,5.799999999999999,13.5,22.0,1013.82,2.47,-0.9335804264972016,-0.3583679495453007,5.0,0.0,21.7,21.7,81.0
istanbul,10,2026-06-02,6.100000000000001,30.0,23.9,559.9,151.7,1.8999999999999986,2.799999999999997,6.399999999999999,59.8,-6.200000000000003,15.7,8.2,14.5,22.7,1015.21,1.24,-0.275637355816999,-0.9612616959383189,5.0,0.0,23.9,23.9,82.0
istanbul,10,2026-06-03,6.100000000000001,30.0,23.9,751.2,208.60000000000002,0.6999999999999993,2.799999999999997,4.399999999999999,62.4,-1.3000000000000043,16.3,7.599999999999998,10.5,20.2,1013.21,-3.81,-0.45399049973954664,-0.8910065241883679,6.0,0.0,24.0,23.9,83.0
istanbul,10,2026-06-04,5.5,31.0,25.5,559.4,145.79999999999995,1.6999999999999993,3.1999999999999993,5.899999999999999,57.4,-8.199999999999996,16.5,9.0,12.3,23.8,1011.11,1.27,-0.22495105434386498,-0.9743700647852352,5.0,0.0,25.6,25.5,84.0
istanbul,10,2026-06-05,1.3000000000000007,22.0,20.7,387.3,205.4,-0.10000000000000142,0.5,1.0999999999999979,85.2,-1.5,18.1,2.599999999999998,13.1,24.8,1014.29,2.54,0.5877852522924731,0.8090169943749475,3.0,0.0,20.7,20.7,85.0
istanbul,10,2026-06-06,2.6000000000000014,22.0,19.4,698.1,525.4000000000001,1.0999999999999979,1.2999999999999972,2.099999999999998,82.7,-4.299999999999997,16.4,3.0,11.6,25.2,1016.9,-1.27,0.573576436351046,0.8191520442889918,6.0,0.0,19.4,19.4,86.0
istanbul,10,2026-06-07,2.1999999999999993,24.0,21.8,580.9,156.39999999999998,1.0,2.0,3.6999999999999993,76.6,-4.200000000000003,17.6,4.199999999999999,8.0,20.5,1017.31,1.27,0.8191520442889918,0.573576436351046,5.0,0.0,22.1,21.8,87.0
istanbul,10,2026-06-08,1.5,24.0,22.5,588.3,165.19999999999993,0.5,1.6000000000000014,3.8000000000000007,69.5,-5.900000000000006,16.7,5.800000000000001,11.3,28.8,1018.59,5.08,0.6819983600624985,0.7313537016191705,5.0,0.0,22.6,22.5,88.0
istanbul,10,2026-06-09,1.1999999999999993,23.0,21.8,709.1,222.10000000000002,0.9000000000000021,1.3000000000000007,3.3000000000000007,73.0,-4.900000000000006,16.8,5.0,14.8,36.0,1016.59,5.08,0.8191520442889918,0.573576436351046,6.0,0.1,21.9,21.8,89.0
istanbul,10,2026-06-10,1.8000000000000007,24.0,22.2,613.6,185.8,0.3999999999999986,1.1999999999999993,3.3999999999999986,73.6,-0.5,17.3,4.899999999999999,12.7,30.2,1015.71,0.0,0.754709580222772,0.6560590289905073,5.0,0.0,22.4,22.2,90.0
istanbul,10,2026-06-11,1.3999999999999986,24.0,22.6,628.3,144.59999999999997,1.6000000000000014,2.8000000000000007,4.900000000000002,73.4,-4.699999999999989,17.6,5.0,6.8,14.8,1015.31,2.54,0.7313537016191705,0.6819983600624985,5.0,0.0,22.8,22.6,91.0
istanbul,12,2026-03-12,-0.09999999999999964,8.0,8.1,152.7,31.499999999999986,0.5999999999999996,0.7999999999999998,2.0,74.0,-2.9000000000000057,3.8,4.3,9.5,16.9,1025.09,4.94,0.6018150231520483,0.7986355100472928,1.0,0.0,8.1,6.6,0.0
istanbul,12,2026-03-13,1.2999999999999998,9.0,7.7,672.6,518.7,0.6000000000000005,1.1000000000000005,1.7999999999999998,70.3,-2.200000000000003,2.7,5.0,16.3,30.6,1022.38,2.07,0.7313537016191705,0.6819983600624985,6.0,0.0,7.7,5.0,1.0
istanbul,12,2026-03-14,1.0,9.0,8.0,309.7,229.7,0.7999999999999998,0.5999999999999996,1.7999999999999998,70.9,-7.699999999999989,3.1,4.9,13.8,28.1,1015.21,1.24,0.9396926207859083,0.3420201433256688,2.0,0.0,8.0,5.8,2.0
istanbul,12,2026-03-15,1.2000000000000002,9.0,7.8,132.9,66.2,0.2999999999999998,0.5,0.5999999999999996,79.1,-4.6000000000000085,4.4,3.3999999999999995,15.0,30.6,1011.62,2.53,0.20791169081775934,0.9781476007338057,1.0,0.0,7.8,5.3,3.0
istanbul,12,2026-03-16,1.5999999999999996,9.0,7.4,184.2,7.299999999999983,0.0,0.40000000000000036,1.0,82.0,-0.29999999999999716,4.5,2.9000000000000004,10.1,21.6,1017.81,1.24,-0.19080899537654467,0.981627183447664,1.0,0.0,7.4,5.7,4.0
istanbul,12,2026-03-17,-0.3000000000000007,9.0,9.3,497.3,-26.80000000000001,0.3000000000000007,1.4000000000000004,3.8000000000000007,72.3,-6.799999999999997,4.6,4.700000000000001,15.5,30.2,1019.51,-2.55,0.7771459614569709,0.6293203910498375,4.0,0.0,9.3,7.1,5.0
istanbul,12,2026-03-18,1.0,9.0,8.0,143.6,66.19999999999999,0.2999999999999998,0.5,1.0,88.0,0.0,6.1,1.9000000000000004,24.9,42.8,1017.51,-1.27,0.6691306063588582,0.7431448254773942,1.0,0.0,8.0,4.4,6.0
istanbul,12,2026-03-19,1.3000000000000007,10.0,8.7,500.5,258.6,0.1999999999999993,0.8999999999999995,1.3999999999999995,70.4,-3.8999999999999915,3.6,5.1,30.1,52.9,1014.49,2.48,0.7071067811865476,0.7071067811865476,4.0,0.0,8.7,5.0,7.0
istanbul,12,2026-03-20,1.7000000000000002,7.0,5.3,123.9,-0.29999999999999716,-0.40000000000000036,-0.5,-0.7000000000000002,96.0,1.0,4.7,0.5999999999999996,24.9,46.1,1009.41,2.48,0.42261826174069944,0.9063077870366499,1.0,26.01,5.3,1.0,8.0
istanbul,12,2026-03-21,0.5,8.0,7.5,39.0,5.299999999999997,0.20000000000000018,0.09999999999999964,0.5999999999999996,97.0,0.0,7.1,0.40000000000000036,22.5,44.6,1007.48,0.0,0.6156614753256583,0.7880107536067219,0.0,6.81,7.5,4.1,9.0
istanbul,12,2026-03-22,0.0,8.0,8.0,64.9,21.800000000000004,0.2999999999999998,0.5999999999999996,0.2999999999999998,99.0,0.0,7.9,0.09999999999999964,18.1,29.9,1012.5,1.24,0.6819983600624985,0.7313537016191705,0.0,5.11,8.0,5.1,10.0
istanbul,12,2026-03-23,1.2999999999999998,8.0,6.7,76.8,8.0,0.2999999999999998,0.40000000000000036,0.40000000000000036,99.0,0.0,6.6,0.10000000000000053,11.3,29.2,1013.82,2.48,-0.37460659341591235,0.9271838545667873,0.0,4.6,6.7,4.8,11.0
istanbul,12,2026-03-24,1.2999999999999998,9.0,7.7,92.3,5.200000000000003,0.10000000000000053,0.10000000000000053,0.2999999999999998,97.0,1.0,7.3,0.40000000000000036,9.5,17.3,1013.0,1.27,0.6819983600624985,0.7313537016191705,0.0,2.31,7.7,6.1,12.0
istanbul,12,2026-03-25,1.5,11.0,9.5,313.4,-180.20000000000005,-0.40000000000000036,0.40000000000000036,2.0,83.3,-1.5,6.8,2.7,18.9,33.5,1010.8,0.0,0.4694715627858908,0.882947592858927,2.0,2.01,9.5,6.9,13.0
istanbul,12,2026-03-26,-0.09999999999999964,11.0,11.1,302.3,-319.8,0.9000000000000004,1.799999999999999,5.1,77.0,2.200000000000003,7.2,3.8999999999999995,5.9,13.7,1007.99,-3.71,0.12186934340514748,0.992546151641322,2.0,0.0,11.1,11.1,14.0
istanbul,12,2026-03-27,2.5,19.0,16.5,563.7,87.50000000000006,1.6999999999999993,3.5,10.2,49.1,-8.899999999999999,5.8,10.7,16.5,32.0,1005.49,0.0,-0.15643446504023073,-0.9876883405951378,5.0,0.0,16.5,16.5,15.0
istanbul,12,2026-03-28,2.1999999999999993,12.0,9.8,47.3,-7.0,0.0,0.10000000000000142,0.20000000000000107,91.9,3.5,8.6,1.200000000000001,9.5,24.5,1005.59,0.0,-0.3090169943749473,-0.9510565162951536,0.0,5.79,9.8,8.6,16.0
istanbul,12,2026-03-29,1.4000000000000004,10.0,8.6,52.3,-34.0,-0.3000000000000007,-0.40000000000000036,0.0,97.4,0.4000000000000057,8.3,0.29999999999999893,11.4,24.1,1000.2,2.48,-0.7071067811865477,0.7071067811865474,0.0,4.19,8.6,7.0,17.0
istanbul,12,2026-03-30,1.3000000000000007,11.0,9.7,137.3,36.70000000000002,0.1999999999999993,0.29999999999999893,1.9999999999999991,96.0,-0.4000000000000057,9.1,0.5999999999999996,16.1,36.0,1007.01,0.0,-0.8090169943749476,0.5877852522924729,1.0,25.6,9.7,7.5,18.0
istanbul,12,2026-03-31,3.5,17.0,13.5,672.1,402.20000000000005,1.5,2.6999999999999993,4.199999999999999,72.6,-9.5,8.8,4.699999999999999,20.9,33.1,1009.89,0.0,-0.5591929034707467,-0.8290375725550417,6.0,0.0,13.5,13.5,19.0
istanbul,12,2026-04-01,-0.6999999999999993,13.0,13.7,637.4,215.2,0.8999999999999986,2.5,3.5,75.6,-3.4000000000000057,9.5,4.199999999999999,8.6,18.7,1012.8,-2.48,0.4383711467890774,0.898794046299167,5.0,0.0,13.7,13.7,20.0
istanbul,12,2026-04-02,3.3000000000000007,17.0,13.7,248.5,-339.0,0.6999999999999993,3.0999999999999996,5.1,86.7,-1.7999999999999972,11.5,2.1999999999999993,5.2,8.6,999.39,1.24,-0.529919264233205,0.8480480961564258,2.0,8.1,13.7,13.7,21.0
istanbul,12,2026-04-03,4.699999999999999,18.0,13.3,767.2,187.9000000000001,0.10000000000000142,0.7000000000000011,2.700000000000001,70.6,-4.0,8.1,5.200000000000001,29.5,43.6,1006.2,0.0,-0.5000000000000001,-0.8660254037844386,7.0,0.61,13.3,13.3,22.0
istanbul,12,2026-04-04,3.5,13.0,9.5,82.8,-10.5,0.0,0.0,-0.6999999999999993,98.0,1.0,9.2,0.3000000000000007,12.0,20.9,1013.72,1.24,0.4383711467890774,0.898794046299167,0.0,1.3,9.5,7.8,23.0
istanbul,12,2026-04-05,-0.09999999999999964,14.0,14.1,588.3,89.29999999999995,0.6999999999999993,1.299999999999999,4.4,67.6,-6.0,8.2,5.9,14.5,27.4,1022.69,1.24,0.6156614753256583,0.7880107536067219,5.0,2.49,14.1,14.1,24.0
istanbul,12,2026-04-06,1.8999999999999986,18.0,16.1,589.1,84.0,0.9000000000000021,1.8000000000000007,8.500000000000002,44.8,-7.600000000000001,4.1,12.000000000000002,6.8,16.2,1023.3,-1.24,0.6293203910498374,0.7771459614569709,5.0,0.0,16.1,16.1,25.0
istanbul,12,2026-04-07,1.3000000000000007,13.0,11.7,666.3,471.9,0.7999999999999989,0.6999999999999993,0.6999999999999993,74.0,-6.900000000000006,7.2,4.499999999999999,8.9,19.4,1019.91,0.0,0.27563735581699916,0.9612616959383189,6.0,0.0,11.7,11.7,26.0
istanbul,12,2026-04-08,3.3000000000000007,16.0,12.7,696.9,117.69999999999993,-1.8000000000000007,-0.8000000000000007,1.5999999999999996,61.3,16.0,5.5,7.199999999999999,19.8,41.4,1014.09,1.24,-0.01745240643728356,0.9998476951563913,6.0,0.0,12.7,12.7,27.0
istanbul,12,2026-04-09,3.5,13.0,9.5,68.8,-240.7,-2.6999999999999993,-1.4000000000000004,4.0,63.5,14.200000000000003,3.0,6.5,11.0,30.2,1016.8,2.47,-0.7660444431189781,0.6427876096865393,0.0,0.0,9.5,8.1,28.0
istanbul,12,2026-04-10,-0.40000000000000036,9.0,9.4,160.5,-297.0,1.0,0.5,4.0,72.3,-5.900000000000006,4.7,4.7,13.3,27.7,1017.91,1.23,0.0697564737441253,0.9975640502598242,1.0,0.0,9.4,7.5,29.0
istanbul,12,2026-04-11,1.5,12.0,10.5,246.9,-236.1,0.8000000000000007,2.1999999999999993,6.9,62.8,3.5,3.7,6.8,5.7,11.5,1021.0,2.48,0.4383711467890774,0.898794046299167,2.0,0.0,10.5,10.5,30.0
istanbul,12,2026-04-12,1.0999999999999996,12.0,10.9,616.7,58.40000000000009,0.40000000000000036,0.8000000000000007,3.8000000000000007,55.7,3.4000000000000057,2.4,8.5,10.2,27.4,1021.71,-1.24,0.6560590289905073,0.754709580222772,5.0,0.0,10.9,10.9,31.0
istanbul,12,2026-04-13,0.40000000000000036,12.0,11.6,604.9,82.89999999999998,0.29999999999999893,1.5999999999999996,6.5,55.7,0.6000000000000014,3.1,8.5,10.2,25.9,1024.01,-2.48,0.8660254037844386,0.5000000000000001,5.0,0.0,11.6,11.6,32.0
istanbul,12,2026-04-14,0.5,13.0,12.5,627.5,110.20000000000005,-0.3000000000000007,0.6999999999999993,5.9,61.1,0.20000000000000284,5.2,7.3,17.9,34.6,1024.79,-3.71,0.9876883405951378,0.15643446504023092,5.0,0.0,12.5,12.5,33.0
istanbul,12,2026-04-15,-0.09999999999999964,12.0,12.1,477.4,64.59999999999997,0.0,0.5,4.3999999999999995,77.2,0.7999999999999972,8.2,3.9000000000000004,16.1,36.7,1022.89,-1.24,0.754709580222772,0.6560590289905073,4.0,0.0,12.1,12.1,34.0
istanbul,12,2026-04-16,1.0,12.0,11.0,511.0,360.3,0.5,0.5,1.9000000000000004,79.8,-2.0,7.7,3.3,19.8,33.1,1020.12,1.23,0.6691306063588582,0.7431448254773942,4.0,0.0,11.0,11.0,35.0
istanbul,12,2026-04-17,1.0999999999999996,12.0,10.9,321.9,179.39999999999998,0.5,0.5999999999999996,1.3000000000000007,81.0,-2.5,7.8,3.1000000000000005,15.5,31.0,1014.8,-1.24,0.17364817766693033,0.984807753012208,2.0,0.0,10.9,10.9,36.0
istanbul,12,2026-04-18,1.6999999999999993,14.0,12.3,469.9,212.09999999999997,0.8000000000000007,0.8000000000000007,1.8000000000000007,82.1,1.0999999999999943,9.3,3.0,18.1,35.3,1012.09,-1.23,0.17364817766693033,0.984807753012208,4.0,0.0,12.3,12.3,37.0
istanbul,12,2026-04-19,0.3000000000000007,15.0,14.7,633.6,84.89999999999998,0.09999999999999964,1.0,6.199999999999999,58.4,-1.2000000000000028,6.7,7.999999999999999,8.4,25.2,1017.1,-4.94,0.29237170472273677,0.9563047559630354,5.0,0.0,14.7,14.7,38.0
istanbul,12,2026-04-20,3.3000000000000007,20.0,16.7,610.0,67.10000000000002,1.0999999999999996,2.5999999999999996,8.299999999999999,43.2,-0.8999999999999986,4.2,12.5,7.4,21.6,1015.98,-0.82,-0.6018150231520484,-0.7986355100472928,5.0,0.1,16.7,16.7,39.0
istanbul,12,2026-04-21,-0.10000000000000142,18.0,18.1,605.3,294.49999999999994,0.5,0.20000000000000284,5.800000000000001,45.1,1.3999999999999986,6.0,12.100000000000001,10.2,25.2,1013.11,0.0,0.17364817766693033,0.984807753012208,5.0,0.0,18.1,18.1,40.0
istanbul,12,2026-04-22,1.5999999999999996,10.0,8.4,73.9,-3.799999999999997,-0.09999999999999964,-0.5999999999999996,-0.5999999999999996,95.0,-1.0,7.7,0.7000000000000002,16.8,37.4,1015.82,-1.24,0.5877852522924731,0.8090169943749475,0.0,11.61,8.4,5.9,41.0
istanbul,12,2026-04-23,2.6999999999999993,14.0,11.3,571.7,-261.19999999999993,1.0,1.4000000000000004,2.700000000000001,67.3,-1.1000000000000085,5.4,5.9,6.8,20.2,1016.29,-2.47,0.08715574274765817,0.9961946980917455,5.0,0.0,11.3,11.3,42.0
istanbul,12,2026-04-24,3.4000000000000004,18.0,14.6,660.1,78.39999999999998,0.7999999999999989,1.5999999999999996,5.799999999999999,63.9,-5.899999999999999,7.9,6.699999999999999,18.6,36.0,1014.49,1.24,-0.7771459614569706,-0.6293203910498378,6.0,0.0,14.6,14.6,43.0
istanbul,12,2026-04-25,-0.8999999999999986,19.0,19.9,666.1,88.5,0.29999999999999716,2.099999999999998,7.799999999999999,35.8,-3.1000000000000014,4.3,15.599999999999998,10.3,19.4,1016.09,0.0,0.9271838545667874,0.37460659341591196,6.0,0.0,19.9,19.9,44.0
istanbul,12,2026-04-26,2.6999999999999993,24.0,21.3,654.6,66.5,0.8000000000000007,2.900000000000002,7.800000000000001,41.5,1.0,7.8,13.5,13.8,25.2,1013.99,-0.83,-0.9945218953682734,-0.10452846326765336,6.0,0.0,20.7,21.3,45.0
istanbul,12,2026-04-27,3.6999999999999993,16.0,12.3,684.1,84.10000000000002,0.3000000000000007,0.5,1.700000000000001,53.9,-3.0,3.2,9.100000000000001,23.7,44.3,1025.4,0.0,0.8746197071393957,0.4848096202463371,6.0,0.0,12.3,12.3,46.0
istanbul,12,2026-04-28,0.8000000000000007,13.0,12.2,687.2,82.20000000000005,0.3999999999999986,0.6999999999999993,4.8999999999999995,58.6,-5.499999999999993,4.3,7.8999999999999995,11.7,24.5,1020.39,1.24,0.6946583704589973,0.7193398003386512,6.0,0.0,12.2,12.2,47.0
istanbul,12,2026-04-29,0.1999999999999993,14.0,13.8,685.1,79.89999999999998,0.6000000000000014,1.3000000000000007,6.500000000000001,62.6,-3.6000000000000014,6.8,7.000000000000001,11.8,27.4,1020.59,-1.24,0.9702957262759965,0.24192189559966767,6.0,0.0,13.8,13.8,48.0
istanbul,12,2026-04-30,2.0,14.0,12.0,342.1,-48.299999999999955,-0.5,0.1999999999999993,2.6999999999999993,78.4,5.0,8.4,3.5999999999999996,17.6,41.8,1020.01,2.47,0.8571673007021123,0.5150380749100542,3.0,0.0,12.0,12.0,49.0
istanbul,12,2026-05-01,1.8000000000000007,11.0,9.2,175.4,114.30000000000001,0.5999999999999996,0.3999999999999986,1.0999999999999996,86.3,-4.700000000000003,7.1,2.0999999999999996,25.6,49.3,1021.4,-1.23,0.6156614753256583,0.7880107536067219,1.0,23.7,9.2,6.0,50.0
istanbul,12,2026-05-02,4.4,12.0,7.6,285.6,-481.29999999999995,-2.8000000000000007,-2.0,0.1999999999999993,75.6,17.199999999999996,3.6,3.9999999999999996,24.8,44.6,1020.59,4.53,0.5299192642332049,0.848048096156426,2.0,0.1,7.6,4.0,51.0
istanbul,12,2026-05-03,1.4000000000000004,12.0,10.6,334.3,112.0,0.40000000000000036,1.0,2.1999999999999993,76.9,0.20000000000000284,6.7,3.8999999999999995,33.1,63.7,1015.61,0.0,0.6560590289905073,0.754709580222772,3.0,5.11,10.6,10.6,52.0
istanbul,12,2026-05-04,2.3000000000000007,14.0,11.7,371.8,130.8,0.3999999999999986,0.6999999999999993,1.8999999999999986,64.6,-5.1000000000000085,5.3,6.3999999999999995,17.7,41.8,1015.92,2.47,-0.37460659341591235,0.9271838545667873,3.0,0.0,11.7,11.7,53.0
istanbul,12,2026-05-05,0.40000000000000036,15.0,14.6,359.8,-321.99999999999994,0.5999999999999996,1.799999999999999,2.9000000000000004,60.2,-0.09999999999999432,6.9,7.699999999999999,8.7,20.9,1017.31,-1.23,-0.12186934340514723,0.9925461516413221,3.0,0.0,14.6,14.6,54.0
istanbul,12,2026-05-06,-1.3000000000000007,17.0,18.3,743.0,153.70000000000005,1.6999999999999993,2.0,9.8,47.0,-6.0,6.8,11.5,9.2,15.5,1017.41,0.0,-0.9876883405951377,-0.15643446504023104,6.0,0.0,18.3,18.3,55.0
istanbul,12,2026-05-07,1.6000000000000014,22.0,20.4,693.7,73.40000000000009,2.099999999999998,3.799999999999997,12.2,47.3,-6.5,8.8,11.599999999999998,12.6,20.9,1018.59,2.47,-0.5446390350150271,-0.838670567945424,6.0,0.0,20.4,20.4,56.0
istanbul,12,2026-05-08,2.6000000000000014,25.0,22.4,675.2,-19.0,1.2999999999999972,2.0,6.499999999999998,38.0,-7.399999999999999,7.4,14.999999999999998,21.9,33.8,1018.02,1.23,-0.6156614753256582,-0.788010753606722,6.0,0.0,21.7,22.4,57.0
istanbul,12,2026-05-09,4.399999999999999,24.0,19.6,313.5,-66.10000000000002,1.4000000000000021,1.7000000000000028,5.500000000000002,63.7,-6.3999999999999915,12.5,7.100000000000001,15.0,23.0,1015.71,-1.24,-0.35836794954530043,-0.9335804264972017,2.0,0.41,19.6,19.6,58.0
istanbul,12,2026-05-10,-0.3999999999999986,20.0,20.4,707.5,77.20000000000005,0.7999999999999972,1.5999999999999979,4.799999999999999,65.0,-1.9000000000000057,13.6,6.799999999999999,7.7,16.6,1016.19,0.0,-0.01745240643728356,0.9998476951563913,6.0,0.0,20.4,20.4,59.0
istanbul,12,2026-05-11,5.100000000000001,26.0,20.9,723.4,109.79999999999995,0.09999999999999787,-0.3000000000000007,6.499999999999998,70.1,-0.5,15.3,5.599999999999998,7.1,21.2,1014.9,0.0,0.8571673007021123,0.5150380749100542,6.0,0.0,20.9,20.9,60.0
istanbul,12,2026-05-12,4.0,27.0,23.0,684.1,89.80000000000007,0.3000000000000007,1.1999999999999993,4.600000000000001,55.9,-4.100000000000001,13.8,9.2,22.4,35.3,1006.91,0.0,-0.8386705679454242,-0.544639035015027,6.0,0.0,22.8,23.0,61.0
istanbul,12,2026-05-13,2.1999999999999993,23.0,20.8,816.4,25.600000000000023,-1.6999999999999993,0.3000000000000007,5.100000000000001,52.9,-0.30000000000000426,10.9,9.9,16.9,31.7,1005.38,2.47,0.49999999999999994,0.8660254037844387,7.0,0.2,20.8,20.8,62.0
istanbul,12,2026-05-14,2.9000000000000004,15.0,12.1,214.7,87.19999999999999,0.29999999999999893,-0.20000000000000107,0.5999999999999996,87.0,3.200000000000003,10.0,2.0999999999999996,18.3,31.7,1007.48,2.47,0.42261826174069944,0.9063077870366499,1.0,2.69,12.1,12.1,63.0
istanbul,12,2026-05-15,3.0,21.0,18.0,712.5,80.29999999999995,0.3999999999999986,2.3000000000000007,9.4,42.8,-7.100000000000001,5.2,12.8,9.5,20.2,1009.99,1.24,-0.6293203910498376,-0.7771459614569708,6.0,0.0,18.0,18.0,64.0
istanbul,12,2026-05-16,4.699999999999999,26.0,21.3,714.4,77.10000000000002,1.1000000000000014,2.5,7.700000000000001,48.6,-5.199999999999996,10.0,11.3,17.2,31.0,1008.6,-1.23,-0.017452406437283637,-0.9998476951563913,6.0,0.0,20.8,21.3,65.0
istanbul,12,2026-05-17,1.6000000000000014,22.0,20.4,816.0,64.5,1.3999999999999986,1.7999999999999972,3.599999999999998,58.4,-12.199999999999996,12.0,8.399999999999999,27.8,44.6,1002.51,0.0,-0.8290375725550418,-0.5591929034707466,7.0,3.2,20.4,20.4,66.0
istanbul,12,2026-05-18,2.8999999999999986,22.0,19.1,854.8,186.0,1.5,2.6000000000000014,6.300000000000001,58.9,-6.699999999999996,10.9,8.200000000000001,5.5,19.8,1012.9,-1.24,-0.9135454576426011,0.40673664307579976,7.0,0.0,19.1,19.1,67.0
istanbul,12,2026-05-19,0.6000000000000014,21.0,20.4,726.4,80.89999999999998,0.1999999999999993,0.0,6.599999999999998,48.8,-11.0,9.3,11.099999999999998,14.6,34.2,1015.31,2.47,0.788010753606722,0.6156614753256583,6.0,0.0,20.4,20.4,68.0
istanbul,12,2026-05-20,1.6999999999999993,19.0,17.3,281.3,42.60000000000002,-0.3999999999999986,0.6999999999999993,2.5,77.8,-1.7000000000000028,13.4,3.9000000000000004,15.7,38.2,1011.01,-2.47,0.03489949670250097,0.9993908270190958,2.0,0.3,17.3,17.3,69.0
istanbul,12,2026-05-21,0.8000000000000007,20.0,19.2,325.6,23.100000000000023,0.1999999999999993,0.0,2.3000000000000007,67.6,-0.30000000000001137,13.1,6.1,16.7,34.9,1013.11,1.23,-0.5150380749100545,0.8571673007021121,3.0,0.3,19.2,19.2,70.0
istanbul,12,2026-05-22,0.10000000000000142,18.0,17.9,259.3,-63.39999999999998,0.5,0.7999999999999972,2.3999999999999986,88.0,-0.5,15.9,1.9999999999999982,6.6,13.3,1015.51,2.48,-0.5877852522924734,0.8090169943749473,2.0,1.7,17.9,17.9,71.0
istanbul,12,2026-05-23,1.1999999999999993,18.0,16.8,706.1,454.6,0.40000000000000213,0.6999999999999993,1.3000000000000007,85.1,-1.9000000000000057,14.3,2.5,14.1,27.7,1018.49,0.0,0.5591929034707469,0.8290375725550417,6.0,0.0,16.8,16.8,72.0
istanbul,12,2026-05-24,1.3000000000000007,20.0,18.7,920.8,236.79999999999995,0.8000000000000007,1.1999999999999993,2.6999999999999993,80.9,-3.799999999999997,15.4,3.299999999999999,20.5,37.8,1020.01,1.27,0.10452846326765347,0.9945218953682733,8.0,0.2,18.7,18.7,73.0
istanbul,12,2026-05-25,2.1999999999999993,23.0,20.8,746.6,59.10000000000002,0.40000000000000213,0.5,4.300000000000001,60.6,-0.19999999999999574,12.9,7.9,12.6,29.2,1024.01,0.0,0.15643446504023087,0.9876883405951378,6.0,0.0,20.8,20.8,74.0
istanbul,12,2026-05-26,1.0,23.0,22.0,921.5,195.60000000000002,-0.6000000000000014,-0.8000000000000007,6.4,66.1,5.599999999999994,15.3,6.699999999999999,9.4,24.1,1022.49,0.0,-0.034899496702500823,0.9993908270190958,8.0,0.0,21.9,22.0,75.0
istanbul,12,2026-05-27,-0.6999999999999993,24.0,24.7,745.1,59.700000000000045,0.5999999999999979,1.8000000000000007,11.2,49.6,-4.0,13.5,11.2,8.3,17.6,1018.19,-1.24,0.6293203910498374,0.7771459614569709,6.0,0.0,24.6,24.7,76.0
istanbul,12,2026-05-28,1.1000000000000014,27.0,25.9,820.0,157.39999999999998,-0.20000000000000284,1.6999999999999993,7.699999999999999,49.9,-1.1000000000000014,14.7,11.2,15.3,27.4,1011.62,1.24,-0.544639035015027,0.838670567945424,7.0,0.0,25.9,25.9,77.0
istanbul,12,2026-05-29,2.5,19.0,16.5,668.1,-177.69999999999993,0.6999999999999993,1.6999999999999993,-0.10000000000000142,64.7,-2.8999999999999915,9.8,6.699999999999999,15.2,27.7,1020.49,2.47,0.9945218953682733,0.10452846326765346,6.0,0.0,16.5,16.5,78.0
istanbul,12,2026-05-30,3.6999999999999993,24.0,20.3,747.9,58.89999999999998,0.8000000000000007,1.3000000000000007,6.700000000000001,51.5,-4.299999999999997,10.0,10.3,19.6,34.2,1017.71,-1.24,-0.6819983600624984,-0.7313537016191706,6.0,0.0,20.3,20.3,79.0
istanbul,12,2026-05-31,4.0,26.0,22.0,446.6,41.60000000000002,0.3000000000000007,2.0,5.899999999999999,59.0,0.0,13.6,8.4,26.6,27.4,1014.29,7.0,-0.9510565162951535,-0.30901699437494756,4.0,0.0,21.8,22.0,80.0
istanbul,12,2026-06-01,0.8000000000000007,26.0,25.2,825.4,139.5,1.8000000000000007,3.5,7.699999999999999,53.1,-9.899999999999999,15.1,10.1,7.2,14.0,1014.29,0.0,-0.8910065241883678,-0.4539904997395469,7.0,0.0,25.2,25.2,81.0
istanbul,12,2026-06-02,3.3999999999999986,30.0,26.6,913.0,393.29999999999995,1.4000000000000021,2.700000000000003,9.100000000000001,49.5,-4.700000000000003,15.2,11.400000000000002,14.9,23.8,1015.1,1.24,-0.6156614753256582,-0.788010753606722,8.0,0.0,26.7,26.6,82.0
istanbul,12,2026-06-03,4.199999999999999,30.0,25.8,765.7,78.40000000000009,0.6999999999999993,1.9000000000000021,6.300000000000001,45.5,0.29999999999999716,13.2,12.600000000000001,17.7,29.9,1013.0,0.0,-0.8910065241883678,-0.4539904997395469,7.0,0.0,25.7,25.8,83.0
istanbul,12,2026-06-04,4.100000000000001,31.0,26.9,831.4,139.39999999999998,0.5999999999999979,1.3999999999999986,7.299999999999997,41.0,-5.0,12.6,14.299999999999999,21.4,39.2,1011.01,-2.54,-0.7313537016191705,-0.6819983600624986,7.0,0.0,26.7,26.9,84.0
istanbul,12,2026-06-05,-0.10000000000000142,22.0,22.1,728.2,-129.0,2.0,1.4000000000000021,2.5,74.6,-10.400000000000006,17.4,4.700000000000003,10.1,23.4,1014.29,-1.27,0.24192189559966773,0.9702957262759965,6.0,0.0,22.3,22.1,85.0
istanbul,12,2026-06-06,0.3999999999999986,22.0,21.6,744.6,44.10000000000002,1.3000000000000007,2.200000000000003,4.300000000000001,72.8,-4.400000000000006,16.6,5.0,11.7,25.2,1017.2,1.27,0.6293203910498374,0.7771459614569709,6.0,0.0,21.7,21.6,86.0
istanbul,12,2026-06-07,1.0,24.0,23.0,745.8,58.09999999999991,1.0,1.1999999999999993,4.899999999999999,70.0,-5.200000000000003,17.3,5.699999999999999,10.3,20.9,1017.71,0.0,0.17364817766693033,0.984807753012208,6.0,0.0,23.2,23.0,87.0
istanbul,12,2026-06-08,0.8000000000000007,24.0,23.2,749.3,58.5,0.6999999999999993,0.6999999999999993,4.5,63.8,-6.700000000000003,16.0,7.199999999999999,12.4,27.0,1018.69,3.81,0.13917310096006544,0.9902680687415704,6.0,0.0,23.2,23.2,88.0
istanbul,12,2026-06-09,0.8000000000000007,23.0,22.2,978.5,156.60000000000002,0.09999999999999787,0.3999999999999986,3.6999999999999993,73.7,0.4000000000000057,17.4,4.800000000000001,15.8,27.7,1016.29,2.54,0.9876883405951378,0.15643446504023092,9.0,0.1,22.4,22.2,89.0
istanbul,12,2026-06-10,0.8000000000000007,24.0,23.2,757.0,48.0,0.5999999999999979,1.0,4.399999999999999,67.4,-1.0,16.8,6.399999999999999,13.6,28.4,1015.71,3.81,0.7771459614569709,0.6293203910498375,7.0,0.0,23.3,23.2,90.0
istanbul,12,2026-06-11,1.0,24.0,23.0,753.0,55.200000000000045,0.3000000000000007,0.3999999999999986,5.300000000000001,69.6,-1.0,17.1,5.899999999999999,11.9,24.1,1015.61,2.49,0.6819983600624985,0.7313537016191705,6.0,0.0,23.1,23.0,91.0
istanbul,13,2026-03-12,0.09999999999999964,8.0,7.9,170.5,17.80000000000001,-0.1999999999999993,0.40000000000000036,1.8000000000000007,75.0,1.0,3.8,4.1000000000000005,13.6,26.3,1024.79,0.0,0.6018150231520483,0.7986355100472928,1.0,0.0,7.9,5.6,0.0
istanbul,13,2026-03-13,1.0,9.0,8.0,540.7,-131.89999999999998,0.2999999999999998,0.9000000000000004,2.0999999999999996,71.1,0.7999999999999972,3.2,4.8,16.5,33.8,1021.91,-2.54,0.754709580222772,0.6560590289905073,5.0,0.0,8.0,5.4,1.0
istanbul,13,2026-03-14,-0.09999999999999964,9.0,9.1,518.5,208.8,1.0999999999999996,1.8999999999999995,2.8999999999999995,66.1,-4.800000000000011,3.1,6.0,17.4,40.0,1014.9,-3.72,0.7193398003386512,0.6946583704589973,4.0,0.0,9.1,6.6,2.0
istanbul,13,2026-03-15,1.0,9.0,8.0,191.9,59.0,0.20000000000000018,0.5,0.7999999999999998,78.0,-1.0999999999999943,4.4,3.5999999999999996,15.7,30.6,1011.62,1.27,0.27563735581699916,0.9612616959383189,1.0,0.0,8.0,5.5,3.0
istanbul,13,2026-03-16,1.7000000000000002,9.0,7.3,181.2,-3.0,-0.10000000000000053,-0.10000000000000053,0.8999999999999995,82.6,0.5999999999999943,4.5,2.8,9.2,19.4,1018.19,0.0,0.01745240643728351,0.9998476951563913,1.0,0.0,7.3,5.7,4.0
istanbul,13,2026-03-17,-0.5999999999999996,9.0,9.6,581.2,83.90000000000003,0.29999999999999893,0.5999999999999996,4.1,71.1,-1.2000000000000028,4.7,4.8999999999999995,16.1,27.4,1019.2,2.53,0.8290375725550417,0.5591929034707468,5.0,0.0,9.6,7.4,5.0
istanbul,13,2026-03-18,0.8000000000000007,9.0,8.2,181.4,37.80000000000001,0.1999999999999993,0.4999999999999991,1.1999999999999993,86.0,-2.0,6.0,2.1999999999999993,27.0,51.8,1017.31,2.53,0.766044443118978,0.6427876096865394,1.0,0.0,8.2,4.5,6.0
istanbul,13,2026-03-19,1.1999999999999993,10.0,8.8,357.8,-142.7,0.10000000000000142,0.3000000000000007,1.5000000000000009,72.1,1.6999999999999886,4.1,4.700000000000001,24.8,51.1,1014.49,3.72,0.754709580222772,0.6560590289905073,3.0,0.0,8.8,5.6,7.0
istanbul,13,2026-03-20,1.7999999999999998,7.0,5.2,149.2,25.299999999999983,-0.09999999999999964,-0.5,-0.7999999999999998,95.0,-1.0,4.5,0.7000000000000002,25.3,52.9,1009.21,1.24,0.15643446504023087,0.9876883405951378,1.0,28.19,5.2,0.9,8.0
istanbul,13,2026-03-21,0.5,8.0,7.5,50.2,11.200000000000003,0.0,0.20000000000000018,0.5999999999999996,97.8,0.7999999999999972,7.2,0.2999999999999998,20.8,38.2,1008.09,2.53,0.5446390350150271,0.838670567945424,0.0,7.7,7.5,4.2,9.0
istanbul,13,2026-03-22,0.2999999999999998,8.0,7.7,51.3,-13.600000000000009,-0.2999999999999998,0.0,0.0,99.0,0.0,7.6,0.10000000000000053,18.7,33.1,1012.8,-1.24,0.7071067811865476,0.7071067811865476,0.0,5.51,7.7,4.8,10.0
istanbul,13,2026-03-23,1.2000000000000002,8.0,6.8,99.4,22.60000000000001,0.09999999999999964,0.39999999999999947,0.5,98.8,-0.20000000000000284,6.7,0.09999999999999964,13.7,29.9,1013.72,0.0,-0.3255681544571567,0.9455185755993168,0.0,5.0,6.8,4.3,11.0
istanbul,13,2026-03-24,0.5,9.0,8.5,190.3,98.00000000000001,0.7999999999999998,0.9000000000000004,1.0999999999999996,93.6,-3.4000000000000057,7.5,1.0,9.8,18.4,1012.8,-2.53,0.6560590289905073,0.754709580222772,1.0,2.31,8.5,7.0,12.0
istanbul,13,2026-03-25,1.1999999999999993,11.0,9.8,664.4,351.0,0.3000000000000007,-0.09999999999999964,2.3000000000000007,82.4,-0.8999999999999915,7.0,2.8000000000000007,15.1,34.6,1010.4,-2.47,0.224951054343865,0.9743700647852352,6.0,2.01,9.8,7.8,13.0
istanbul,13,2026-03-26,-0.8000000000000007,11.0,11.8,279.2,-23.100000000000023,0.7000000000000011,1.6000000000000014,5.800000000000001,73.2,-3.799999999999997,7.2,4.6000000000000005,5.6,10.1,1007.42,-1.24,0.9063077870366499,0.42261826174069944,2.0,0.0,11.8,11.8,14.0
istanbul,13,2026-03-27,2.1000000000000014,19.0,16.9,585.7,22.0,0.3999999999999986,2.099999999999998,10.599999999999998,45.5,-3.6000000000000014,5.1,11.799999999999999,14.4,33.8,1005.38,2.47,-0.06975647374412527,-0.9975640502598242,5.0,0.0,16.9,16.9,15.0
istanbul,13,2026-03-28,1.0999999999999996,12.0,10.9,229.4,182.10000000000002,1.0999999999999996,1.0999999999999996,1.3000000000000007,88.1,-3.8000000000000114,9.0,1.9000000000000004,12.9,26.3,1004.81,-1.24,-0.19080899537654472,-0.981627183447664,2.0,7.59,10.9,10.9,16.0
istanbul,13,2026-03-29,1.0999999999999996,10.0,8.9,121.6,69.3,0.3000000000000007,0.0,0.3000000000000007,98.0,0.5999999999999943,8.6,0.3000000000000007,14.2,24.1,1000.2,-2.55,-0.6427876096865396,0.7660444431189778,1.0,4.29,8.9,6.8,17.0
istanbul,13,2026-03-30,1.0,11.0,10.0,115.2,-22.10000000000001,0.3000000000000007,0.5,2.3,96.0,0.0,9.4,0.5999999999999996,11.9,25.6,1007.48,2.06,-0.8191520442889918,0.573576436351046,1.0,27.1,10.0,8.4,18.0
istanbul,13,2026-03-31,2.6999999999999993,17.0,14.3,453.7,-218.40000000000003,0.8000000000000007,2.3000000000000007,5.0,62.8,-9.799999999999997,7.3,7.000000000000001,18.4,27.7,1009.69,1.24,-0.7193398003386512,-0.6946583704589973,4.0,0.0,14.3,14.3,19.0
istanbul,13,2026-04-01,-1.9000000000000004,13.0,14.9,558.4,-79.0,1.200000000000001,2.0999999999999996,4.700000000000001,71.6,-4.0,9.8,5.1,11.4,25.6,1012.29,-4.96,0.766044443118978,0.6427876096865394,5.0,0.0,14.9,14.9,20.0
istanbul,13,2026-04-02,3.4000000000000004,17.0,13.6,219.7,-28.80000000000001,-0.09999999999999964,0.5999999999999996,5.0,86.0,-0.7000000000000028,11.3,2.299999999999999,4.0,10.4,999.9,0.0,-0.19080899537654467,0.981627183447664,2.0,8.1,13.6,13.6,21.0
istanbul,13,2026-04-03,4.1,18.0,13.9,336.9,-430.30000000000007,0.5999999999999996,0.7000000000000011,3.3000000000000007,67.8,-2.799999999999997,8.1,5.800000000000001,16.4,33.8,1006.81,2.47,-0.48480962024633695,-0.8746197071393959,3.0,0.61,13.9,13.9,22.0
istanbul,13,2026-04-04,3.6999999999999993,13.0,9.3,86.6,3.799999999999997,-0.1999999999999993,-0.1999999999999993,-0.8999999999999986,98.0,0.0,9.0,0.3000000000000007,9.1,17.6,1013.82,0.0,-0.05233595624294437,0.9986295347545738,0.0,1.8,9.3,8.0,23.0
istanbul,13,2026-04-05,-0.9000000000000004,14.0,14.9,617.1,28.800000000000068,0.8000000000000007,1.5,5.200000000000001,63.8,-3.799999999999997,8.1,6.800000000000001,9.7,20.2,1022.59,2.47,0.45399049973954675,0.8910065241883679,5.0,2.49,14.9,14.9,24.0
istanbul,13,2026-04-06,1.1999999999999993,18.0,16.8,626.2,37.10000000000002,0.6999999999999993,1.6000000000000014,9.200000000000001,39.2,-5.599999999999994,2.8,14.0,7.3,17.6,1022.69,1.24,0.374606593415912,0.9271838545667874,5.0,0.0,16.8,16.8,25.0
istanbul,13,2026-04-07,1.0,13.0,12.0,375.9,-290.4,0.3000000000000007,1.0999999999999996,1.0,73.3,-0.7000000000000028,7.4,4.6,6.3,16.2,1020.01,3.72,0.6560590289905073,0.754709580222772,3.0,0.0,12.0,12.0,26.0
istanbul,13,2026-04-08,4.1,16.0,11.9,844.8,147.89999999999998,-0.7999999999999989,-2.5999999999999996,0.8000000000000007,76.4,15.100000000000009,7.9,4.0,22.8,40.3,1015.21,-2.71,0.35836794954530027,0.9335804264972017,7.0,0.0,11.9,11.9,27.0
istanbul,13,2026-04-09,4.800000000000001,13.0,8.2,338.0,269.2,-1.3000000000000007,-4.0,2.6999999999999993,72.4,8.900000000000006,3.6,4.6,5.0,10.4,1016.9,-2.47,0.898794046299167,0.43837114678907746,3.0,0.89,8.2,7.7,28.0
istanbul,13,2026-04-10,0.6999999999999993,9.0,8.3,109.6,-50.900000000000006,-1.0999999999999996,-0.09999999999999964,2.9000000000000004,76.8,4.5,4.5,3.8000000000000007,10.1,20.2,1018.29,0.0,0.13917310096006544,0.9902680687415704,1.0,0.0,8.3,6.7,29.0
istanbul,13,2026-04-11,2.1999999999999993,12.0,9.8,126.8,-120.10000000000001,-0.6999999999999993,0.10000000000000142,6.200000000000001,69.6,6.799999999999997,4.5,5.300000000000001,9.5,22.3,1020.69,-2.47,0.6018150231520483,0.7986355100472928,1.0,0.0,9.8,8.5,30.0
istanbul,13,2026-04-12,0.3000000000000007,12.0,11.7,664.8,48.09999999999991,0.7999999999999989,1.1999999999999993,4.6,53.4,-2.3000000000000043,2.6,9.1,6.2,17.6,1021.61,4.94,0.9945218953682733,0.10452846326765346,6.0,0.0,11.7,11.7,31.0
istanbul,13,2026-04-13,0.40000000000000036,12.0,11.6,645.0,40.10000000000002,0.0,0.29999999999999893,6.5,51.4,-4.300000000000004,1.9,9.7,16.5,26.6,1023.91,0.0,0.838670567945424,0.5446390350150271,5.0,0.0,11.6,11.6,32.0
istanbul,13,2026-04-14,0.1999999999999993,13.0,12.8,616.5,-11.0,0.3000000000000007,0.0,6.200000000000001,57.2,-3.8999999999999986,4.6,8.200000000000001,13.8,38.5,1024.59,-1.24,0.9781476007338056,0.20791169081775945,5.0,0.0,12.8,12.8,33.0
istanbul,13,2026-04-15,0.8000000000000007,12.0,11.2,392.1,-85.29999999999995,-0.9000000000000004,-0.9000000000000004,3.499999999999999,79.0,1.7999999999999972,7.7,3.499999999999999,16.0,31.0,1022.59,-1.24,0.766044443118978,0.6427876096865394,3.0,0.0,11.2,11.2,34.0
istanbul,13,2026-04-16,0.3000000000000007,12.0,11.7,757.7,246.70000000000005,0.6999999999999993,1.1999999999999993,2.5999999999999996,78.2,-1.5999999999999943,8.0,3.6999999999999993,13.6,28.4,1020.01,1.24,0.20791169081775934,0.9781476007338057,7.0,0.0,11.7,11.7,35.0
istanbul,13,2026-04-17,1.5,12.0,10.5,258.6,-63.299999999999955,-0.40000000000000036,0.09999999999999964,0.9000000000000004,83.3,2.299999999999997,7.8,2.7,27.9,49.3,1013.99,2.48,0.6427876096865393,0.766044443118978,2.0,0.0,10.5,10.5,36.0
istanbul,13,2026-04-18,1.3000000000000007,14.0,12.7,521.3,51.39999999999998,0.3999999999999986,1.1999999999999993,2.1999999999999993,78.4,-3.6999999999999886,9.1,3.5999999999999996,31.6,56.5,1011.99,0.0,0.6946583704589973,0.7193398003386512,4.0,0.0,12.7,12.7,37.0
istanbul,13,2026-04-19,0.1999999999999993,15.0,14.8,666.9,33.299999999999955,0.10000000000000142,0.20000000000000107,6.300000000000001,57.8,-0.6000000000000014,6.5,8.3,12.5,26.3,1017.31,-1.24,0.3420201433256687,0.9396926207859084,6.0,0.0,14.8,14.8,38.0
istanbul,13,2026-04-20,3.0,20.0,17.0,640.1,30.100000000000023,0.3000000000000007,1.4000000000000004,8.6,43.6,0.3999999999999986,4.6,12.4,10.8,20.2,1015.21,-2.47,-0.8746197071393959,-0.48480962024633684,5.0,0.1,17.0,17.0,39.0
istanbul,13,2026-04-21,1.8999999999999986,18.0,16.1,460.9,-144.39999999999998,-2.0,-1.5,3.8000000000000007,52.6,7.5,6.4,9.700000000000001,12.2,26.6,1013.31,-1.24,0.3255681544571567,0.9455185755993168,4.0,0.0,16.1,16.1,40.0
istanbul,13,2026-04-22,2.3,10.0,7.7,104.0,30.099999999999994,-0.7000000000000002,-0.7999999999999998,-1.2999999999999998,95.0,0.0,7.0,0.7000000000000002,15.5,32.0,1016.29,0.0,0.6691306063588582,0.7431448254773942,0.0,15.49,7.7,5.2,41.0
istanbul,13,2026-04-23,2.4000000000000004,14.0,11.6,861.4,289.69999999999993,0.29999999999999893,1.299999999999999,3.0,64.6,-2.700000000000003,5.2,6.3999999999999995,10.3,20.5,1015.98,-3.29,0.35836794954530027,0.9335804264972017,8.0,0.0,11.6,11.6,42.0
istanbul,13,2026-04-24,2.4000000000000004,18.0,15.6,687.1,27.0,1.0,1.799999999999999,6.799999999999999,60.5,-3.3999999999999986,8.0,7.6,16.4,30.6,1014.29,-1.24,-0.8571673007021121,-0.5150380749100544,6.0,0.0,15.6,15.6,43.0
istanbul,13,2026-04-25,0.0,19.0,19.0,700.3,34.19999999999993,-0.8999999999999986,-0.6000000000000014,6.9,37.9,2.1000000000000014,4.3,14.7,12.5,24.5,1015.92,3.72,0.8480480961564261,0.5299192642332049,6.0,0.0,19.0,19.0,44.0
istanbul,13,2026-04-26,2.1000000000000014,24.0,21.9,696.4,41.799999999999955,0.5999999999999979,1.3999999999999986,8.399999999999999,36.9,-4.600000000000001,6.6,15.299999999999999,17.5,27.7,1013.61,-2.47,-0.913545457642601,-0.4067366430758001,6.0,0.0,21.1,21.9,45.0
istanbul,13,2026-04-27,3.5999999999999996,16.0,12.4,708.5,24.399999999999977,0.09999999999999964,0.40000000000000036,1.8000000000000007,49.4,-4.5,2.1,10.3,22.9,46.4,1025.2,-2.47,0.9135454576426009,0.4067366430758002,6.0,0.0,12.4,12.4,46.0
istanbul,13,2026-04-28,0.5,13.0,12.5,712.0,24.799999999999955,0.3000000000000007,0.6999999999999993,5.2,58.4,-0.20000000000000284,4.6,7.9,16.2,27.0,1020.12,1.24,0.6156614753256583,0.7880107536067219,6.0,0.0,12.5,12.5,47.0
istanbul,13,2026-04-29,-0.6999999999999993,14.0,14.7,709.4,24.299999999999955,0.8999999999999986,1.5,7.3999999999999995,59.9,-2.700000000000003,7.0,7.699999999999999,11.6,23.0,1020.29,-2.06,0.9335804264972017,0.3583679495453004,6.0,0.0,14.7,14.7,48.0
istanbul,13,2026-04-30,2.4000000000000004,14.0,11.6,211.8,-130.3,-0.40000000000000036,-0.9000000000000004,2.299999999999999,78.2,-0.20000000000000284,7.9,3.6999999999999993,17.1,33.8,1019.3,2.47,0.9659258262890683,0.25881904510252074,1.0,0.0,11.6,11.6,49.0
istanbul,13,2026-05-01,1.9000000000000004,11.0,9.1,297.6,122.20000000000002,-0.09999999999999964,0.5,1.0,86.8,0.5,7.1,2.0,21.3,39.6,1021.61,-2.47,0.6427876096865393,0.766044443118978,2.0,23.9,9.1,6.2,50.0
istanbul,13,2026-05-02,2.8000000000000007,12.0,9.2,978.7,693.1,1.5999999999999996,-1.200000000000001,1.799999999999999,79.4,3.8000000000000114,5.9,3.299999999999999,24.8,56.5,1019.91,0.0,0.6560590289905073,0.754709580222772,9.0,0.3,9.2,6.0,51.0
istanbul,13,2026-05-03,1.0999999999999996,12.0,10.9,593.9,259.59999999999997,0.3000000000000007,0.7000000000000011,2.5,78.1,1.1999999999999886,7.2,3.7,32.3,59.4,1015.31,1.24,0.7193398003386512,0.6946583704589973,5.0,5.11,10.9,10.9,52.0
istanbul,13,2026-05-04,2.0,14.0,12.0,226.4,-145.4,0.3000000000000007,0.6999999999999993,2.1999999999999993,61.6,-2.999999999999993,4.9,7.1,18.4,36.0,1015.51,2.48,-0.3420201433256686,0.9396926207859084,2.0,0.0,12.0,12.0,53.0
istanbul,13,2026-05-05,1.3000000000000007,15.0,13.7,632.0,272.2,-0.9000000000000004,-0.3000000000000007,2.0,65.6,5.3999999999999915,7.4,6.299999999999999,6.5,22.3,1017.0,0.0,-0.5877852522924734,0.8090169943749473,5.0,0.0,13.7,13.7,54.0
istanbul,13,2026-05-06,-1.1999999999999993,17.0,18.2,724.8,-18.200000000000045,-0.10000000000000142,1.5999999999999979,9.7,52.3,5.299999999999997,8.3,9.899999999999999,7.0,23.4,1017.31,1.24,-0.29237170472273716,0.9563047559630353,6.0,0.0,18.2,18.2,55.0
istanbul,13,2026-05-07,1.6000000000000014,22.0,20.4,720.1,26.399999999999977,0.0,2.099999999999998,12.2,42.8,-4.5,7.4,12.999999999999998,13.6,24.8,1018.39,-3.71,-0.9702957262759965,-0.24192189559966779,6.0,0.0,20.4,20.4,56.0
istanbul,13,2026-05-08,1.8999999999999986,25.0,23.1,601.1,-74.10000000000002,0.7000000000000028,2.0,7.200000000000001,37.6,-0.3999999999999986,7.8,15.3,22.2,37.1,1018.02,2.47,-0.8090169943749473,-0.5877852522924732,5.0,0.0,22.4,23.1,57.0
istanbul,13,2026-05-09,3.1999999999999993,24.0,20.8,447.2,133.7,1.1999999999999993,2.6000000000000014,6.700000000000001,55.9,-7.800000000000004,11.7,9.100000000000001,18.4,30.2,1015.21,-2.47,-0.848048096156426,-0.529919264233205,4.0,0.41,20.8,20.8,58.0
istanbul,13,2026-05-10,-0.8999999999999986,20.0,20.9,730.4,22.899999999999977,0.5,1.2999999999999972,5.299999999999999,63.6,-1.3999999999999986,13.7,7.199999999999999,8.8,18.7,1016.09,-1.23,0.7431448254773942,0.6691306063588582,6.0,0.0,20.9,20.9,59.0
istanbul,13,2026-05-11,3.8999999999999986,26.0,22.1,713.9,-9.5,1.2000000000000028,1.3000000000000007,7.700000000000001,67.4,-2.6999999999999886,15.8,6.300000000000001,6.3,16.2,1014.19,0.0,0.9702957262759965,0.24192189559966767,6.0,0.0,22.2,22.1,60.0
istanbul,13,2026-05-12,3.3999999999999986,27.0,23.6,715.4,31.299999999999955,0.6000000000000014,0.9000000000000021,5.200000000000003,54.2,-1.6999999999999957,13.9,9.700000000000001,24.3,39.6,1006.5,-1.23,-0.656059028990507,-0.7547095802227721,6.0,0.0,23.4,23.6,61.0
istanbul,13,2026-05-13,4.600000000000001,23.0,18.4,464.4,-352.0,-2.400000000000002,-4.100000000000001,2.6999999999999993,63.0,10.100000000000001,11.2,7.199999999999999,9.4,17.6,1006.4,0.0,0.0697564737441253,0.9975640502598242,4.0,0.2,18.4,18.4,62.0
istanbul,13,2026-05-14,1.5,15.0,13.5,426.2,211.5,1.4000000000000004,1.6999999999999993,2.0,73.7,-13.299999999999997,8.9,4.6,18.8,31.0,1007.11,-1.24,0.7071067811865476,0.7071067811865476,3.0,2.69,13.5,13.5,63.0
istanbul,13,2026-05-15,0.10000000000000142,21.0,20.9,739.4,26.899999999999977,2.8999999999999986,3.299999999999997,12.299999999999999,38.1,-4.699999999999996,6.2,14.7,6.7,11.9,1009.58,3.29,-0.8660254037844386,0.5000000000000001,6.0,0.0,20.9,20.9,64.0
istanbul,13,2026-05-16,3.8999999999999986,26.0,22.1,744.0,29.600000000000023,0.8000000000000007,1.9000000000000021,8.500000000000002,47.3,-1.3000000000000043,10.4,11.700000000000001,18.5,31.0,1008.09,-1.24,-0.5000000000000001,-0.8660254037844386,6.0,0.0,21.6,22.1,65.0
istanbul,13,2026-05-17,6.9,22.0,15.1,286.5,-529.5,-5.299999999999999,-3.9000000000000004,-1.700000000000001,86.2,27.800000000000004,12.9,2.1999999999999993,10.6,23.4,1004.1,0.0,0.10452846326765347,0.9945218953682733,2.0,3.2,15.1,15.1,66.0
istanbul,13,2026-05-18,2.1000000000000014,22.0,19.9,224.4,-630.4,0.7999999999999972,2.299999999999997,7.099999999999998,57.2,-1.6999999999999957,11.2,8.7,8.0,15.1,1013.0,-1.23,-0.7547095802227722,0.656059028990507,2.0,0.0,19.9,19.9,67.0
istanbul,13,2026-05-19,0.1999999999999993,21.0,20.8,753.0,26.600000000000023,0.40000000000000213,0.6000000000000014,7.0,45.6,-3.1999999999999957,8.7,12.100000000000001,11.7,26.6,1015.1,1.24,0.898794046299167,0.43837114678907746,6.0,0.0,20.8,20.8,68.0
istanbul,13,2026-05-20,1.3999999999999986,19.0,17.6,250.3,-31.0,0.3000000000000007,-0.09999999999999787,2.8000000000000007,75.6,-2.200000000000003,13.2,4.400000000000002,17.2,34.6,1011.11,0.0,-0.05233595624294437,0.9986295347545738,2.0,0.3,17.6,17.6,69.0
istanbul,13,2026-05-21,1.3000000000000007,20.0,18.7,174.7,-150.90000000000003,-0.5,-0.3000000000000007,1.8000000000000007,70.2,2.6000000000000085,13.2,5.5,10.8,28.8,1013.11,0.0,-0.5877852522924734,0.8090169943749473,1.0,0.3,18.7,18.7,70.0
istanbul,13,2026-05-22,-0.8999999999999986,18.0,18.9,620.5,361.2,1.0,1.5,3.3999999999999986,82.6,-5.400000000000006,15.9,2.9999999999999982,7.0,12.6,1015.1,-1.24,0.3420201433256687,0.9396926207859084,5.0,1.7,18.9,18.9,71.0
istanbul,13,2026-05-23,0.8999999999999986,18.0,17.1,313.1,-393.0,0.3000000000000007,0.7000000000000028,1.6000000000000014,82.4,-2.6999999999999886,14.1,3.0000000000000018,9.1,25.6,1018.49,-1.24,0.6156614753256583,0.7880107536067219,2.0,0.0,17.1,17.1,72.0
istanbul,13,2026-05-24,1.5,20.0,18.5,988.4,67.60000000000002,-0.1999999999999993,0.6000000000000014,2.5,80.8,-0.10000000000000853,15.2,3.3000000000000007,19.5,38.5,1020.59,-3.81,0.13917310096006544,0.9902680687415704,9.0,0.2,18.5,18.5,73.0
istanbul,13,2026-05-25,1.3999999999999986,23.0,21.6,747.7,1.1000000000000227,0.8000000000000007,1.2000000000000028,5.100000000000001,56.5,-4.100000000000001,12.7,8.900000000000002,8.8,20.9,1023.81,0.0,0.1908089953765448,0.981627183447664,6.0,0.0,21.3,21.6,74.0
istanbul,13,2026-05-26,1.1000000000000014,23.0,21.9,774.6,-146.89999999999998,-0.10000000000000142,-0.7000000000000028,6.299999999999999,66.0,-0.09999999999999432,15.3,6.599999999999998,11.0,24.5,1022.59,-1.24,-0.35836794954530077,0.9335804264972015,7.0,0.0,21.9,21.9,75.0
istanbul,13,2026-05-27,-0.3000000000000007,24.0,24.3,767.1,22.0,-0.3999999999999986,0.1999999999999993,10.8,46.6,-3.0,12.2,12.100000000000001,8.8,21.6,1018.08,-3.29,0.7771459614569709,0.6293203910498375,7.0,0.0,24.0,24.3,76.0
istanbul,13,2026-05-28,1.6000000000000014,27.0,25.4,864.5,44.5,-0.5,-0.7000000000000028,7.199999999999999,55.7,5.800000000000004,15.9,9.499999999999998,11.4,29.2,1011.72,2.48,-0.3090169943749477,0.9510565162951535,8.0,0.0,25.4,25.4,77.0
istanbul,13,2026-05-29,0.8000000000000007,19.0,18.2,767.6,99.5,1.6999999999999993,2.3999999999999986,1.5999999999999979,58.5,-6.200000000000003,10.0,8.2,9.4,21.6,1020.59,0.0,0.7431448254773942,0.6691306063588582,7.0,0.0,18.2,18.2,78.0
istanbul,13,2026-05-30,3.3999999999999986,24.0,20.6,769.1,21.200000000000045,0.3000000000000007,1.1000000000000014,7.000000000000002,45.5,-6.0,8.5,12.100000000000001,22.2,37.4,1016.9,3.71,-0.8571673007021121,-0.5150380749100544,7.0,0.0,20.6,20.6,79.0
istanbul,13,2026-05-31,4.899999999999999,26.0,21.1,199.8,-246.8,-0.8999999999999986,-0.5999999999999979,5.0,55.0,-4.0,11.7,9.400000000000002,13.9,20.5,1013.82,-2.48,-0.6293203910498376,-0.7771459614569708,1.0,0.0,21.1,21.1,80.0
istanbul,13,2026-06-01,0.3000000000000007,26.0,25.7,796.6,-28.799999999999955,0.5,2.3000000000000007,8.2,54.0,0.8999999999999986,15.7,10.0,11.6,20.2,1014.39,-1.23,-0.8090169943749473,-0.5877852522924732,7.0,0.0,25.8,25.7,81.0
istanbul,13,2026-06-02,2.3000000000000007,30.0,27.7,883.3,-29.700000000000045,1.0999999999999979,2.5,10.2,44.4,-5.100000000000001,14.5,13.2,12.1,21.2,1015.1,-2.47,-0.656059028990507,-0.7547095802227721,8.0,0.0,27.7,27.7,82.0
istanbul,13,2026-06-03,2.8999999999999986,30.0,27.1,752.6,-13.100000000000023,1.3000000000000007,2.0,7.600000000000001,43.4,-2.1000000000000014,13.6,13.500000000000002,9.2,19.4,1012.8,-1.27,-0.9993908270190958,0.03489949670250128,6.0,0.0,27.1,27.1,83.0
istanbul,13,2026-06-04,3.3000000000000007,31.0,27.7,790.7,-40.69999999999993,0.8000000000000007,1.3999999999999986,8.099999999999998,37.6,-3.3999999999999986,12.0,15.7,24.3,37.1,1010.8,0.0,-0.8090169943749473,-0.5877852522924732,7.0,0.0,27.3,27.7,84.0
istanbul,13,2026-06-05,-0.8999999999999986,22.0,22.9,751.1,22.899999999999977,0.7999999999999972,2.799999999999997,3.299999999999997,70.2,-4.3999999999999915,17.2,5.699999999999999,11.2,22.0,1014.19,0.0,0.573576436351046,0.8191520442889918,6.0,0.0,23.0,22.9,85.0
istanbul,13,2026-06-06,-0.3999999999999986,22.0,22.4,763.4,18.799999999999955,0.7999999999999972,2.099999999999998,5.099999999999998,71.5,-1.2999999999999972,17.0,5.399999999999999,10.4,25.2,1017.0,-1.27,0.052335956242943835,0.9986295347545738,7.0,0.0,22.6,22.4,86.0
istanbul,13,2026-06-07,0.8000000000000007,24.0,23.2,764.2,18.40000000000009,0.1999999999999993,1.1999999999999993,5.099999999999998,66.7,-3.299999999999997,16.7,6.5,12.5,29.9,1017.91,0.0,0.4694715627858908,0.882947592858927,7.0,0.0,23.3,23.2,87.0
istanbul,13,2026-06-08,1.1000000000000014,24.0,22.9,770.7,21.40000000000009,-0.3000000000000007,0.3999999999999986,4.199999999999999,64.4,0.6000000000000085,15.9,6.999999999999998,15.5,32.0,1018.8,0.0,0.6427876096865393,0.766044443118978,7.0,0.0,23.0,22.9,88.0
istanbul,13,2026-06-09,0.8999999999999986,23.0,22.1,826.6,-151.89999999999998,-0.09999999999999787,0.0,3.6000000000000014,72.7,-1.0,17.0,5.100000000000001,13.7,28.8,1016.09,2.12,0.9063077870366499,0.42261826174069944,7.0,0.1,22.3,22.1,89.0
istanbul,13,2026-06-10,1.1000000000000014,24.0,22.9,812.8,55.799999999999955,-0.3000000000000007,0.29999999999999716,4.099999999999998,69.7,2.299999999999997,17.1,5.799999999999997,14.2,27.7,1015.71,-1.27,0.8910065241883678,0.4539904997395468,7.0,0.0,23.1,22.9,90.0
istanbul,13,2026-06-11,0.5,24.0,23.5,775.5,22.5,0.5,0.8000000000000007,5.800000000000001,68.5,-1.0999999999999943,17.4,6.100000000000001,12.1,27.7,1015.61,2.54,0.8746197071393957,0.4848096202463371,7.0,0.0,23.7,23.5,91.0
istanbul,15,2026-03-12,-0.09999999999999964,8.0,8.1,161.5,-3.3000000000000114,0.09999999999999964,0.1999999999999993,2.0,73.8,-2.9000000000000057,3.8,4.3,16.8,33.1,1024.31,1.25,0.5591929034707469,0.8290375725550417,1.0,0.0,8.1,5.5,0.0
istanbul,15,2026-03-13,0.6999999999999993,9.0,8.3,542.8,-132.30000000000007,0.10000000000000142,0.3000000000000007,2.4000000000000004,69.7,-2.299999999999997,3.1,5.200000000000001,16.7,31.3,1020.89,1.27,0.9510565162951535,0.30901699437494745,5.0,0.0,8.3,5.7,1.0
istanbul,15,2026-03-14,1.0,9.0,8.0,241.4,-211.4,-1.0,-1.0999999999999996,1.7999999999999998,75.0,7.700000000000003,3.9,4.1,19.4,33.1,1013.21,1.27,0.8191520442889918,0.573576436351046,2.0,0.0,8.0,5.0,2.0
istanbul,15,2026-03-15,0.40000000000000036,9.0,8.6,176.6,-35.599999999999994,0.29999999999999893,0.5999999999999996,1.3999999999999995,77.0,1.0,4.8,3.8,15.8,32.8,1011.51,-1.24,0.35836794954530027,0.9335804264972017,1.0,0.0,8.6,6.2,3.0
istanbul,15,2026-03-16,0.1999999999999993,9.0,8.8,546.5,189.7,0.7000000000000011,1.5000000000000009,2.4000000000000004,72.9,-5.099999999999994,4.2,4.6000000000000005,10.1,19.4,1017.51,-1.27,0.374606593415912,0.9271838545667874,5.0,0.0,8.8,7.3,4.0
istanbul,15,2026-03-17,-0.1999999999999993,9.0,9.2,500.9,19.399999999999977,-0.3000000000000007,-0.40000000000000036,3.6999999999999993,72.8,1.2999999999999972,4.6,4.6,15.5,36.7,1018.59,0.0,0.8290375725550417,0.5591929034707468,4.0,0.0,9.2,7.0,5.0
istanbul,15,2026-03-18,1.2000000000000002,9.0,7.8,96.2,24.700000000000003,-0.10000000000000053,-0.39999999999999947,0.7999999999999998,86.0,0.0,5.6,2.2,20.7,45.4,1017.61,1.27,0.7431448254773942,0.6691306063588582,0.0,0.0,7.8,4.6,6.0
istanbul,15,2026-03-19,2.3,10.0,7.7,226.7,-36.400000000000034,-0.39999999999999947,-1.1000000000000005,0.40000000000000036,76.0,3.0,3.7,4.0,29.0,60.8,1013.41,0.0,0.7313537016191705,0.6819983600624985,2.0,0.0,7.7,3.7,7.0
istanbul,15,2026-03-20,1.9000000000000004,7.0,5.1,113.7,20.900000000000006,-0.10000000000000053,-0.10000000000000053,-0.9000000000000004,95.0,0.0,4.4,0.6999999999999993,22.2,40.0,1009.01,0.0,0.374606593415912,0.9271838545667874,1.0,33.81,5.1,1.0,8.0
istanbul,15,2026-03-21,0.9000000000000004,8.0,7.1,26.0,-70.9,-0.10000000000000053,-0.40000000000000036,0.1999999999999993,97.0,-1.0,6.7,0.39999999999999947,22.5,36.7,1008.4,2.48,0.3255681544571567,0.9455185755993168,0.0,9.19,7.1,3.6,9.0
istanbul,15,2026-03-22,0.7999999999999998,8.0,7.2,112.2,51.2,-0.5,-0.5,-0.5,99.0,0.0,7.1,0.10000000000000053,18.9,32.8,1012.8,-1.24,0.6156614753256583,0.7880107536067219,1.0,6.1,7.2,4.1,10.0
istanbul,15,2026-03-23,1.0999999999999996,8.0,6.9,92.4,1.7000000000000028,0.10000000000000053,0.10000000000000053,0.6000000000000005,99.0,0.0,6.8,0.10000000000000053,10.4,22.0,1013.51,3.72,-0.6427876096865396,0.7660444431189778,0.0,5.89,6.9,5.0,11.0
istanbul,15,2026-03-24,0.09999999999999964,9.0,8.9,149.9,-43.0,0.20000000000000107,0.40000000000000036,1.5,91.0,-2.0,7.5,1.4000000000000004,10.0,18.4,1012.09,-3.71,0.052335956242943835,0.9986295347545738,1.0,2.49,8.9,7.4,12.0
istanbul,15,2026-03-25,1.1999999999999993,11.0,9.8,652.4,53.69999999999993,-0.29999999999999893,0.0,2.3000000000000007,82.5,3.5999999999999943,7.0,2.8000000000000007,21.7,42.1,1009.69,-5.79,0.5446390350150271,0.838670567945424,6.0,2.01,9.8,7.1,13.0
istanbul,15,2026-03-26,-1.4000000000000004,11.0,12.4,463.9,-110.39999999999998,0.5999999999999996,0.5999999999999996,6.4,72.5,-2.4000000000000057,7.6,4.800000000000001,4.4,9.7,1005.99,-2.47,-0.5877852522924734,0.8090169943749473,4.0,0.0,12.4,12.4,14.0
istanbul,15,2026-03-27,1.1000000000000014,19.0,17.9,490.6,-298.4,0.3999999999999986,1.0,11.599999999999998,43.2,0.8000000000000043,5.3,12.599999999999998,19.1,37.8,1004.71,-3.71,-0.45399049973954664,-0.8910065241883679,4.0,0.0,17.9,17.9,15.0
istanbul,15,2026-03-28,0.9000000000000004,12.0,11.1,104.8,-180.39999999999998,-0.20000000000000107,0.1999999999999993,1.5,90.0,3.0,9.5,1.5999999999999996,5.9,15.5,1004.1,1.24,-0.15643446504023073,-0.9876883405951378,0.0,7.9,11.1,11.1,16.0
istanbul,15,2026-03-29,0.5,10.0,9.5,127.5,15.599999999999994,0.3000000000000007,0.5999999999999996,0.9000000000000004,94.0,-2.0,8.6,0.9000000000000004,14.2,27.4,1000.91,-2.48,-0.6018150231520483,0.7986355100472928,1.0,5.0,9.5,7.5,17.0
istanbul,15,2026-03-30,0.09999999999999964,11.0,10.9,180.8,22.30000000000001,0.5,0.9000000000000004,3.2,95.0,-1.0,10.1,0.8000000000000007,12.3,22.3,1007.48,3.29,-0.798635510047293,0.6018150231520479,1.0,28.19,10.9,10.9,18.0
istanbul,15,2026-03-31,0.8000000000000007,17.0,16.2,540.5,-64.29999999999995,0.6999999999999993,1.8999999999999986,6.899999999999999,52.5,-6.700000000000003,6.5,9.7,19.0,32.4,1009.41,0.0,-0.9335804264972016,-0.3583679495453007,5.0,0.0,16.2,16.2,19.0
istanbul,15,2026-04-01,0.6999999999999993,13.0,12.3,373.0,25.600000000000023,-0.1999999999999993,-2.5999999999999996,2.1000000000000014,80.6,2.1999999999999886,9.1,3.200000000000001,13.3,30.2,1011.62,1.23,0.7431448254773942,0.6691306063588582,3.0,0.0,12.3,12.3,20.0
istanbul,15,2026-04-02,2.9000000000000004,17.0,14.1,83.4,-1.6999999999999886,0.7999999999999989,0.5,5.5,84.7,-6.099999999999994,11.5,2.5999999999999996,13.9,22.3,1000.71,-3.72,-0.8910065241883678,-0.4539904997395469,0.0,8.89,14.1,14.1,21.0
istanbul,15,2026-04-03,1.6999999999999993,18.0,16.3,639.9,99.39999999999998,1.0,2.4000000000000004,5.700000000000001,60.4,-2.8000000000000043,8.6,7.700000000000001,18.9,33.5,1006.3,0.0,-0.5735764363510462,-0.8191520442889918,5.0,0.61,16.3,16.3,22.0
istanbul,15,2026-04-04,3.6999999999999993,13.0,9.3,116.9,30.30000000000001,-0.1999999999999993,0.0,-0.8999999999999986,97.0,-1.0,8.9,0.40000000000000036,10.6,20.9,1014.09,-1.24,-0.01745240643728356,0.9998476951563913,1.0,2.59,9.3,7.8,23.0
istanbul,15,2026-04-05,-1.1999999999999993,14.0,15.2,532.3,-60.0,0.1999999999999993,0.29999999999999893,5.5,65.2,0.6000000000000085,8.7,6.5,10.0,21.6,1022.38,0.82,-0.19080899537654467,0.981627183447664,4.0,2.49,15.2,15.2,24.0
istanbul,15,2026-04-06,0.10000000000000142,18.0,17.9,534.6,-64.39999999999998,0.5999999999999979,1.0999999999999979,10.299999999999999,38.9,0.5,3.7,14.2,8.4,21.6,1021.4,0.0,0.9659258262890683,0.25881904510252074,4.0,0.0,17.9,17.9,25.0
istanbul,15,2026-04-07,-1.0999999999999996,13.0,14.1,530.9,-91.30000000000007,1.6999999999999993,2.0999999999999996,3.0999999999999996,67.6,-3.700000000000003,8.2,5.9,3.8,9.0,1018.19,1.24,0.9781476007338056,0.20791169081775945,4.0,0.0,14.1,14.1,26.0
istanbul,15,2026-04-08,6.6,16.0,9.4,262.4,5.2999999999999545,-0.29999999999999893,-2.5,-1.6999999999999993,68.8,-8.200000000000003,3.9,5.5,27.0,50.8,1017.71,-1.24,0.4383711467890774,0.898794046299167,2.0,0.0,9.4,6.0,27.0
istanbul,15,2026-04-09,4.300000000000001,13.0,8.7,732.0,658.5,0.09999999999999964,0.5,3.1999999999999993,73.5,7.200000000000003,4.2,4.499999999999999,3.8,8.6,1016.7,-1.24,0.838670567945424,0.5446390350150271,6.0,1.91,8.7,8.5,28.0
istanbul,15,2026-04-10,0.6999999999999993,9.0,8.3,178.2,-23.100000000000023,-0.09999999999999964,0.0,2.9000000000000004,69.4,-5.799999999999997,3.1,5.200000000000001,13.8,30.6,1018.9,2.47,0.754709580222772,0.6560590289905073,1.0,0.0,8.3,6.1,29.0
istanbul,15,2026-04-11,1.4000000000000004,12.0,10.6,581.9,437.09999999999997,0.5999999999999996,0.7999999999999989,7.0,61.0,-6.799999999999997,3.4,7.199999999999999,10.1,25.2,1020.29,-2.48,0.9781476007338057,-0.20791169081775934,5.0,0.0,10.6,10.6,30.0
istanbul,15,2026-04-12,-0.1999999999999993,12.0,12.2,558.7,-65.19999999999993,-0.20000000000000107,0.5,5.1,46.8,-3.4000000000000057,1.1,11.1,10.2,22.3,1021.0,1.24,0.9335804264972017,0.3583679495453004,5.0,0.0,12.2,12.2,31.0
istanbul,15,2026-04-13,0.1999999999999993,12.0,11.8,472.2,-132.50000000000006,-0.1999999999999993,0.20000000000000107,6.700000000000001,56.8,5.599999999999994,3.6,8.200000000000001,12.2,24.5,1022.99,-1.24,0.8090169943749475,0.5877852522924731,4.0,0.0,11.8,11.8,32.0
istanbul,15,2026-04-14,0.5999999999999996,13.0,12.4,487.5,-65.20000000000005,-0.1999999999999993,-0.40000000000000036,5.800000000000001,59.1,-4.0,4.7,7.7,21.7,40.7,1023.6,1.24,0.984807753012208,0.17364817766693041,4.0,0.0,12.4,12.4,33.0
istanbul,15,2026-04-15,0.40000000000000036,12.0,11.6,637.0,31.700000000000045,-0.5,0.40000000000000036,3.8999999999999995,77.6,0.29999999999999716,7.8,3.8,16.7,34.2,1022.32,3.72,0.7071067811865476,0.7071067811865476,5.0,0.0,11.6,11.6,34.0
istanbul,15,2026-04-16,1.0,12.0,11.0,282.8,-303.59999999999997,-0.09999999999999964,-0.6999999999999993,1.9000000000000004,79.3,-1.4000000000000057,7.5,3.5,21.5,37.8,1019.61,-1.24,0.7193398003386512,0.6946583704589973,2.0,0.0,11.0,11.0,35.0
istanbul,15,2026-04-17,1.5999999999999996,12.0,10.4,117.6,-124.1,-0.09999999999999964,-0.09999999999999964,0.8000000000000007,84.0,1.2999999999999972,7.8,2.6000000000000005,26.4,44.6,1013.72,2.48,0.6018150231520483,0.7986355100472928,1.0,0.0,10.4,10.4,36.0
istanbul,15,2026-04-18,1.0,14.0,13.0,573.2,-80.59999999999991,-0.1999999999999993,0.3000000000000007,2.5,79.0,3.5999999999999943,9.5,3.5,22.1,42.5,1013.21,2.47,0.25881904510252074,0.9659258262890683,5.0,0.0,13.0,13.0,37.0
istanbul,15,2026-04-19,0.09999999999999964,15.0,14.9,566.8,-72.0,0.0,0.09999999999999964,6.4,58.3,-2.3000000000000043,6.8,8.100000000000001,13.9,28.4,1017.31,0.0,0.4694715627858908,0.882947592858927,5.0,0.0,14.9,14.9,38.0
istanbul,15,2026-04-20,1.6000000000000014,20.0,18.4,553.3,-69.20000000000005,0.5999999999999979,1.3999999999999986,9.999999999999998,35.3,-4.900000000000006,2.9,15.499999999999998,10.9,19.4,1014.09,-1.24,-0.5150380749100542,-0.8571673007021123,5.0,0.1,18.4,18.4,39.0
istanbul,15,2026-04-21,3.0999999999999996,18.0,14.9,490.7,184.89999999999998,-0.7999999999999989,-1.200000000000001,2.5999999999999996,65.3,10.0,8.5,6.4,11.4,22.7,1013.11,-2.48,0.9510565162951535,0.30901699437494745,4.0,0.0,14.9,14.9,40.0
istanbul,15,2026-04-22,2.0,10.0,8.0,329.8,227.3,0.5,0.2999999999999998,-1.0,95.0,1.0,7.3,0.7000000000000002,10.8,22.3,1017.0,0.0,0.9659258262890683,0.25881904510252074,3.0,18.8,8.0,6.2,41.0
istanbul,15,2026-04-23,1.5,14.0,12.5,589.1,-142.5,0.3000000000000007,0.9000000000000004,3.9000000000000004,58.8,-3.200000000000003,4.6,7.9,9.3,19.1,1014.8,-1.24,0.9335804264972017,0.3583679495453004,5.0,0.0,12.5,12.5,42.0
istanbul,15,2026-04-24,1.0,18.0,17.0,161.6,-639.3,0.1999999999999993,1.4000000000000004,8.2,57.7,0.9000000000000057,8.6,8.4,17.3,29.5,1013.72,1.24,-0.7986355100472928,-0.6018150231520483,1.0,0.0,17.0,17.0,43.0
istanbul,15,2026-04-25,0.0,19.0,19.0,587.7,-76.19999999999993,-0.1999999999999993,0.0,6.9,36.7,-0.7999999999999972,3.9,15.1,16.2,31.3,1015.31,0.0,0.6946583704589973,0.7193398003386512,5.0,0.0,19.0,19.0,44.0
istanbul,15,2026-04-26,1.6000000000000014,24.0,22.4,591.9,-75.10000000000002,0.5,0.5,8.899999999999999,33.7,-1.0999999999999943,5.7,16.7,17.4,29.2,1013.0,-3.71,-0.9271838545667873,-0.3746065934159123,5.0,0.0,21.6,22.4,45.0
istanbul,15,2026-04-27,3.8000000000000007,16.0,12.2,604.8,-75.90000000000009,-0.40000000000000036,-0.20000000000000107,1.5999999999999996,51.2,1.1000000000000014,2.4,9.799999999999999,19.3,50.0,1024.69,-3.29,0.9563047559630354,0.29237170472273677,5.0,0.0,12.2,12.2,46.0
istanbul,15,2026-04-28,0.5,13.0,12.5,605.1,-76.69999999999993,0.0,0.0,5.2,61.0,1.6000000000000014,5.3,7.2,17.8,28.8,1019.71,0.0,0.838670567945424,0.5446390350150271,5.0,0.0,12.5,12.5,47.0
istanbul,15,2026-04-29,-0.9000000000000004,14.0,14.9,607.0,-81.79999999999995,0.0,0.20000000000000107,7.6000000000000005,59.8,-2.700000000000003,7.1,7.800000000000001,12.1,26.3,1019.51,-2.48,0.9702957262759965,0.24192189559966767,5.0,0.0,14.9,14.9,48.0
istanbul,15,2026-04-30,1.1999999999999993,14.0,12.8,690.7,-179.89999999999998,0.20000000000000107,1.200000000000001,3.5,73.5,-1.9000000000000057,8.2,4.600000000000001,17.4,32.8,1018.8,0.0,0.838670567945424,0.5446390350150271,6.0,0.0,12.8,12.8,49.0
istanbul,15,2026-05-01,2.5999999999999996,11.0,8.4,93.7,-35.60000000000001,0.5,-0.6999999999999993,0.3000000000000007,90.8,3.299999999999997,7.0,1.4000000000000004,16.4,34.2,1021.91,-1.24,0.7193398003386512,0.6946583704589973,0.0,26.39,8.4,5.9,50.0
istanbul,15,2026-05-02,1.0999999999999996,12.0,10.9,830.0,-60.89999999999998,1.200000000000001,1.700000000000001,3.5,66.0,-7.799999999999997,4.8,6.1000000000000005,29.3,55.4,1019.4,-2.47,0.754709580222772,0.6560590289905073,7.0,0.3,10.9,10.9,51.0
istanbul,15,2026-05-03,1.5999999999999996,12.0,10.4,260.6,112.10000000000002,0.20000000000000107,-0.5,2.0,79.4,-1.8999999999999915,7.0,3.4000000000000004,33.6,65.5,1014.6,-1.24,0.6946583704589973,0.7193398003386512,2.0,5.11,10.4,10.4,52.0
istanbul,15,2026-05-04,0.6999999999999993,14.0,13.3,438.4,60.39999999999998,0.8000000000000007,1.3000000000000007,3.5,52.1,-8.699999999999996,3.7,9.600000000000001,14.7,36.4,1015.31,0.0,-0.4383711467890778,0.8987940462991668,4.0,0.0,13.3,13.3,53.0
istanbul,15,2026-05-05,0.09999999999999964,15.0,14.9,642.8,-77.0,0.09999999999999964,1.200000000000001,3.200000000000001,60.2,1.8000000000000043,7.3,7.6000000000000005,12.8,25.6,1017.0,2.46,-0.29237170472273716,0.9563047559630353,5.0,0.0,14.9,14.9,54.0
istanbul,15,2026-05-06,-0.1999999999999993,17.0,17.2,622.7,-69.69999999999993,-0.40000000000000213,-1.0,8.7,49.9,-0.8000000000000043,6.7,10.5,10.1,22.3,1017.31,-4.93,0.27563735581699916,0.9612616959383189,5.0,0.0,17.2,17.2,55.0
istanbul,15,2026-05-07,0.0,22.0,22.0,605.8,-92.40000000000009,0.0,1.6000000000000014,13.8,42.9,3.5,8.8,13.2,13.3,24.8,1018.08,-0.82,-0.8191520442889916,-0.5735764363510464,5.0,0.0,21.3,22.0,56.0
istanbul,15,2026-05-08,2.1999999999999993,25.0,22.8,420.8,21.19999999999999,-0.8000000000000007,-0.3000000000000007,6.9,37.8,1.8999999999999986,7.7,15.100000000000001,21.8,41.0,1018.29,2.46,-0.882947592858927,-0.46947156278589075,3.0,0.0,22.2,22.8,57.0
istanbul,15,2026-05-09,0.8999999999999986,24.0,23.1,638.0,-124.70000000000005,1.6000000000000014,2.3000000000000007,9.000000000000002,49.7,-2.799999999999997,12.0,11.100000000000001,18.6,32.0,1014.7,-1.24,-0.9743700647852351,-0.22495105434386525,5.0,0.41,22.7,23.1,58.0
istanbul,15,2026-05-10,-0.10000000000000142,20.0,20.1,788.2,17.800000000000068,-1.2999999999999972,-0.7999999999999972,4.500000000000002,63.1,2.6000000000000014,12.9,7.200000000000001,11.7,24.1,1015.92,1.24,0.5150380749100542,0.8571673007021123,7.0,0.0,20.1,20.1,59.0
istanbul,15,2026-05-11,1.5,26.0,24.5,647.8,-71.90000000000009,1.0,2.3999999999999986,10.1,57.9,-1.6000000000000014,15.7,8.8,5.2,13.0,1012.8,-2.46,0.9510565162951535,0.30901699437494745,6.0,0.0,24.5,24.5,60.0
istanbul,15,2026-05-12,2.6999999999999993,27.0,24.3,763.4,53.39999999999998,-0.3000000000000007,0.6999999999999993,5.900000000000002,47.6,1.6000000000000014,12.5,11.8,18.0,34.6,1005.01,-2.47,-0.882947592858927,-0.46947156278589075,7.0,0.0,24.0,24.3,61.0
istanbul,15,2026-05-13,3.8000000000000007,23.0,19.2,682.2,-37.799999999999955,1.3999999999999986,0.8000000000000007,3.5,63.0,-6.299999999999997,12.0,7.199999999999999,12.7,19.1,1005.89,-3.31,0.9063077870366499,0.42261826174069944,6.0,0.2,19.2,19.2,62.0
istanbul,15,2026-05-14,0.5999999999999996,15.0,14.4,759.8,176.5999999999999,0.5999999999999996,0.9000000000000004,2.9000000000000004,59.3,-8.0,6.6,7.800000000000001,15.9,32.8,1006.6,2.46,0.5446390350150271,0.838670567945424,7.0,2.69,14.4,14.4,63.0
istanbul,15,2026-05-15,1.1000000000000014,21.0,19.9,620.4,-73.80000000000007,0.29999999999999716,-1.0,11.299999999999999,49.6,-4.199999999999996,9.1,10.799999999999999,16.2,24.8,1009.21,1.24,-0.6819983600624984,-0.7313537016191706,5.0,0.0,19.9,19.9,64.0
istanbul,15,2026-05-16,2.3999999999999986,26.0,23.6,644.2,-70.19999999999993,0.0,1.5,10.000000000000002,38.8,-3.3000000000000043,8.8,14.8,14.2,24.1,1006.4,-1.24,-0.6018150231520484,-0.7986355100472928,5.0,0.0,23.0,23.6,65.0
istanbul,15,2026-05-17,3.8999999999999986,22.0,18.1,669.1,-218.0,0.7000000000000028,3.0000000000000018,1.3000000000000007,61.8,-10.400000000000006,10.7,7.400000000000002,12.9,23.4,1004.71,2.47,0.5446390350150271,0.838670567945424,6.0,3.2,18.1,18.1,66.0
istanbul,15,2026-05-18,1.1999999999999993,22.0,20.8,706.1,-89.5,0.0,0.9000000000000021,8.0,53.9,6.299999999999997,11.1,9.700000000000001,13.5,23.0,1013.21,2.47,-0.9335804264972016,-0.3583679495453007,6.0,0.0,20.8,20.8,67.0
istanbul,15,2026-05-19,0.6999999999999993,21.0,20.3,656.8,-70.90000000000009,-0.5999999999999979,-0.5,6.5,42.9,-1.3999999999999986,7.3,13.0,12.5,28.8,1013.99,1.24,0.6691306063588582,0.7431448254773942,6.0,0.0,20.3,20.3,68.0
istanbul,15,2026-05-20,2.1999999999999993,19.0,16.8,307.2,9.399999999999977,-1.3000000000000007,-0.8000000000000007,2.0,82.1,8.299999999999997,13.7,3.1000000000000014,22.3,46.1,1011.11,2.47,-0.3090169943749477,0.9510565162951535,2.0,0.3,16.8,16.8,69.0
istanbul,15,2026-05-21,0.5,20.0,19.5,228.6,-19.400000000000006,0.6999999999999993,0.8000000000000007,2.6000000000000014,68.2,-3.700000000000003,13.6,5.9,12.9,27.4,1013.11,1.24,0.0697564737441253,0.9975640502598242,2.0,0.3,19.5,19.5,70.0
istanbul,15,2026-05-22,1.0,18.0,17.0,75.5,-802.7,-3.0,-1.8999999999999986,1.5,90.0,9.900000000000006,15.4,1.5999999999999996,9.6,20.5,1015.31,2.47,0.224951054343865,0.9743700647852352,0.0,1.91,17.0,17.0,71.0
istanbul,15,2026-05-23,0.1999999999999993,18.0,17.8,259.1,-664.1999999999999,0.10000000000000142,0.6999999999999993,2.3000000000000007,77.0,-0.09999999999999432,13.7,4.100000000000001,10.4,21.2,1018.02,1.23,-0.05233595624294437,0.9986295347545738,2.0,0.0,17.8,17.8,72.0
istanbul,15,2026-05-24,1.3000000000000007,20.0,18.7,753.1,-34.69999999999993,-0.10000000000000142,0.1999999999999993,2.6999999999999993,79.0,-0.09999999999999432,15.0,3.6999999999999993,17.9,36.7,1020.39,0.0,-0.05233595624294437,0.9986295347545738,7.0,0.2,18.7,18.7,73.0
istanbul,15,2026-05-25,-0.10000000000000142,23.0,23.1,649.1,-73.19999999999993,0.8000000000000007,1.5,6.600000000000001,50.9,-3.3999999999999986,12.4,10.700000000000001,12.0,19.4,1023.1,0.0,0.3420201433256687,0.9396926207859084,6.0,0.0,22.8,23.1,74.0
istanbul,15,2026-05-26,1.6999999999999993,23.0,21.3,663.6,-73.69999999999993,-0.1999999999999993,-0.5999999999999979,5.700000000000001,67.6,0.3999999999999915,15.1,6.200000000000001,13.7,33.8,1022.11,-1.24,0.25881904510252074,0.9659258262890683,6.0,0.0,21.2,21.3,75.0
istanbul,15,2026-05-27,0.3000000000000007,24.0,23.7,364.9,-374.6,-0.6999999999999993,-0.6000000000000014,10.2,47.0,-1.2000000000000028,11.7,12.0,10.2,20.9,1016.9,2.47,0.766044443118978,0.6427876096865394,3.0,0.0,23.3,23.7,76.0
istanbul,15,2026-05-28,4.699999999999999,27.0,22.3,781.5,53.299999999999955,-0.8999999999999986,-3.099999999999998,4.100000000000001,76.8,5.700000000000003,18.1,4.199999999999999,14.4,32.0,1011.31,-1.24,0.27563735581699916,0.9612616959383189,7.0,0.0,22.6,22.3,77.0
istanbul,15,2026-05-29,0.6000000000000014,19.0,18.4,672.0,-70.70000000000005,0.29999999999999716,0.1999999999999993,1.7999999999999972,57.5,-0.29999999999999716,9.9,8.499999999999998,8.7,23.0,1021.0,2.47,-0.1564344650402311,0.9876883405951377,6.0,0.0,18.4,18.4,78.0
istanbul,15,2026-05-30,2.3000000000000007,24.0,21.7,667.7,-71.29999999999995,0.5,1.0999999999999979,8.1,39.0,-4.899999999999999,7.2,14.5,27.7,30.6,1015.1,-2.47,-0.6946583704589973,-0.7193398003386511,6.0,0.0,20.9,21.7,79.0
istanbul,15,2026-05-31,4.399999999999999,26.0,21.6,209.5,16.0,-0.1999999999999993,0.5,5.5,53.2,-1.5,11.6,10.000000000000002,13.8,22.0,1013.11,2.47,-0.7771459614569706,-0.6293203910498378,1.0,0.0,21.2,21.6,80.0
istanbul,15,2026-06-01,1.1999999999999993,26.0,24.8,134.3,-725.0999999999999,-0.8999999999999986,-0.8999999999999986,7.300000000000001,58.8,3.299999999999997,16.2,8.600000000000001,4.7,13.7,1014.29,1.23,0.17364817766693033,0.984807753012208,1.0,0.0,24.8,24.8,81.0
istanbul,15,2026-06-02,1.1000000000000014,30.0,28.9,788.4,36.60000000000002,0.5,1.1999999999999993,11.399999999999999,36.4,-3.3999999999999986,12.6,16.299999999999997,19.3,36.0,1013.72,-2.47,-0.7660444431189779,-0.6427876096865395,7.0,0.0,28.2,28.9,82.0
istanbul,15,2026-06-03,1.5,30.0,28.5,662.0,-73.0,0.3999999999999986,1.3999999999999986,9.0,35.2,1.3000000000000043,11.7,16.8,19.8,30.2,1012.09,3.81,-0.754709580222772,-0.6560590289905073,6.0,0.0,27.8,28.5,83.0
istanbul,15,2026-06-04,1.6000000000000014,31.0,29.4,665.2,-75.09999999999991,1.0999999999999979,1.6999999999999993,9.799999999999997,34.6,-2.1000000000000014,12.2,17.2,14.3,29.9,1010.3,-1.27,-0.8290375725550418,-0.5591929034707466,6.0,0.0,28.5,29.4,84.0
istanbul,15,2026-06-05,0.5,22.0,21.5,659.5,-57.5,-1.5,-1.3999999999999986,1.8999999999999986,75.6,5.5,17.1,4.399999999999999,15.0,28.1,1014.39,0.0,0.374606593415912,0.9271838545667874,6.0,0.0,21.7,21.5,85.0
istanbul,15,2026-06-06,-0.6000000000000014,22.0,22.6,671.4,-66.20000000000005,0.10000000000000142,0.20000000000000284,5.300000000000001,70.6,-2.5,17.0,5.600000000000001,11.1,25.2,1016.7,0.0,0.6427876096865393,0.766044443118978,6.0,0.0,22.7,22.6,86.0
istanbul,15,2026-06-07,0.3999999999999986,24.0,23.6,671.0,-64.70000000000005,0.0,0.40000000000000213,5.5,63.8,2.0999999999999943,16.4,7.200000000000003,11.0,25.2,1017.61,1.27,0.39073112848927377,0.9205048534524404,6.0,0.0,23.7,23.6,87.0
istanbul,15,2026-06-08,0.6999999999999993,24.0,23.3,672.8,-69.70000000000005,0.3000000000000007,0.40000000000000213,4.600000000000001,60.9,-3.6000000000000014,15.4,7.9,14.0,24.5,1018.29,2.12,0.5446390350150271,0.838670567945424,6.0,0.0,23.3,23.3,88.0
istanbul,15,2026-06-09,1.0,23.0,22.0,626.8,111.09999999999991,0.0,-0.10000000000000142,3.5,74.5,-0.5,17.3,4.699999999999999,16.7,30.2,1015.31,0.0,0.754709580222772,0.6560590289905073,5.0,0.1,22.2,22.0,89.0
istanbul,15,2026-06-10,0.8000000000000007,24.0,23.2,688.2,-65.59999999999991,0.1999999999999993,0.3000000000000007,4.399999999999999,69.0,-0.7000000000000028,17.2,6.0,17.1,29.9,1015.51,-1.27,0.8090169943749475,0.5877852522924731,6.0,0.0,23.3,23.2,90.0
istanbul,15,2026-06-11,1.0,24.0,23.0,684.4,-70.10000000000002,-0.3000000000000007,-0.5,5.300000000000001,70.9,2.9000000000000057,17.4,5.600000000000001,11.2,32.0,1015.21,1.27,0.754709580222772,0.6560590289905073,6.0,0.0,23.2,23.0,91.0
chicago,8,2026-03-12,8.4,7.0,-1.4,37.0,35.9,0.40000000000000013,0.40000000000000013,0.40000000000000013,82.0,0.0,-4.0,2.6,4.2,11.2,999.49,-1.52,-0.9396926207859084,-0.34202014332566855,0.0,0.0,-1.4,-2.3,1.0
chicago,8,2026-03-13,4.1,8.0,3.9,34.1,33.2,-3.9,-2.5000000000000004,-2.5000000000000004,61.0,5.0,-2.9,6.8,19.9,42.1,974.5,0.0,-0.984807753012208,-0.17364817766693033,0.0,0.99,3.9,-0.2,2.0
chicago,8,2026-03-14,2.2,2.0,-0.2,57.3,55.8,0.7,0.49999999999999994,0.49999999999999994,62.4,-0.20000000000000284,-6.5,6.3,2.4,7.2,1000.0,0.0,-0.1736481776669304,0.984807753012208,0.0,0.0,-0.2,-0.2,3.0
chicago,8,2026-03-15,12.5,17.0,4.5,57.5,56.0,1.0,1.2999999999999998,1.2999999999999998,64.6,-2.4000000000000057,-1.5,6.0,0.4,5.4,976.5,-1.52,-0.32556815445715676,-0.9455185755993167,0.0,0.0,4.5,4.5,4.0
chicago,8,2026-03-16,4.1,-1.0,-5.1,60.0,58.5,-0.2999999999999998,-0.6999999999999993,-0.6999999999999993,93.0,-2.0,-6.1,1.0,7.6,25.6,977.11,6.1,-0.9816271834476639,0.1908089953765451,0.0,0.0,-5.1,-8.1,5.0
chicago,8,2026-03-17,5.9,-4.0,-9.9,39.1,35.800000000000004,0.29999999999999893,-0.09999999999999964,-0.09999999999999964,70.0,2.4000000000000057,-14.3,4.4,2.7,9.4,998.41,3.05,-0.9659258262890684,0.2588190451025203,0.0,0.0,-9.9,-10.6,6.0
chicago,8,2026-03-18,11.9,8.0,-3.9,43.1,41.6,0.30000000000000027,0.6000000000000001,0.6000000000000001,80.0,-2.200000000000003,-6.8,2.9,8.0,22.0,994.79,0.0,0.01745240643728344,-0.9998476951563913,0.0,0.0,-3.9,-6.8,7.0
chicago,8,2026-03-19,13.7,17.0,3.3,49.3,44.3,1.5999999999999999,1.7999999999999998,1.7999999999999998,76.6,-4.400000000000006,-0.5,3.8,2.9,5.4,995.09,3.05,-0.22495105434386498,-0.9743700647852352,0.0,0.0,3.3,3.3,8.0
chicago,8,2026-03-20,11.1,22.0,10.9,79.4,75.80000000000001,0.0,-0.09999999999999964,-0.09999999999999964,69.0,0.0,5.4,5.5,7.3,14.8,984.69,0.0,-0.656059028990507,-0.7547095802227721,0.0,0.0,10.9,10.9,9.0
chicago,8,2026-03-21,17.5,25.0,7.5,39.6,37.1,0.5999999999999996,0.9000000000000004,0.9000000000000004,74.0,-2.0,3.2,4.3,0.0,1.8,990.32,0.0,-0.46947156278589086,-0.8829475928589269,0.0,0.0,7.5,7.5,10.0
chicago,8,2026-03-22,14.7,21.0,6.3,79.9,74.9,-1.7000000000000002,-3.6000000000000005,-3.6000000000000005,70.0,1.7999999999999972,1.2,5.1,11.9,23.8,984.39,-1.52,0.29237170472273677,0.9563047559630354,0.0,0.0,6.3,3.9,11.0
chicago,8,2026-03-23,5.5,5.0,-0.5,44.9,35.099999999999994,0.09999999999999998,0.19999999999999996,0.19999999999999996,63.4,-3.6000000000000014,-6.6,6.1,8.0,16.6,1005.01,-1.52,-0.45399049973954697,0.8910065241883678,0.0,0.0,-0.5,-3.3,12.0
chicago,8,2026-03-24,10.8,11.0,0.2,87.1,76.6,1.0,1.0,1.0,55.4,-0.6000000000000014,-7.7,7.9,3.8,9.4,1006.3,0.0,-0.0348994967025009,-0.9993908270190958,0.0,0.0,0.2,-0.7,13.0
chicago,8,2026-03-25,14.7,22.0,7.3,101.8,90.8,1.2000000000000002,0.5999999999999996,0.5999999999999996,51.6,-2.3999999999999986,-2.0,9.3,8.5,14.8,994.79,-1.02,0.10452846326765373,-0.9945218953682733,0.0,0.0,7.3,5.7,14.0
chicago,8,2026-03-26,3.5,19.0,15.5,76.5,62.3,3.5,4.199999999999999,4.199999999999999,79.8,-5.6000000000000085,12.0,3.5,1.3,3.6,983.1,-1.52,-0.8090169943749473,-0.5877852522924732,0.0,0.0,15.5,15.5,15.0
chicago,8,2026-03-27,7.2,7.0,-0.2,79.2,69.3,0.0,0.09999999999999998,0.09999999999999998,68.0,-3.0,-5.4,5.2,8.4,18.4,1006.4,0.0,-0.034899496702500823,0.9993908270190958,0.0,0.0,-0.2,-3.0,16.0
chicago,8,2026-03-28,10.8,9.0,-1.8,125.3,110.0,1.2,0.9999999999999998,0.9999999999999998,53.4,-3.3999999999999986,-10.0,8.2,2.0,3.6,1015.92,1.52,-0.9961946980917455,-0.08715574274765825,1.0,0.0,-1.8,-1.8,17.0
chicago,8,2026-03-29,11.1,17.0,5.9,102.1,82.8,0.6000000000000005,0.9000000000000004,0.9000000000000004,55.8,-4.200000000000003,-2.3,8.2,7.5,14.8,1000.51,1.52,-0.29237170472273677,-0.9563047559630354,0.0,0.0,5.9,4.6,18.0
chicago,8,2026-03-30,13.6,27.0,13.4,45.8,34.5,1.4000000000000004,2.200000000000001,2.200000000000001,59.0,-2.0,5.5,7.9,3.7,7.2,990.11,-4.57,-0.6293203910498376,-0.7771459614569708,0.0,0.0,13.4,13.4,19.0
chicago,8,2026-03-31,0.8999999999999986,20.0,19.1,24.3,19.0,0.3000000000000007,0.3000000000000007,0.3000000000000007,68.0,0.0,13.1,6.000000000000002,9.2,20.2,983.31,-1.52,-0.4226182617406993,-0.90630778703665,0.0,0.0,19.1,19.1,20.0
chicago,8,2026-04-01,2.0,4.0,2.0,53.9,47.199999999999996,-0.10000000000000009,-0.10000000000000009,-0.10000000000000009,81.0,-1.0,-0.9,2.9,9.3,18.4,1000.2,0.0,0.224951054343865,0.9743700647852352,0.0,0.0,2.0,-0.6,21.0
chicago,8,2026-04-02,16.9,21.0,4.1,17.4,13.799999999999999,0.39999999999999947,0.5999999999999996,0.5999999999999996,95.0,1.0,3.4,0.6999999999999997,2.3,7.2,988.99,0.0,0.24192189559966773,-0.9702957262759965,0.0,19.3,4.1,4.1,22.0
chicago,8,2026-04-03,8.9,17.0,8.1,49.1,39.8,-0.3000000000000007,-0.5999999999999996,-0.5999999999999996,83.0,-1.0,5.4,2.6999999999999993,8.3,14.8,993.3,-1.52,-0.8987940462991668,-0.43837114678907774,0.0,0.2,8.1,6.8,23.0
chicago,8,2026-04-04,4.199999999999999,13.0,8.8,62.4,53.9,0.8000000000000007,1.200000000000001,1.200000000000001,96.0,0.0,8.2,0.6000000000000014,2.7,7.2,986.12,0.0,-0.4067366430758002,-0.9135454576426009,0.0,7.8,8.8,8.8,24.0
chicago,8,2026-04-05,9.0,12.0,3.0,51.1,26.5,0.2999999999999998,-0.10000000000000009,-0.10000000000000009,70.0,-2.0,-1.9,4.9,5.5,14.8,995.9,0.0,-0.9271838545667873,-0.3746065934159123,0.0,0.0,3.0,1.8,25.0
chicago,8,2026-04-06,4.4,10.0,5.6,111.7,90.0,0.6999999999999993,0.2999999999999998,0.2999999999999998,79.8,-5.200000000000003,2.4,3.1999999999999997,5.5,16.6,999.7,-3.05,-0.8571673007021123,0.5150380749100542,1.0,2.59,5.6,4.9,26.0
chicago,8,2026-04-07,3.5,3.0,-0.5,168.8,141.8,1.3,1.1,1.1,52.2,-4.599999999999994,-9.1,8.6,6.1,13.0,1011.01,3.05,0.8480480961564261,0.5299192642332049,1.0,0.0,-0.5,-2.1,27.0
chicago,8,2026-04-08,17.6,22.0,4.4,121.5,94.7,0.8000000000000003,1.3000000000000003,1.3000000000000003,53.4,-4.399999999999999,-4.2,8.600000000000001,9.3,20.2,1001.9,-3.05,0.13917310096006533,-0.9902680687415704,1.0,0.2,4.4,2.4,28.0
chicago,8,2026-04-09,8.2,21.0,12.8,83.1,73.5,0.40000000000000036,-0.29999999999999893,-0.29999999999999893,69.4,-0.5999999999999943,7.3,5.500000000000001,1.2,7.2,996.0,-1.52,-0.43837114678907746,-0.8987940462991669,0.0,0.0,12.8,12.8,29.0
chicago,8,2026-04-10,5.6,12.0,6.4,24.8,20.6,-0.09999999999999964,-0.6999999999999993,-0.6999999999999993,95.0,1.0,5.7,0.7000000000000002,6.1,14.8,998.82,1.52,0.5299192642332049,0.848048096156426,0.0,10.39,6.4,5.4,30.0
chicago,8,2026-04-11,6.2,13.0,6.8,109.0,81.2,5.3,6.0,6.0,72.8,-19.200000000000003,2.3,4.5,0.8,3.6,1007.01,-1.52,0.10452846326765373,-0.9945218953682733,1.0,0.0,6.8,6.8,31.0
chicago,8,2026-04-12,8.8,26.0,17.2,162.1,120.39999999999999,1.5,2.3999999999999986,2.3999999999999986,69.2,-3.3999999999999915,11.5,5.699999999999999,7.1,22.0,991.81,0.0,-0.32556815445715676,-0.9455185755993167,1.0,0.0,17.2,17.2,32.0
chicago,8,2026-04-13,7.899999999999999,26.0,18.1,85.8,57.099999999999994,0.0,0.0,0.0,91.0,1.0,16.6,1.5,5.5,11.2,988.79,1.52,-0.5000000000000001,-0.8660254037844386,0.0,0.79,18.1,18.1,33.0
chicago,8,2026-04-14,13.8,28.0,14.2,77.5,73.6,0.09999999999999964,-0.40000000000000036,-0.40000000000000036,90.0,-1.4000000000000057,12.6,1.5999999999999996,7.3,16.6,986.69,0.0,0.06975647374412552,-0.9975640502598242,0.0,4.6,14.2,14.2,34.0
chicago,8,2026-04-15,5.199999999999999,22.0,16.8,119.6,116.19999999999999,-0.1999999999999993,-2.099999999999998,-2.099999999999998,93.0,1.0,15.7,1.1000000000000014,1.8,3.6,983.92,1.52,-0.34202014332566866,-0.9396926207859084,1.0,14.71,16.8,16.8,35.0
chicago,8,2026-04-16,6.800000000000001,23.0,16.2,131.1,116.3,0.6999999999999993,1.0999999999999996,1.0999999999999996,92.0,0.0,14.9,1.299999999999999,3.2,16.6,983.1,1.52,-0.8910065241883678,-0.4539904997395469,1.0,3.1,16.2,16.2,36.0
chicago,8,2026-04-17,12.9,27.0,14.1,134.8,100.00000000000001,3.5,3.9000000000000004,3.9000000000000004,90.6,-7.400000000000006,12.6,1.5,4.0,9.4,989.4,3.05,-0.017452406437283637,-0.9998476951563913,1.0,0.0,14.1,14.1,37.0
chicago,8,2026-04-18,9.4,17.0,7.6,125.9,105.80000000000001,-0.5,-1.3000000000000007,-1.3000000000000007,72.2,-5.799999999999997,2.9,4.699999999999999,7.8,18.4,985.0,-1.52,-0.9659258262890684,0.2588190451025203,1.0,3.61,7.6,6.3,38.0
chicago,8,2026-04-19,3.3,9.0,5.7,209.5,171.4,3.0,3.8000000000000003,3.8000000000000003,57.2,-12.799999999999997,-2.1,7.800000000000001,2.9,5.4,996.21,-3.05,-0.8660254037844385,-0.5000000000000004,2.0,0.0,5.7,5.7,39.0
chicago,8,2026-04-20,6.8,13.0,6.2,234.6,203.6,5.1,5.7,5.7,60.4,-24.6,-0.9,7.1000000000000005,1.6,5.4,1005.11,0.0,-0.08715574274765794,-0.9961946980917455,2.0,0.0,6.2,6.2,40.0
chicago,8,2026-04-21,10.8,24.0,13.2,246.1,199.3,2.0,3.0999999999999996,3.0999999999999996,58.6,-3.0,5.3,7.8999999999999995,6.6,23.8,991.2,1.52,-0.587785252292473,-0.8090169943749475,2.0,0.0,13.2,13.2,41.0
chicago,8,2026-04-22,3.5,22.0,18.5,237.4,186.8,1.6999999999999993,2.3000000000000007,2.3000000000000007,75.4,-3.5999999999999943,14.1,4.4,5.8,16.6,989.4,1.52,-0.9396926207859084,-0.34202014332566855,2.0,0.0,18.5,18.5,42.0
chicago,8,2026-04-23,9.8,27.0,17.2,256.6,208.90000000000003,3.5,5.5,5.5,77.8,-8.200000000000003,13.3,3.8999999999999986,1.9,9.4,989.2,1.52,-0.5735764363510462,-0.8191520442889918,2.0,0.0,17.2,17.2,43.0
chicago,8,2026-04-24,1.6999999999999993,22.0,20.3,223.1,159.7,0.1999999999999993,0.5,0.5,71.4,0.4000000000000057,14.9,5.4,5.2,14.8,979.21,1.52,-0.32556815445715676,-0.9455185755993167,2.0,0.0,20.3,20.3,44.0
chicago,8,2026-04-25,4.800000000000001,13.0,8.2,89.8,48.0,0.09999999999999964,0.4999999999999991,0.4999999999999991,90.0,2.0,6.7,1.4999999999999991,2.9,9.4,992.42,-1.52,0.03489949670250097,0.9993908270190958,0.0,0.0,8.2,8.2,45.0
chicago,8,2026-04-26,6.4,15.0,8.6,67.7,40.2,1.0999999999999996,2.0,2.0,93.2,0.20000000000000284,7.6,1.0,1.6,7.2,995.4,1.52,0.8480480961564261,0.5299192642332049,0.0,0.0,8.6,8.6,46.0
chicago,8,2026-04-27,6.4,20.0,13.6,137.5,101.4,0.5999999999999996,1.0999999999999996,1.0999999999999996,76.0,-2.0,9.5,4.1,2.9,13.0,986.79,1.52,-0.08715574274765794,-0.9961946980917455,1.0,0.0,13.6,13.6,47.0
chicago,8,2026-04-28,7.699999999999999,18.0,10.3,49.0,29.4,-0.29999999999999893,-0.29999999999999893,-0.29999999999999893,80.0,1.5999999999999943,7.0,3.3000000000000007,4.2,11.2,988.01,1.52,-0.7660444431189779,-0.6427876096865395,0.0,0.3,10.3,10.3,48.0
chicago,8,2026-04-29,3.4000000000000004,14.0,10.6,153.3,134.60000000000002,-0.40000000000000036,-1.0,-1.0,75.0,4.0,6.4,4.199999999999999,4.3,16.6,989.81,0.0,0.08715574274765817,0.9961946980917455,1.0,0.0,10.6,10.6,49.0
chicago,8,2026-04-30,5.3,12.0,6.7,153.5,106.5,2.8000000000000003,3.9000000000000004,3.9000000000000004,93.4,-3.5999999999999943,5.7,1.0,0.2,1.8,994.21,0.0,-0.8746197071393959,-0.48480962024633684,1.0,0.2,6.7,6.7,50.0
chicago,8,2026-05-01,3.2,9.0,5.8,276.3,225.3,1.2999999999999998,1.5999999999999996,1.5999999999999996,82.0,-7.0,2.9,2.9,3.0,9.4,993.4,-3.05,-0.8090169943749476,0.5877852522924729,2.0,3.3,5.8,5.8,51.0
chicago,8,2026-05-02,7.0,13.0,6.0,263.9,226.79999999999998,5.1,6.8,6.8,64.0,-27.799999999999997,-0.3,6.3,1.3,5.4,996.89,0.0,-0.8987940462991668,-0.43837114678907774,2.0,0.0,6.0,6.0,52.0
chicago,8,2026-05-03,10.5,20.0,9.5,108.0,11.599999999999994,0.40000000000000036,1.3000000000000007,1.3000000000000007,54.0,0.7999999999999972,0.7,8.8,6.6,16.6,990.69,2.03,-0.6819983600624984,-0.7313537016191706,1.0,0.0,9.5,8.8,53.0
chicago,8,2026-05-04,11.5,26.0,14.5,305.1,260.5,3.3000000000000007,4.4,4.4,60.0,-12.0,6.8,7.7,3.0,9.4,979.78,1.02,-0.43837114678907746,-0.8987940462991669,2.0,0.0,14.5,14.5,54.0
chicago,8,2026-05-05,7.699999999999999,16.0,8.3,58.8,51.5,-0.7999999999999989,-2.1999999999999993,-2.1999999999999993,61.0,-2.799999999999997,1.2,7.1000000000000005,2.4,7.2,985.61,-4.57,-0.9455185755993168,-0.32556815445715664,0.0,0.99,8.3,8.1,55.0
chicago,8,2026-05-06,4.300000000000001,14.0,9.7,264.8,168.5,3.0999999999999996,4.8999999999999995,4.8999999999999995,45.6,-18.199999999999996,-1.5,11.2,0.4,3.6,990.11,1.52,-0.32556815445715676,-0.9455185755993167,2.0,0.0,9.7,9.7,56.0
chicago,8,2026-05-07,8.5,15.0,6.5,161.3,103.50000000000001,2.7,4.6,4.6,53.0,-11.200000000000003,-2.4,8.9,2.8,5.4,992.52,0.0,-0.7193398003386512,-0.6946583704589973,1.0,0.0,6.5,6.5,57.0
chicago,8,2026-05-08,9.4,19.0,9.6,150.9,91.0,3.5,5.6,5.6,79.8,-13.200000000000003,6.3,3.3,0.1,1.8,987.81,-4.57,-0.2419218955996675,-0.9702957262759965,1.0,0.0,9.6,9.6,58.0
chicago,8,2026-05-09,10.5,24.0,13.5,302.8,221.3,1.9000000000000004,1.9000000000000004,1.9000000000000004,78.8,-8.200000000000003,9.9,3.5999999999999996,5.3,14.8,980.29,-1.52,-0.7986355100472928,-0.6018150231520483,2.0,0.0,13.5,13.5,59.0
chicago,8,2026-05-10,5.1,18.0,12.9,328.8,283.1,5.0,6.4,6.4,37.6,-21.4,-1.3,14.200000000000001,0.1,1.8,994.62,0.0,-0.6427876096865393,-0.766044443118978,3.0,0.0,12.9,12.9,60.0
chicago,8,2026-05-11,3.5999999999999996,13.0,9.4,328.9,270.2,2.0,3.1000000000000005,3.1000000000000005,60.4,-11.199999999999996,2.1,7.300000000000001,3.1,11.2,999.8,-1.52,0.0,1.0,3.0,0.0,9.4,9.4,61.0
chicago,8,2026-05-12,11.9,22.0,10.1,186.2,89.69999999999999,1.9000000000000004,2.6999999999999993,2.6999999999999993,44.6,-11.399999999999999,-1.4,11.5,6.8,14.8,995.8,0.0,-0.06975647374412527,-0.9975640502598242,1.0,0.0,10.1,10.1,62.0
chicago,8,2026-05-13,1.4000000000000004,14.0,12.6,184.1,102.8,0.09999999999999964,-0.8000000000000007,-0.8000000000000007,58.8,-1.4000000000000057,4.7,7.8999999999999995,5.3,16.6,990.32,4.57,-0.4226182617406992,0.90630778703665,1.0,0.0,12.6,12.6,63.0
chicago,8,2026-05-14,7.300000000000001,19.0,11.7,340.3,257.1,3.5,5.799999999999999,5.799999999999999,54.0,-13.0,2.7,9.0,1.7,5.4,997.29,-1.52,-0.9396926207859084,-0.34202014332566855,3.0,0.0,11.7,11.7,64.0
chicago,8,2026-05-15,8.2,24.0,15.8,81.7,11.100000000000009,1.700000000000001,2.8000000000000007,2.8000000000000007,46.0,-6.200000000000003,4.2,11.600000000000001,5.9,18.4,990.11,1.52,-0.39073112848927355,-0.9205048534524404,0.0,0.0,15.8,15.8,65.0
chicago,8,2026-05-16,10.8,28.0,17.2,122.4,107.80000000000001,-2.0,-0.5,-0.5,86.6,15.199999999999989,15.0,2.1999999999999993,7.1,29.5,985.0,4.57,-0.8191520442889918,0.573576436351046,1.0,1.3,17.2,17.2,66.0
chicago,8,2026-05-17,8.100000000000001,30.0,21.9,251.3,108.4,1.5,2.6999999999999993,2.6999999999999993,76.4,-5.3999999999999915,17.5,4.399999999999999,1.4,3.6,989.3,4.57,-0.275637355816999,-0.9612616959383189,2.0,0.0,22.1,21.9,67.0
chicago,8,2026-05-18,1.8999999999999986,26.0,24.1,36.4,-31.000000000000007,-0.09999999999999787,0.0,0.0,67.0,1.0,17.6,6.5,5.4,20.2,986.12,-1.52,-0.275637355816999,-0.9612616959383189,0.0,0.0,24.3,24.1,68.0
chicago,8,2026-05-19,5.0,26.0,21.0,245.0,156.9,0.5,0.6999999999999993,0.6999999999999993,79.0,0.0,17.2,3.8000000000000007,10.4,25.6,987.5,3.05,-0.6946583704589973,-0.7193398003386511,2.0,0.0,21.0,21.0,69.0
chicago,8,2026-05-20,3.0999999999999996,16.0,12.9,348.5,215.3,0.9000000000000004,1.0999999999999996,1.0999999999999996,63.2,-0.7999999999999972,6.1,6.800000000000001,5.1,16.6,1000.2,1.52,-0.8480480961564261,0.5299192642332047,3.0,0.0,12.9,12.9,70.0
chicago,8,2026-05-21,3.8000000000000007,14.0,10.2,249.1,114.0,1.0,1.5999999999999996,1.5999999999999996,65.4,-1.3999999999999915,4.0,6.199999999999999,3.5,9.4,1003.49,1.52,0.6427876096865393,0.766044443118978,2.0,0.0,10.2,10.2,71.0
chicago,8,2026-05-22,6.6,18.0,11.4,92.4,63.50000000000001,0.3000000000000007,0.09999999999999964,0.09999999999999964,65.0,-2.0,5.1,6.300000000000001,3.7,7.2,997.8,0.0,0.6018150231520483,0.7986355100472928,0.0,0.0,11.4,11.4,72.0
chicago,8,2026-05-23,7.6,21.0,13.4,83.8,20.599999999999994,0.7000000000000011,0.5999999999999996,0.5999999999999996,85.8,-0.6000000000000085,11.1,2.3000000000000007,1.9,7.2,992.42,1.52,0.7071067811865476,-0.7071067811865475,0.0,0.0,13.4,13.4,73.0
chicago,8,2026-05-24,9.7,25.0,15.3,44.9,34.9,0.20000000000000107,-0.1999999999999993,-0.1999999999999993,94.0,1.0,14.3,1.0,0.6,1.8,992.31,0.0,-0.9876883405951377,-0.15643446504023104,0.0,9.91,15.3,15.3,74.0
chicago,8,2026-05-25,7.5,28.0,20.5,354.7,280.5,3.6000000000000014,6.699999999999999,6.699999999999999,62.4,-14.600000000000001,13.1,7.4,3.2,9.4,996.41,1.52,-0.374606593415912,-0.9271838545667874,3.0,0.0,20.5,20.5,75.0
chicago,8,2026-05-26,6.5,28.0,21.5,301.9,200.29999999999998,2.8999999999999986,4.800000000000001,4.800000000000001,48.4,-7.600000000000001,10.1,11.4,1.7,5.4,994.31,0.0,-0.5299192642332048,-0.8480480961564261,2.0,0.0,21.0,21.5,76.0
chicago,8,2026-05-27,4.800000000000001,28.0,23.2,364.1,305.8,5.099999999999998,8.2,8.2,52.8,-17.799999999999997,13.0,10.2,1.4,3.6,991.09,0.0,-0.8191520442889916,-0.5735764363510464,3.0,0.0,23.0,23.2,77.0
chicago,8,2026-05-28,4.399999999999999,22.0,17.6,360.8,283.0,2.5000000000000018,3.6000000000000014,3.6000000000000014,55.8,-7.200000000000003,8.6,9.000000000000002,3.2,9.4,998.51,-1.52,0.3255681544571567,0.9455185755993168,3.0,0.0,17.6,17.6,78.0
chicago,8,2026-05-29,11.100000000000001,29.0,17.9,368.4,298.9,4.899999999999999,6.499999999999998,6.499999999999998,63.0,-13.0,10.7,7.199999999999999,1.9,5.4,995.5,-1.52,-0.2419218955996675,-0.9702957262759965,3.0,0.0,17.9,17.9,79.0
chicago,8,2026-05-30,4.300000000000001,23.0,18.7,422.5,313.2,3.5999999999999996,4.399999999999999,4.399999999999999,59.6,-14.800000000000004,10.7,8.0,3.5,9.4,993.7,-1.52,0.40673664307580043,-0.9135454576426008,4.0,0.0,18.7,18.7,80.0
chicago,8,2026-05-31,7.100000000000001,24.0,16.9,211.6,130.1,2.3999999999999986,4.099999999999998,4.099999999999998,48.0,-7.799999999999997,5.8,11.099999999999998,0.5,3.6,996.11,1.52,-0.22495105434386498,-0.9743700647852352,2.0,0.0,16.9,16.9,81.0
chicago,8,2026-06-01,6.4,22.0,15.6,280.5,239.6,2.6999999999999993,3.1999999999999993,3.1999999999999993,63.0,-14.400000000000006,8.6,7.0,1.2,3.6,993.4,0.0,-0.9876883405951377,-0.15643446504023104,2.0,7.11,15.6,15.6,82.0
chicago,8,2026-06-02,4.600000000000001,23.0,18.4,359.4,298.29999999999995,4.199999999999999,5.499999999999998,5.499999999999998,57.0,-13.400000000000006,9.7,8.7,1.1,5.4,1002.71,-1.52,0.9961946980917455,0.08715574274765814,3.0,0.0,18.4,18.4,83.0
chicago,8,2026-06-03,7.899999999999999,28.0,20.1,377.6,318.3,5.300000000000001,7.400000000000002,7.400000000000002,49.4,-13.600000000000001,9.1,11.000000000000002,0.3,1.8,1004.2,-1.52,0.06975647374412552,-0.9975640502598242,3.0,0.0,20.1,20.1,84.0
chicago,8,2026-06-04,8.8,31.0,22.2,288.2,203.6,3.0,5.599999999999998,5.599999999999998,49.2,-7.399999999999999,11.0,11.2,1.5,5.4,996.89,-2.54,-0.7660444431189779,-0.6427876096865395,2.0,0.0,21.8,22.2,85.0
chicago,8,2026-06-05,3.6000000000000014,27.0,23.4,109.1,17.69999999999999,0.1999999999999993,1.0999999999999979,1.0999999999999979,62.4,-0.3999999999999986,15.8,7.599999999999998,4.5,13.0,988.39,2.54,-0.29237170472273677,-0.9563047559630354,1.0,0.0,23.4,23.4,86.0
chicago,8,2026-06-06,5.699999999999999,29.0,23.3,301.1,231.70000000000002,0.5,1.1999999999999993,1.1999999999999993,89.8,-2.200000000000003,21.5,1.8000000000000007,2.4,9.4,986.59,0.0,-0.7771459614569706,-0.6293203910498378,2.0,1.3,24.1,23.3,87.0
chicago,8,2026-06-07,6.899999999999999,28.0,21.1,195.1,75.8,1.2000000000000028,2.0,2.0,68.8,-3.200000000000003,15.1,6.000000000000002,1.3,7.2,991.3,3.05,-0.7547095802227722,0.656059028990507,1.0,0.0,21.1,21.1,88.0
chicago,8,2026-06-08,7.5,29.0,21.5,208.8,117.50000000000001,1.1000000000000014,1.5,1.5,84.6,-4.400000000000006,18.8,2.6999999999999993,0.7,3.6,991.5,1.52,-0.5591929034707467,-0.8290375725550417,2.0,13.21,22.0,21.5,89.0
chicago,8,2026-06-09,8.399999999999999,31.0,22.6,115.2,81.9,0.3000000000000007,0.6000000000000014,0.6000000000000014,96.0,1.0,21.9,0.7000000000000028,0.9,5.4,989.4,4.57,-0.4067366430758002,-0.9135454576426009,1.0,0.79,23.4,22.6,90.0
chicago,8,2026-06-10,5.600000000000001,33.0,27.4,362.4,291.79999999999995,2.6999999999999993,5.599999999999998,5.599999999999998,74.4,-9.0,22.5,4.899999999999999,3.4,11.2,983.81,1.52,-0.587785252292473,-0.8090169943749475,3.0,0.0,30.1,27.4,91.0
chicago,8,2026-06-11,6.600000000000001,28.0,21.4,390.9,350.4,1.7999999999999972,2.3999999999999986,2.3999999999999986,87.0,-7.0,19.1,2.299999999999997,4.9,13.0,984.08,1.02,-0.981627183447664,-0.1908089953765446,3.0,8.1,21.8,21.4,92.0
chicago,10,2026-03-12,4.0,7.0,3.0,404.8,199.10000000000002,1.7,4.4,4.8,65.8,-6.200000000000003,-2.8,5.8,1.9,5.4,999.49,1.52,-0.9702957262759966,0.24192189559966742,3.0,0.0,3.0,3.0,1.0
chicago,10,2026-03-13,4.4,8.0,3.6,55.6,-15.199999999999996,0.0,-0.2999999999999998,-2.8000000000000003,61.0,-1.2000000000000028,-3.3,6.9,15.1,42.1,976.5,7.62,-0.9335804264972016,-0.3583679495453007,0.0,0.99,3.6,0.0,2.0
chicago,10,2026-03-14,0.6000000000000001,2.0,1.4,185.1,62.0,0.2999999999999998,1.5999999999999999,2.0999999999999996,58.0,-1.0,-5.9,7.300000000000001,2.9,7.2,1000.31,0.0,0.8987940462991669,-0.4383711467890775,1.0,0.0,1.4,1.1,3.0
chicago,10,2026-03-15,5.0,17.0,12.0,52.1,-107.4,4.6,7.5,8.8,58.8,0.7999999999999972,4.1,7.9,8.1,20.2,972.4,3.05,1.2246467991473532e-16,-1.0,0.0,0.0,12.0,12.0,4.0
chicago,10,2026-03-16,3.2,-1.0,-4.2,218.7,65.0,0.5,0.8999999999999995,0.20000000000000018,87.0,-3.0,-6.0,1.7999999999999998,7.7,23.8,979.21,0.0,-0.945518575599317,0.3255681544571563,2.0,0.0,-4.2,-7.5,5.0
chicago,10,2026-03-17,3.0,-4.0,-7.0,454.2,194.7,1.3000000000000007,2.9000000000000004,2.8000000000000007,52.4,-9.399999999999999,-15.1,8.1,4.8,13.0,999.39,4.57,-0.9998476951563913,0.01745240643728313,4.0,0.0,-7.0,-8.6,6.0
chicago,10,2026-03-18,10.1,8.0,-2.1,209.3,79.5,1.1999999999999997,1.7999999999999998,2.4,74.2,-4.799999999999997,-6.1,3.9999999999999996,10.3,20.2,994.41,0.0,-0.13917310096006552,-0.9902680687415703,2.0,0.0,-2.1,-5.8,7.0
chicago,10,2026-03-19,7.300000000000001,17.0,9.7,456.6,197.10000000000002,3.0999999999999996,6.3999999999999995,8.2,54.2,-11.599999999999994,0.9,8.799999999999999,2.0,5.4,995.7,0.0,-0.2419218955996675,-0.9702957262759965,4.0,0.0,9.7,9.7,8.0
chicago,10,2026-03-20,6.5,22.0,15.5,276.9,93.29999999999998,3.0,4.6,4.5,56.0,-8.400000000000006,6.8,8.7,6.2,20.2,984.29,1.52,-0.9271838545667873,-0.3746065934159123,2.0,0.0,15.5,15.5,9.0
chicago,10,2026-03-21,13.2,25.0,11.8,310.3,11.900000000000034,1.4000000000000004,4.300000000000001,5.200000000000001,64.4,-1.3999999999999915,5.3,6.500000000000001,6.9,13.0,989.71,-3.05,0.05233595624294381,-0.9986295347545738,3.0,0.0,11.8,11.8,10.0
chicago,10,2026-03-22,16.4,21.0,4.6,635.3,340.79999999999995,-1.2000000000000002,-1.7000000000000002,-5.300000000000001,75.2,3.799999999999997,0.6,3.9999999999999996,12.7,23.8,985.41,-1.52,0.20791169081775934,0.9781476007338057,6.0,0.0,4.6,1.7,11.0
chicago,10,2026-03-23,3.2,5.0,1.8,618.2,321.20000000000005,1.5,2.3,2.5,49.6,-3.3999999999999986,-7.6,9.4,7.7,16.6,1006.5,0.0,-0.20791169081775987,0.9781476007338056,6.0,0.0,1.8,-0.5,12.0
chicago,10,2026-03-24,8.0,11.0,3.0,255.6,71.79999999999998,1.5,2.8,3.8,47.0,-5.600000000000001,-7.2,10.2,7.4,16.6,1005.89,3.05,-0.3090169943749473,-0.9510565162951536,2.0,0.0,3.0,1.0,13.0
chicago,10,2026-03-25,10.3,22.0,11.7,275.2,94.1,2.3999999999999986,4.3999999999999995,4.999999999999999,39.2,-6.799999999999997,-1.7,13.399999999999999,7.1,16.6,993.09,0.0,-0.4067366430758002,-0.9135454576426009,2.0,0.0,11.7,11.7,14.0
chicago,10,2026-03-26,0.5,19.0,18.5,191.1,-68.00000000000003,1.6000000000000014,3.0,7.199999999999999,68.0,-6.0,12.4,6.1,3.7,7.2,981.21,-1.52,-0.5150380749100542,-0.8571673007021123,1.0,0.0,18.5,18.5,15.0
chicago,10,2026-03-27,5.4,7.0,1.6,349.2,-77.30000000000001,1.0,1.8,1.9000000000000001,59.0,-6.0,-5.5,7.1,9.7,18.4,1007.32,1.52,-0.37460659341591235,0.9271838545667873,3.0,0.0,1.6,-1.2,16.0
chicago,10,2026-03-28,7.2,9.0,1.8,525.5,205.89999999999998,1.1,3.6,4.6,41.4,-3.0,-10.0,11.8,1.0,5.4,1015.41,0.0,-0.848048096156426,-0.529919264233205,5.0,0.0,1.8,1.8,17.0
chicago,10,2026-03-29,6.4,17.0,10.6,631.3,317.99999999999994,2.5,4.699999999999999,5.6,41.2,-5.399999999999999,-2.0,12.6,8.3,16.6,999.29,3.05,-0.754709580222772,-0.6560590289905073,6.0,0.0,10.6,10.6,18.0
chicago,10,2026-03-30,8.8,27.0,18.2,516.3,286.69999999999993,3.5,4.799999999999999,7.0,51.0,-6.200000000000003,7.9,10.299999999999999,6.6,18.4,988.79,-4.57,-0.2419218955996675,-0.9702957262759965,5.0,0.0,18.2,18.2,19.0
chicago,10,2026-03-31,-0.3000000000000007,20.0,20.3,239.2,163.89999999999998,0.9000000000000021,1.1999999999999993,1.5,63.6,-2.8000000000000043,13.2,7.100000000000001,6.8,22.0,983.61,3.05,-0.5150380749100542,-0.8571673007021123,2.0,0.0,20.3,20.3,20.0
chicago,10,2026-04-01,1.7000000000000002,4.0,2.3,127.9,64.0,0.0,0.2999999999999998,0.19999999999999973,79.2,-1.7999999999999972,-0.9,3.1999999999999997,11.7,20.2,1000.71,3.05,0.4694715627858908,0.882947592858927,1.0,0.0,2.3,-0.9,21.0
chicago,10,2026-04-02,14.6,21.0,6.4,88.3,35.699999999999996,1.4000000000000004,2.3000000000000007,2.9000000000000004,96.0,1.0,5.8,0.6000000000000005,1.6,5.4,987.0,-1.52,0.4226182617406995,-0.9063077870366499,0.0,20.09,6.4,6.4,22.0
chicago,10,2026-04-03,7.800000000000001,17.0,9.2,293.6,145.90000000000003,1.0999999999999996,1.0999999999999996,0.5,77.8,-3.799999999999997,5.5,3.6999999999999993,3.2,7.2,994.68,1.52,-0.9743700647852351,-0.22495105434386525,2.0,0.2,9.2,9.2,23.0
chicago,10,2026-04-04,1.5999999999999996,13.0,11.4,60.1,-24.800000000000004,0.09999999999999964,2.5999999999999996,3.8000000000000007,96.0,-1.0,10.8,0.5999999999999996,6.8,23.8,986.12,0.0,-0.6293203910498376,-0.7771459614569708,0.0,7.8,11.4,11.4,24.0
chicago,10,2026-04-05,6.2,12.0,5.8,662.7,305.80000000000007,1.5999999999999996,2.8,2.6999999999999997,58.4,-8.000000000000007,-1.7,7.5,8.4,20.2,997.39,4.57,-0.9902680687415703,-0.13917310096006583,6.0,0.0,5.8,4.3,25.0
chicago,10,2026-04-06,2.5,10.0,7.5,741.3,452.69999999999993,0.5,1.9000000000000004,2.2,66.6,-6.800000000000011,1.7,5.8,4.6,16.6,1000.31,1.52,-0.9659258262890684,0.2588190451025203,7.0,2.59,7.5,6.9,26.0
chicago,10,2026-04-07,1.9,3.0,1.1,606.0,228.89999999999998,0.9000000000000001,1.6,2.7,47.6,-1.7999999999999972,-8.7,9.799999999999999,7.1,14.8,1011.72,1.52,0.6560590289905073,0.754709580222772,5.0,0.0,1.1,-1.0,27.0
chicago,10,2026-04-08,12.8,22.0,9.2,437.1,67.70000000000005,2.299999999999999,4.799999999999999,6.1,42.0,-4.399999999999999,-3.1,12.299999999999999,8.9,23.8,1000.0,1.52,0.2249510543438652,-0.9743700647852351,4.0,0.2,9.2,8.1,28.0
chicago,10,2026-04-09,3.8000000000000007,21.0,17.2,603.5,391.9,1.799999999999999,4.399999999999999,4.1,37.8,-14.200000000000003,2.7,14.5,5.8,14.8,996.31,1.52,-0.9702957262759965,-0.24192189559966779,5.0,0.0,17.2,17.2,29.0
chicago,10,2026-04-10,4.7,12.0,7.3,76.1,-9.600000000000009,0.20000000000000018,0.8999999999999995,0.20000000000000018,92.0,-2.0,6.1,1.2000000000000002,5.1,16.6,1000.51,1.52,-0.12186934340514723,0.9925461516413221,0.0,10.69,7.3,6.9,30.0
chicago,10,2026-04-11,2.5999999999999996,13.0,10.4,598.9,204.2,0.8000000000000007,3.6000000000000005,9.6,47.2,-6.599999999999994,-0.4,10.8,4.9,13.0,1007.69,2.54,0.24192189559966773,-0.9702957262759965,5.0,0.0,10.4,10.4,31.0
chicago,10,2026-04-12,5.199999999999999,26.0,20.8,363.6,197.3,1.8000000000000007,3.6000000000000014,6.0,62.0,-3.0,13.3,7.5,10.1,29.5,990.11,1.52,-0.43837114678907746,-0.8987940462991669,3.0,0.0,20.8,20.8,32.0
chicago,10,2026-04-13,7.0,26.0,19.0,286.2,91.6,0.8000000000000007,0.8999999999999986,0.8999999999999986,88.6,-3.4000000000000057,17.1,1.8999999999999986,4.5,13.0,989.4,-1.52,-0.587785252292473,-0.8090169943749475,2.0,0.79,19.0,19.0,33.0
chicago,10,2026-04-14,8.399999999999999,28.0,19.6,616.6,500.70000000000005,4.200000000000001,5.400000000000002,5.000000000000002,76.0,-9.799999999999997,15.3,4.300000000000001,9.4,16.6,985.81,3.05,-0.3090169943749473,-0.9510565162951536,6.0,4.6,19.6,19.6,34.0
chicago,10,2026-04-15,5.0,22.0,17.0,104.8,39.7,0.0,0.1999999999999993,-1.8999999999999986,91.0,-1.0,15.5,1.5,2.9,7.2,983.81,1.52,-0.2079116908177595,-0.9781476007338056,1.0,14.71,17.0,17.0,35.0
chicago,10,2026-04-16,4.100000000000001,23.0,18.9,414.6,194.8,1.5999999999999979,2.6999999999999993,3.799999999999999,82.4,-7.599999999999994,15.9,2.9999999999999982,5.8,13.0,983.1,1.52,-0.6691306063588582,-0.7431448254773942,4.0,3.1,18.9,18.9,36.0
chicago,10,2026-04-17,6.100000000000001,27.0,20.9,529.4,123.79999999999995,2.8999999999999986,6.799999999999999,10.7,63.2,-7.200000000000003,13.6,7.299999999999999,4.7,13.0,988.28,-4.06,0.12186934340514755,-0.992546151641322,5.0,0.0,20.9,20.9,37.0
chicago,10,2026-04-18,10.3,17.0,6.7,445.8,238.20000000000002,-0.39999999999999947,-0.8999999999999995,-2.2,68.2,-1.7999999999999972,1.3,5.4,6.8,18.4,987.2,1.52,-0.6819983600624984,-0.7313537016191706,4.0,3.61,6.7,5.7,38.0
chicago,10,2026-04-19,-0.1999999999999993,9.0,9.2,676.5,235.7,1.6999999999999993,3.499999999999999,7.299999999999999,35.2,-11.799999999999997,-5.4,14.6,7.9,27.7,996.21,-1.52,-0.981627183447664,-0.1908089953765446,6.0,0.0,9.2,8.2,39.0
chicago,10,2026-04-20,6.2,13.0,6.8,652.1,182.90000000000003,-0.5,0.5999999999999996,6.3,43.6,-8.0,-4.7,11.5,3.5,7.2,1004.91,-1.52,1.2246467991473532e-16,-1.0,6.0,0.0,6.8,6.7,40.0
chicago,10,2026-04-21,5.899999999999999,24.0,18.1,636.4,176.89999999999998,1.6000000000000014,4.900000000000002,8.000000000000002,48.0,-2.6000000000000014,6.9,11.200000000000001,9.6,31.3,989.4,3.05,-0.587785252292473,-0.8090169943749475,6.0,0.0,18.1,18.1,41.0
chicago,10,2026-04-22,1.6000000000000014,22.0,20.4,206.0,-246.8,0.29999999999999716,1.8999999999999986,4.199999999999999,71.0,-0.4000000000000057,14.9,5.499999999999998,2.6,11.2,989.71,-1.52,-0.961261695938319,-0.2756373558169989,2.0,0.0,20.4,20.4,42.0
chicago,10,2026-04-23,3.5,27.0,23.5,668.9,191.7,2.8000000000000007,6.300000000000001,11.8,57.4,-10.399999999999999,14.6,8.9,3.5,13.0,987.61,0.0,-0.34202014332566866,-0.9396926207859084,6.0,0.0,23.4,23.5,43.0
chicago,10,2026-04-24,2.3000000000000007,22.0,19.7,264.1,-9.599999999999966,-2.1999999999999993,-0.6000000000000014,-0.10000000000000142,66.0,-1.0,13.2,6.5,13.0,25.6,980.6,-3.05,-0.9455185755993168,-0.32556815445715664,2.0,0.0,19.7,19.7,44.0
chicago,10,2026-04-25,2.0,13.0,11.0,682.6,448.8,2.1999999999999993,2.8000000000000007,3.3,72.2,-9.799999999999997,6.2,4.8,4.4,13.0,991.81,-3.05,-0.6819983600624983,0.7313537016191707,6.0,0.0,11.0,11.0,45.0
chicago,10,2026-04-26,4.9,15.0,10.1,166.3,12.300000000000011,0.5,1.5,3.5,84.0,-3.0,7.5,2.5999999999999996,2.8,9.4,995.7,0.0,0.05233595624294381,-0.9986295347545738,1.0,0.0,10.1,10.1,46.0
chicago,10,2026-04-27,6.300000000000001,20.0,13.7,159.3,92.00000000000001,-0.5,0.09999999999999964,1.1999999999999993,86.6,10.199999999999989,11.5,2.1999999999999993,3.4,14.8,985.61,0.0,-0.1045284632676535,-0.9945218953682733,1.0,1.8,13.7,13.7,47.0
chicago,10,2026-04-28,6.4,18.0,11.6,313.3,168.9,0.6999999999999993,1.299999999999999,1.0,71.6,-1.4000000000000057,6.7,4.8999999999999995,5.8,16.6,989.5,0.0,-0.8660254037844385,-0.5000000000000004,3.0,0.3,11.6,11.6,48.0
chicago,10,2026-04-29,1.0,14.0,13.0,131.9,-412.70000000000005,0.5999999999999996,2.4000000000000004,1.4000000000000004,62.2,-5.3999999999999915,5.9,7.1,4.1,11.2,989.5,3.05,-0.24192189559966787,0.9702957262759965,1.0,0.0,13.0,13.0,49.0
chicago,10,2026-04-30,-0.1999999999999993,12.0,12.2,552.6,203.8,2.3999999999999986,5.499999999999999,9.399999999999999,46.2,-20.799999999999997,0.9,11.299999999999999,2.7,13.0,993.19,0.0,-0.9063077870366498,0.4226182617406996,5.0,0.2,12.2,12.2,50.0
chicago,10,2026-05-01,-0.09999999999999964,9.0,9.1,817.9,268.4,1.7999999999999998,3.3,4.8999999999999995,61.0,-13.799999999999997,2.0,7.1,5.1,9.4,993.09,1.52,-0.9816271834476639,0.1908089953765451,7.0,3.3,9.1,8.7,51.0
chicago,10,2026-05-02,3.3000000000000007,13.0,9.7,694.5,188.7,1.5,3.6999999999999993,10.5,38.4,-5.899999999999999,-3.8,13.5,2.2,7.2,996.61,-1.52,-0.9781476007338056,0.20791169081775943,6.0,0.0,9.7,9.7,52.0
chicago,10,2026-05-03,7.699999999999999,20.0,12.3,248.5,29.5,1.3000000000000007,2.8000000000000007,4.100000000000001,51.0,-0.6000000000000014,2.4,9.9,9.0,18.4,989.3,3.05,-0.5446390350150271,-0.838670567945424,2.0,0.0,12.3,12.3,53.0
chicago,10,2026-05-04,5.5,26.0,20.5,695.9,177.5,3.0,6.0,10.4,38.2,-9.799999999999997,5.7,14.8,6.1,20.2,977.99,-3.05,-0.5000000000000001,-0.8660254037844386,6.0,0.0,20.5,20.5,54.0
chicago,10,2026-05-05,4.5,16.0,11.5,689.2,496.20000000000005,1.3000000000000007,3.1999999999999993,1.0,42.4,-19.4,-0.8,12.3,2.1,7.2,985.1,-3.05,-0.7986355100472928,-0.6018150231520483,6.0,0.99,11.5,11.5,55.0
chicago,10,2026-05-06,1.9000000000000004,14.0,12.1,672.5,253.0,0.6999999999999993,2.4000000000000004,7.3,32.4,-6.0,-3.9,16.0,6.6,14.8,990.42,1.52,-0.8386705679454242,-0.544639035015027,6.0,0.0,12.1,12.1,56.0
chicago,10,2026-05-07,3.5,15.0,11.5,692.2,109.60000000000002,3.1999999999999993,5.0,9.6,38.0,-6.600000000000001,-2.4,13.9,4.0,11.2,991.4,-1.52,-0.8571673007021121,-0.5150380749100544,6.0,0.0,11.5,11.5,57.0
chicago,10,2026-05-08,3.0,19.0,16.0,389.0,-222.39999999999998,3.4000000000000004,6.4,12.0,52.2,-16.200000000000003,6.2,9.8,1.5,7.2,987.2,3.05,0.01745240643728344,-0.9998476951563913,3.0,0.0,16.0,16.0,58.0
chicago,10,2026-05-09,6.199999999999999,24.0,17.8,702.9,175.79999999999995,2.200000000000001,4.300000000000001,6.200000000000001,58.6,-9.800000000000004,9.6,8.200000000000001,6.6,14.8,979.89,-1.52,-0.6156614753256582,-0.788010753606722,6.0,0.0,17.8,17.8,59.0
chicago,10,2026-05-10,2.3000000000000007,18.0,15.7,726.5,176.39999999999998,0.8999999999999986,2.799999999999999,9.2,27.8,-3.8000000000000007,-2.8,18.5,1.3,7.2,995.09,3.05,-0.19080899537654472,-0.981627183447664,7.0,0.0,15.7,15.7,60.0
chicago,10,2026-05-11,0.6999999999999993,13.0,12.3,720.2,178.70000000000005,1.3000000000000007,2.9000000000000004,6.000000000000001,40.6,-7.600000000000001,-0.7,13.0,5.0,16.6,1000.41,3.05,0.17364817766693033,0.984807753012208,7.0,0.0,12.3,12.3,61.0
chicago,10,2026-05-12,6.300000000000001,22.0,15.7,683.7,109.20000000000005,2.5999999999999996,5.6,8.299999999999999,36.0,-3.200000000000003,0.7,15.0,7.3,18.4,994.01,-6.1,-0.12186934340514731,-0.9925461516413221,6.0,0.0,15.7,15.7,62.0
chicago,10,2026-05-13,0.3000000000000007,14.0,13.7,695.0,10.0,0.5999999999999996,1.0999999999999996,0.29999999999999893,52.4,-0.8000000000000043,4.1,9.6,5.0,18.4,991.3,-1.52,-0.9876883405951378,0.15643446504023067,6.0,0.0,13.7,13.7,63.0
chicago,10,2026-05-14,2.0,19.0,17.0,732.0,177.20000000000005,1.9000000000000004,5.300000000000001,11.1,35.4,-8.0,1.6,15.4,2.1,5.4,996.31,3.05,-0.9986295347545738,-0.052335956242944306,7.0,0.0,17.0,17.0,64.0
chicago,10,2026-05-15,8.6,24.0,15.4,241.5,174.1,0.20000000000000107,-0.40000000000000036,2.4000000000000004,61.0,7.0,7.9,7.5,6.8,16.6,990.01,0.0,-0.35836794954530043,-0.9335804264972017,2.0,0.0,15.4,15.4,65.0
chicago,10,2026-05-16,5.100000000000001,28.0,22.9,767.7,297.20000000000005,2.799999999999997,5.699999999999999,5.199999999999999,65.8,-11.0,16.1,6.799999999999997,4.4,11.2,986.01,3.05,-0.6691306063588582,-0.7431448254773942,7.0,1.3,22.9,22.9,66.0
chicago,10,2026-05-17,6.0,30.0,24.0,619.4,5.5,-0.10000000000000142,2.1000000000000014,4.800000000000001,70.2,0.6000000000000085,18.3,5.699999999999999,4.1,11.2,988.11,3.05,-0.2588190451025208,-0.9659258262890683,6.0,0.0,24.3,24.0,67.0
chicago,10,2026-05-18,1.3999999999999986,26.0,24.6,196.0,-29.900000000000006,0.5,0.5,0.5,69.0,0.7999999999999972,18.5,6.100000000000001,6.9,16.6,986.01,-1.52,-0.12186934340514731,-0.9925461516413221,1.0,0.0,24.9,24.6,68.0
chicago,10,2026-05-19,1.6999999999999993,26.0,24.3,932.7,682.0,1.1999999999999993,3.3000000000000007,4.0,67.2,-6.200000000000003,17.8,6.5,10.1,27.7,988.01,-1.52,-0.8910065241883678,-0.4539904997395469,9.0,0.0,24.5,24.3,69.0
chicago,10,2026-05-20,0.1999999999999993,16.0,15.8,835.9,229.79999999999995,1.3000000000000007,2.9000000000000004,4.0,54.8,-5.0,6.7,9.100000000000001,3.5,11.2,1000.81,0.0,-0.27563735581699894,0.9612616959383189,8.0,0.0,15.8,15.8,70.0
chicago,10,2026-05-21,4.0,14.0,10.0,155.4,-26.0,0.0,-0.1999999999999993,1.4000000000000004,67.6,1.5999999999999943,4.3,5.7,1.9,7.2,1003.29,0.0,-0.4694715627858908,0.882947592858927,1.0,0.0,10.0,10.0,71.0
chicago,10,2026-05-22,4.199999999999999,18.0,13.8,312.0,80.5,1.6000000000000014,2.4000000000000004,2.5,57.8,-4.200000000000003,5.6,8.200000000000001,2.4,9.4,997.09,-1.02,0.6156614753256584,-0.7880107536067219,3.0,0.0,13.8,13.8,72.0
chicago,10,2026-05-23,5.199999999999999,21.0,15.8,333.6,158.60000000000002,1.5,2.4000000000000004,3.0,79.6,-4.6000000000000085,12.3,3.5,3.0,7.2,992.89,0.0,-0.7313537016191703,0.6819983600624986,3.0,0.0,15.8,15.8,73.0
chicago,10,2026-05-24,8.8,25.0,16.2,94.6,-9.200000000000003,0.5999999999999996,0.8999999999999986,0.6999999999999993,95.0,0.0,15.4,0.7999999999999989,0.3,1.8,993.09,-1.52,-0.9271838545667873,-0.3746065934159123,0.0,12.7,16.2,16.2,74.0
chicago,10,2026-05-25,2.8000000000000007,28.0,25.2,735.7,166.80000000000007,1.8999999999999986,4.699999999999999,11.399999999999999,45.6,-6.399999999999999,12.6,12.6,4.5,13.0,996.31,0.0,-0.5150380749100542,-0.8571673007021123,7.0,0.0,25.0,25.2,75.0
chicago,10,2026-05-26,2.6999999999999993,28.0,25.3,505.5,67.69999999999999,1.5,3.8000000000000007,8.600000000000001,41.6,-1.6000000000000014,11.3,14.0,1.7,5.4,993.8,1.52,-0.7880107536067221,-0.6156614753256581,4.0,0.0,24.9,25.3,76.0
chicago,10,2026-05-27,-0.5,28.0,28.5,724.3,143.29999999999995,2.8999999999999986,5.300000000000001,13.5,37.6,-7.0,12.6,15.9,1.0,3.6,991.09,1.52,-0.22495105434386498,-0.9743700647852352,7.0,0.0,27.9,28.5,77.0
chicago,10,2026-05-28,1.3999999999999986,22.0,20.6,753.8,177.5999999999999,2.3000000000000007,3.0,6.600000000000001,48.4,-5.0,9.4,11.200000000000001,2.4,5.4,998.31,0.0,-0.9205048534524403,-0.3907311284892738,7.0,0.0,20.6,20.6,78.0
chicago,10,2026-05-29,4.899999999999999,29.0,24.1,748.3,172.0,3.5,6.200000000000003,12.700000000000001,47.6,-8.199999999999996,12.3,11.8,2.3,9.4,994.41,4.57,-0.6293203910498376,-0.7771459614569708,7.0,0.0,23.8,24.1,79.0
chicago,10,2026-05-30,2.8000000000000007,23.0,20.2,394.6,-280.19999999999993,0.3000000000000007,1.5,5.899999999999999,49.2,-2.0,9.2,11.0,1.9,5.4,994.68,-1.52,-0.8910065241883678,-0.4539904997395469,3.0,0.0,20.2,20.2,80.0
chicago,10,2026-05-31,3.3000000000000007,24.0,20.7,386.3,-130.49999999999994,1.0999999999999979,3.8000000000000007,7.899999999999999,42.4,1.0,7.4,13.299999999999999,0.2,3.6,995.7,4.57,-0.39073112848927355,-0.9205048534524404,3.0,0.0,20.7,20.7,81.0
chicago,10,2026-06-01,5.699999999999999,22.0,16.3,129.4,-74.69999999999999,-0.5,0.7000000000000011,3.9000000000000004,59.0,-0.20000000000000284,8.3,8.0,1.4,7.2,994.51,0.0,-0.9902680687415703,-0.13917310096006583,1.0,7.11,16.3,16.3,82.0
chicago,10,2026-06-02,1.5,23.0,21.5,749.5,174.29999999999995,0.3999999999999986,3.1000000000000014,8.6,41.6,-2.799999999999997,7.9,13.6,3.1,11.2,1002.91,-1.52,0.258819045102521,-0.9659258262890682,7.0,0.0,20.8,21.5,83.0
chicago,10,2026-06-03,3.8000000000000007,28.0,24.2,742.6,143.89999999999998,0.8000000000000007,4.099999999999998,11.5,28.8,-8.2,4.9,19.299999999999997,3.5,13.0,1003.12,0.0,-0.29237170472273677,-0.9563047559630354,7.0,0.0,23.4,24.2,84.0
chicago,10,2026-06-04,4.600000000000001,31.0,26.4,766.0,185.29999999999995,1.5,4.199999999999999,9.799999999999997,40.2,-2.1999999999999957,11.8,14.599999999999998,4.8,14.8,996.0,0.0,-0.4226182617406993,-0.90630778703665,7.0,0.0,26.1,26.4,85.0
chicago,10,2026-06-05,5.5,27.0,21.5,227.7,142.29999999999998,0.6000000000000014,-1.8999999999999986,-0.8000000000000007,85.0,2.5999999999999943,18.8,2.6999999999999993,1.1,5.4,988.69,-1.52,-0.6156614753256582,-0.788010753606722,2.0,1.8,21.9,21.5,86.0
chicago,10,2026-06-06,1.0,29.0,28.0,888.2,207.20000000000005,2.3000000000000007,4.699999999999999,5.899999999999999,69.0,-9.0,21.8,6.199999999999999,3.4,9.4,986.59,0.0,-0.9396926207859084,-0.34202014332566855,8.0,1.3,30.6,28.0,87.0
chicago,10,2026-06-07,1.6000000000000014,28.0,26.4,753.8,173.0999999999999,2.099999999999998,5.299999999999997,7.299999999999997,53.2,-6.199999999999996,16.1,10.299999999999997,3.0,9.4,990.79,0.0,0.5877852522924732,-0.8090169943749473,7.0,0.0,26.5,26.4,88.0
chicago,10,2026-06-08,5.699999999999999,29.0,23.3,280.6,-130.79999999999995,-0.3999999999999986,1.8000000000000007,3.3000000000000007,79.4,7.200000000000003,19.5,3.8000000000000007,2.0,7.2,991.5,-1.52,0.13917310096006533,-0.9902680687415704,2.0,13.49,23.8,23.3,89.0
chicago,10,2026-06-09,6.100000000000001,31.0,24.9,252.7,142.29999999999998,2.099999999999998,2.299999999999997,2.8999999999999986,89.0,-7.0,22.9,2.0,3.7,9.4,988.69,0.0,-0.6293203910498376,-0.7771459614569708,2.0,2.11,25.7,24.9,90.0
chicago,10,2026-06-10,3.1000000000000014,33.0,29.9,796.8,258.0,0.5999999999999979,2.5,8.099999999999998,66.4,-1.3999999999999915,23.0,6.899999999999999,6.9,16.6,983.31,1.52,-0.6946583704589973,-0.7193398003386511,7.0,0.0,34.1,29.9,91.0
chicago,10,2026-06-11,2.3000000000000007,28.0,25.7,795.8,173.39999999999998,2.5,4.300000000000001,6.699999999999999,70.8,-8.799999999999997,20.0,5.699999999999999,6.8,14.8,984.49,4.57,-0.7771459614569706,-0.6293203910498378,7.0,8.1,26.2,25.7,92.0
chicago,12,2026-03-12,1.7999999999999998,7.0,5.2,642.8,81.29999999999995,0.9000000000000004,2.2,7.0,47.2,-9.799999999999997,-5.1,10.3,5.8,13.0,998.92,-4.57,-0.8746197071393956,0.4848096202463373,6.0,0.0,5.2,4.4,1.0
chicago,12,2026-03-13,3.0,8.0,5.0,181.6,47.0,1.4,1.4,-1.4000000000000004,51.4,-8.200000000000003,-4.2,9.2,17.4,51.5,978.9,0.0,-0.9986295347545738,-0.052335956242944306,1.0,0.99,5.0,1.5,2.0
chicago,12,2026-03-14,-0.3999999999999999,2.0,2.4,192.9,-82.6,0.0,1.0,3.0999999999999996,56.0,1.0,-5.5,7.9,2.7,9.4,1000.2,1.52,0.6819983600624985,-0.7313537016191705,1.0,0.0,2.4,2.4,3.0
chicago,12,2026-03-15,4.6,17.0,12.4,367.5,344.9,-0.1999999999999993,0.40000000000000036,9.2,86.0,13.200000000000003,10.2,2.200000000000001,10.2,18.4,970.71,-4.57,-0.275637355816999,-0.9612616959383189,3.0,3.3,12.4,12.4,4.0
chicago,12,2026-03-16,2.4,-1.0,-3.4,282.3,-147.09999999999997,0.3999999999999999,0.8000000000000003,1.0000000000000004,74.0,-6.599999999999994,-7.4,4.0,9.7,23.8,980.6,,0.0697564737441253,0.9975640502598242,2.0,0.0,-3.4,-7.3,5.0
chicago,12,2026-03-17,1.2000000000000002,-4.0,-5.2,681.0,71.0,0.7000000000000002,1.7999999999999998,4.6000000000000005,44.8,-3.6000000000000014,-15.3,10.100000000000001,5.3,14.8,999.9,0.0,-0.8290375725550418,-0.5591929034707466,6.0,0.0,-5.2,-7.2,6.0
chicago,12,2026-03-18,6.3,8.0,1.7,673.1,155.60000000000002,2.2,3.8,6.2,65.6,-4.200000000000003,-4.0,5.7,5.6,20.2,993.3,1.52,-0.13917310096006552,-0.9902680687415703,6.0,0.2,1.7,0.2,7.0
chicago,12,2026-03-19,2.4000000000000004,17.0,14.6,678.3,76.89999999999998,2.1999999999999993,4.9,13.1,44.8,-4.600000000000001,2.8,11.8,2.4,7.2,994.89,0.0,0.3420201433256687,0.9396926207859084,6.0,0.0,14.6,14.6,8.0
chicago,12,2026-03-20,2.3999999999999986,22.0,19.6,695.8,175.69999999999993,1.3000000000000007,4.100000000000001,8.600000000000001,45.6,-1.7999999999999972,7.6,12.000000000000002,5.0,16.6,983.92,0.0,-0.882947592858927,-0.46947156278589075,6.0,0.0,19.6,19.6,9.0
chicago,12,2026-03-21,9.7,25.0,15.3,733.8,517.3,2.5,3.5,8.700000000000001,56.2,-7.799999999999997,6.7,8.600000000000001,6.6,13.0,988.22,-4.57,0.0871557427476582,-0.9961946980917455,7.0,0.0,15.3,15.3,10.0
chicago,12,2026-03-22,16.9,21.0,4.1,231.1,-44.50000000000003,-0.20000000000000018,-0.5,-5.800000000000001,73.8,-1.2000000000000028,-0.1,4.199999999999999,15.3,33.1,988.01,-4.57,0.4067366430758002,0.9135454576426009,2.0,0.0,4.1,0.7,11.0
chicago,12,2026-03-23,1.4,5.0,3.6,718.6,76.30000000000007,1.3000000000000003,1.8,4.3,38.8,-4.400000000000006,-9.1,12.7,7.1,18.4,1007.42,-1.52,-0.12186934340514723,0.9925461516413221,7.0,0.0,3.6,2.0,12.0
chicago,12,2026-03-24,4.6,11.0,6.4,446.7,-217.3,1.5,3.4000000000000004,7.2,38.6,-2.1999999999999957,-6.7,13.100000000000001,4.4,13.0,1004.3,-3.05,-0.3090169943749473,-0.9510565162951536,4.0,0.0,6.4,6.1,13.0
chicago,12,2026-03-25,6.199999999999999,22.0,15.8,647.5,307.4,2.4000000000000004,4.100000000000001,9.100000000000001,33.0,-3.799999999999997,-0.4,16.2,6.3,14.8,990.59,0.0,-0.4067366430758002,-0.9135454576426009,6.0,0.0,15.8,15.8,14.0
chicago,12,2026-03-26,5.1,19.0,13.9,376.8,78.0,-6.6,-4.6,2.5999999999999996,58.2,-3.799999999999997,5.8,8.100000000000001,14.8,36.7,984.08,5.59,0.224951054343865,0.9743700647852352,3.0,0.0,13.9,13.9,15.0
chicago,12,2026-03-27,2.9000000000000004,7.0,4.1,760.1,76.39999999999998,1.7999999999999998,2.4999999999999996,4.3999999999999995,50.6,-5.600000000000001,-5.2,9.3,4.5,11.2,1006.71,1.52,-0.12186934340514723,0.9925461516413221,7.0,0.0,4.1,3.6,16.0
chicago,12,2026-03-28,4.3,9.0,4.7,753.4,56.69999999999993,1.6,2.9000000000000004,7.5,35.2,-4.0,-9.4,14.100000000000001,4.9,13.0,1013.31,0.0,-0.45399049973954664,-0.8910065241883679,7.0,0.0,4.7,4.0,17.0
chicago,12,2026-03-29,1.3000000000000007,17.0,15.7,988.1,70.70000000000005,2.299999999999999,5.1,10.7,28.0,-5.0,-2.8,18.5,9.1,20.2,997.7,3.05,-0.7431448254773944,-0.6691306063588581,9.0,0.0,15.7,15.7,18.0
chicago,12,2026-03-30,4.399999999999999,27.0,22.6,741.7,84.10000000000002,1.7000000000000028,4.400000000000002,11.400000000000002,46.2,-1.7999999999999972,10.4,12.200000000000001,6.6,22.0,987.5,3.05,-0.9396926207859084,-0.34202014332566855,7.0,0.0,22.1,22.6,19.0
chicago,12,2026-03-31,3.0,20.0,17.0,193.2,175.29999999999998,0.3000000000000007,-3.3000000000000007,-1.8000000000000007,87.0,2.0,14.8,2.1999999999999993,7.0,16.6,984.39,-1.52,-0.34202014332566866,-0.9396926207859084,1.0,2.01,17.0,17.0,20.0
chicago,12,2026-04-01,1.2000000000000002,4.0,2.8,216.4,-66.4,0.09999999999999964,0.5,0.6999999999999997,75.8,-1.2000000000000028,-1.0,3.8,8.9,16.6,1000.61,-1.52,0.6427876096865393,0.766044443118978,2.0,0.0,2.8,0.4,21.0
chicago,12,2026-04-02,10.9,21.0,10.1,185.9,125.80000000000001,2.3999999999999995,3.6999999999999993,6.6,96.0,0.0,9.5,0.5999999999999996,0.5,1.8,984.49,0.0,0.6293203910498374,-0.7771459614569709,1.0,23.6,10.1,10.1,22.0
chicago,12,2026-04-03,5.5,17.0,11.5,730.3,332.29999999999995,1.5,2.3000000000000007,2.8000000000000007,69.2,-5.3999999999999915,6.0,5.5,3.2,7.2,994.79,2.54,-0.5150380749100545,0.8571673007021121,7.0,0.2,11.5,11.5,23.0
chicago,12,2026-04-04,4.0,13.0,9.0,189.8,57.400000000000006,-0.6999999999999993,-2.4000000000000004,1.4000000000000004,93.4,-1.7999999999999972,8.0,1.0,9.3,18.4,987.2,1.52,-0.5735764363510462,-0.8191520442889918,1.0,8.1,9.0,7.8,24.0
chicago,12,2026-04-05,3.9000000000000004,12.0,8.1,759.8,43.59999999999991,1.1999999999999993,2.3,5.0,49.8,-3.6000000000000014,-1.8,9.9,6.2,16.6,997.9,0.0,-0.9612616959383188,0.2756373558169994,7.0,0.0,8.1,7.2,25.0
chicago,12,2026-04-06,0.9000000000000004,10.0,9.1,993.8,130.69999999999993,0.5999999999999996,1.5999999999999996,3.8,53.4,-3.0,0.1,9.0,7.9,22.0,1000.51,1.52,-0.9659258262890684,0.2588190451025203,9.0,2.59,9.1,8.1,26.0
chicago,12,2026-04-07,0.8999999999999999,3.0,2.1,779.1,76.30000000000007,0.30000000000000004,1.0,3.7,46.6,0.20000000000000284,-8.2,10.299999999999999,4.7,13.0,1011.31,-3.05,0.8571673007021123,0.5150380749100542,7.0,0.0,2.1,1.6,27.0
chicago,12,2026-04-08,8.2,22.0,13.8,716.0,134.29999999999995,2.5,4.600000000000001,10.700000000000001,40.2,-1.0,0.5,13.3,14.7,31.3,997.39,-4.57,0.15643446504023098,-0.9876883405951377,6.0,0.2,13.8,13.8,28.0
chicago,12,2026-04-09,1.3000000000000007,21.0,19.7,812.8,92.89999999999998,0.8999999999999986,2.5,6.6,35.0,0.7999999999999972,3.8,15.899999999999999,5.6,18.4,996.72,0.0,-0.7986355100472928,-0.6018150231520483,7.0,0.0,19.7,19.7,29.0
chicago,12,2026-04-10,3.0,12.0,9.0,356.4,214.79999999999998,1.5,1.7000000000000002,1.9000000000000004,80.8,-6.0,5.9,3.0999999999999996,4.7,13.0,1001.02,1.52,0.3090169943749474,0.9510565162951535,3.0,10.69,9.0,8.7,30.0
chicago,12,2026-04-11,0.6999999999999993,13.0,12.3,644.1,-71.19999999999993,0.40000000000000036,1.9000000000000004,11.5,35.8,0.19999999999999574,-2.4,14.700000000000001,3.0,9.4,1006.6,-4.57,0.19080899537654497,-0.981627183447664,6.0,0.0,12.3,12.3,31.0
chicago,12,2026-04-12,0.6999999999999993,26.0,25.3,564.1,-90.5,2.5,4.5,10.5,50.4,-7.399999999999999,14.2,11.100000000000001,12.0,23.8,988.39,0.0,-0.5000000000000001,-0.8660254037844386,5.0,0.0,25.2,25.3,32.0
chicago,12,2026-04-13,3.5,26.0,22.5,494.0,-265.6,1.6000000000000014,3.5,4.399999999999999,75.2,-6.799999999999997,17.9,4.600000000000001,6.2,13.0,988.59,1.52,-0.6691306063588582,-0.7431448254773942,4.0,0.79,22.8,22.5,33.0
chicago,12,2026-04-14,3.5,28.0,24.5,479.2,-297.00000000000006,2.3999999999999986,4.899999999999999,9.9,60.0,-7.599999999999994,16.3,8.2,6.8,20.2,985.2,0.0,-0.5735764363510462,-0.8191520442889918,4.0,4.6,24.6,24.5,34.0
chicago,12,2026-04-15,3.6000000000000014,22.0,18.4,197.2,17.799999999999983,0.8999999999999986,1.3999999999999986,-0.5,84.6,-3.200000000000003,15.8,2.599999999999998,6.3,13.0,985.0,0.0,-0.2419218955996675,-0.9702957262759965,1.0,14.71,18.4,18.4,35.0
chicago,12,2026-04-16,2.3999999999999986,23.0,20.6,1048.9,164.60000000000014,1.5,1.7000000000000028,5.500000000000002,75.6,-9.0,16.1,4.5,5.6,14.8,984.02,-1.52,-0.8191520442889916,-0.5735764363510464,10.0,3.91,20.6,20.6,36.0
chicago,12,2026-04-17,3.1000000000000014,27.0,23.9,736.7,52.30000000000007,0.7999999999999972,3.0,13.7,62.0,1.0,16.1,7.799999999999997,13.1,25.6,986.59,-4.57,0.01745240643728344,-0.9998476951563913,7.0,0.0,23.9,23.9,37.0
chicago,12,2026-04-18,8.4,17.0,8.6,889.6,-10.399999999999977,1.0999999999999996,1.8999999999999995,-0.3000000000000007,53.6,-8.0,-0.3,8.9,6.0,25.6,988.49,-1.52,-0.9876883405951377,-0.15643446504023104,8.0,3.61,8.6,8.0,38.0
chicago,12,2026-04-19,1.0,9.0,8.0,899.1,102.39999999999998,-1.5999999999999996,-1.1999999999999993,6.1,51.6,13.800000000000004,-1.4,9.4,10.4,25.6,996.89,-1.02,-0.9848077530122081,0.17364817766692997,8.0,0.0,8.0,6.3,39.0
chicago,12,2026-04-20,2.0999999999999996,13.0,10.9,841.9,54.60000000000002,0.5,4.1000000000000005,10.4,31.6,-2.799999999999997,-5.3,16.2,4.5,11.2,1004.1,-3.05,-0.17364817766693047,-0.984807753012208,8.0,0.0,10.9,10.9,40.0
chicago,12,2026-04-21,2.5,24.0,21.5,833.5,63.89999999999998,1.6999999999999993,3.3999999999999986,11.4,45.0,-2.0,9.1,12.4,7.9,20.2,988.01,4.57,-0.7771459614569706,-0.6293203910498378,8.0,0.0,20.9,21.5,41.0
chicago,12,2026-04-22,1.1999999999999993,22.0,20.8,989.4,636.0,4.600000000000001,0.40000000000000213,4.600000000000001,57.4,-8.600000000000001,12.0,8.8,2.2,5.4,990.42,0.0,0.4694715627858907,-0.882947592858927,9.0,0.0,20.8,20.8,42.0
chicago,12,2026-04-23,1.3000000000000007,27.0,25.7,920.2,125.10000000000002,0.8000000000000007,2.1999999999999993,14.0,47.2,-6.0,13.6,12.1,9.0,18.4,986.39,-2.54,0.13917310096006533,-0.9902680687415704,8.0,0.0,25.6,25.7,43.0
chicago,12,2026-04-24,0.3000000000000007,22.0,21.7,501.0,57.60000000000002,0.3999999999999986,2.0,1.8999999999999986,55.6,-2.0,12.4,9.299999999999999,7.7,14.8,981.51,1.52,-0.8386705679454242,-0.544639035015027,4.0,0.0,21.4,21.7,44.0
chicago,12,2026-04-25,-0.8000000000000007,13.0,13.8,864.9,63.10000000000002,1.5,2.8000000000000007,6.1000000000000005,61.4,-6.000000000000007,6.5,7.300000000000001,4.1,20.2,991.6,0.0,0.12186934340514748,0.992546151641322,8.0,0.0,13.8,13.8,45.0
chicago,12,2026-04-26,3.1999999999999993,15.0,11.8,434.7,238.7,1.6000000000000014,1.700000000000001,5.200000000000001,75.6,-7.800000000000011,7.6,4.200000000000001,2.2,7.2,995.5,0.0,0.48480962024633706,0.8746197071393957,4.0,0.0,11.8,11.8,46.0
chicago,12,2026-04-27,5.199999999999999,20.0,14.8,20.9,-62.800000000000004,0.7000000000000011,1.1000000000000014,2.3000000000000007,81.8,-4.200000000000003,11.7,3.1000000000000014,4.4,13.0,985.81,4.57,-0.19080899537654472,-0.981627183447664,0.0,2.11,14.8,14.8,47.0
chicago,12,2026-04-28,3.6999999999999993,18.0,14.3,643.3,296.99999999999994,1.6000000000000014,2.700000000000001,3.700000000000001,63.4,-4.000000000000007,7.5,6.800000000000001,6.9,20.2,990.11,1.52,-0.7313537016191705,-0.6819983600624986,6.0,0.3,14.3,14.3,48.0
chicago,12,2026-04-29,1.5999999999999996,14.0,12.4,167.5,-84.0,-0.40000000000000036,-0.5999999999999996,0.8000000000000007,68.4,6.000000000000007,6.7,5.7,5.3,13.0,989.6,1.52,0.9135454576426009,0.4067366430758002,1.0,0.0,12.4,12.4,49.0
chicago,12,2026-04-30,-1.8000000000000007,12.0,13.8,858.5,8.0,1.1000000000000014,1.6000000000000014,11.0,40.0,-1.6000000000000014,0.4,13.4,3.4,11.2,992.21,-4.57,-0.7771459614569706,-0.6293203910498378,8.0,0.2,13.8,13.8,50.0
chicago,12,2026-05-01,-0.5,9.0,9.5,191.2,-761.5,-1.0,0.40000000000000036,5.3,42.8,-0.20000000000000284,-2.6,12.1,5.2,14.8,992.99,-1.52,-0.1736481776669304,0.984807753012208,1.0,3.3,9.5,9.1,51.0
chicago,12,2026-05-02,1.5999999999999996,13.0,11.4,967.2,104.10000000000002,0.9000000000000004,1.700000000000001,12.200000000000001,33.0,-2.6000000000000014,-4.3,15.7,6.9,13.0,996.11,0.0,-0.27563735581699894,0.9612616959383189,9.0,0.0,11.4,11.4,52.0
chicago,12,2026-05-03,7.800000000000001,20.0,12.2,410.2,277.6,1.299999999999999,-0.10000000000000142,4.0,60.2,-2.3999999999999986,4.7,7.499999999999999,8.6,29.5,988.79,3.05,-0.7660444431189779,-0.6427876096865395,3.0,0.0,12.2,12.2,53.0
chicago,12,2026-05-04,1.5,26.0,24.5,875.2,61.5,1.6000000000000014,4.0,14.4,31.6,-5.199999999999996,6.5,18.0,6.4,14.8,976.19,-3.05,-0.43837114678907746,-0.8987940462991669,8.0,0.0,23.8,24.5,54.0
chicago,12,2026-05-05,1.4000000000000004,16.0,14.6,922.1,309.1,1.0999999999999996,3.0999999999999996,4.1,29.8,-5.800000000000001,-2.9,17.5,6.3,16.6,984.8,3.05,-0.9993908270190958,-0.03489949670250076,8.0,0.99,14.6,14.6,55.0
chicago,12,2026-05-06,0.0,14.0,14.0,429.3,-262.99999999999994,2.0,1.9000000000000004,9.2,31.0,-1.7999999999999972,-2.9,16.9,6.8,16.6,990.21,-3.05,-0.9335804264972016,-0.3583679495453007,4.0,0.0,14.0,14.0,56.0
chicago,12,2026-05-07,0.40000000000000036,15.0,14.6,886.0,-51.10000000000002,0.6999999999999993,3.0999999999999996,12.7,32.0,-1.3999999999999986,-1.9,16.5,6.0,18.4,989.2,3.05,-0.6018150231520484,-0.7986355100472928,8.0,0.0,14.6,14.6,57.0
chicago,12,2026-05-08,0.1999999999999993,19.0,18.8,916.8,53.59999999999991,1.9000000000000021,2.8000000000000007,14.8,31.8,-7.9999999999999964,1.7,17.1,2.3,9.4,985.61,-1.52,-0.1045284632676535,-0.9945218953682733,8.0,0.0,18.8,18.8,58.0
chicago,12,2026-05-09,2.0,24.0,22.0,961.5,199.70000000000005,2.5,4.199999999999999,10.4,33.8,-17.400000000000006,5.3,16.7,9.1,23.8,979.78,-1.52,-0.9781476007338056,-0.2079116908177598,9.0,0.0,21.1,22.0,59.0
chicago,12,2026-05-10,1.5,18.0,16.5,857.0,-63.39999999999998,-0.10000000000000142,0.8000000000000007,10.0,26.6,-1.0,-2.8,19.3,4.5,11.2,995.6,1.52,-0.4848096202463369,0.8746197071393959,8.0,0.0,16.5,16.5,60.0
chicago,12,2026-05-11,-0.5,13.0,13.5,896.5,64.79999999999995,-0.09999999999999964,1.1999999999999993,7.2,31.8,-4.800000000000001,-3.0,16.5,5.3,16.6,1000.91,0.0,-0.1564344650402311,0.9876883405951377,8.0,0.0,13.5,13.5,61.0
chicago,12,2026-05-12,3.6000000000000014,22.0,18.4,198.0,-178.5,1.0999999999999979,2.6999999999999993,10.999999999999998,38.8,1.7999999999999972,4.2,14.2,3.2,16.6,991.09,-6.1,-0.6293203910498376,-0.7771459614569708,1.0,0.0,18.4,18.4,62.0
chicago,12,2026-05-13,0.09999999999999964,14.0,13.9,549.5,-510.0,-1.0,0.20000000000000107,0.5,52.4,5.399999999999999,4.3,9.600000000000001,5.3,11.2,992.69,1.52,0.8480480961564261,0.5299192642332049,5.0,0.0,13.9,13.9,63.0
chicago,12,2026-05-14,0.8000000000000007,19.0,18.2,895.3,61.89999999999998,0.8999999999999986,1.1999999999999993,12.299999999999999,28.0,-5.0,-0.6,18.8,4.8,9.4,995.19,0.0,-0.4848096202463369,0.8746197071393959,8.0,0.0,18.2,18.2,64.0
chicago,12,2026-05-15,5.600000000000001,24.0,18.4,884.1,223.80000000000007,1.7999999999999972,2.9999999999999982,5.399999999999999,56.0,-3.200000000000003,9.4,8.999999999999998,8.6,27.7,988.59,1.52,0.03489949670250114,-0.9993908270190958,8.0,0.0,18.4,18.4,65.0
chicago,12,2026-05-16,1.8999999999999986,28.0,26.1,915.1,67.30000000000007,1.0,3.200000000000003,8.400000000000002,53.4,-2.6000000000000014,15.9,10.200000000000001,3.5,11.2,987.5,0.0,-0.7771459614569706,-0.6293203910498378,8.0,1.3,26.1,26.1,66.0
chicago,12,2026-05-17,3.1000000000000014,30.0,26.9,1105.7,297.4000000000001,1.5,2.8999999999999986,7.699999999999999,61.8,-4.200000000000003,18.9,8.0,6.8,14.8,987.3,-1.52,-0.34202014332566866,-0.9396926207859084,10.0,0.0,28.1,26.9,67.0
chicago,12,2026-05-18,5.0,26.0,21.0,226.9,221.70000000000002,-3.0,-3.6000000000000014,-3.1000000000000014,93.0,20.799999999999997,19.8,1.1999999999999993,1.2,5.4,985.0,3.05,0.06975647374412552,-0.9975640502598242,2.0,7.39,21.0,21.0,68.0
chicago,12,2026-05-19,0.8999999999999986,26.0,25.1,1089.8,227.0999999999999,0.9000000000000021,0.8000000000000007,4.800000000000001,63.0,-2.0,17.6,7.5,6.7,22.0,988.28,0.0,-0.8386705679454242,-0.544639035015027,10.0,0.0,25.4,25.1,69.0
chicago,12,2026-05-20,0.40000000000000036,16.0,15.6,1045.7,509.4000000000001,1.5,-0.20000000000000107,3.799999999999999,52.4,-4.600000000000001,5.9,9.7,5.5,20.2,1000.91,1.52,-0.5877852522924734,0.8090169943749473,10.0,0.0,15.6,15.6,70.0
chicago,12,2026-05-21,-0.6999999999999993,14.0,14.7,982.7,545.1,2.5999999999999996,4.699999999999999,6.1,59.0,-4.399999999999999,6.8,7.8999999999999995,4.0,14.8,1002.0,3.05,-0.40673664307580015,0.913545457642601,9.0,0.0,14.7,14.7,71.0
chicago,12,2026-05-22,0.6000000000000014,18.0,17.4,712.1,414.20000000000005,2.4999999999999982,3.599999999999998,6.099999999999998,49.2,-5.399999999999999,6.6,10.799999999999999,2.7,9.4,995.09,0.0,-0.45399049973954664,-0.8910065241883679,6.0,0.0,17.4,17.4,72.0
chicago,12,2026-05-23,0.8000000000000007,21.0,20.2,1038.8,190.89999999999998,2.6999999999999993,4.399999999999999,7.399999999999999,65.4,-8.0,13.5,6.699999999999999,0.7,9.4,991.7,-1.52,-0.6946583704589976,0.7193398003386509,10.0,0.0,20.2,20.2,73.0
chicago,12,2026-05-24,4.899999999999999,25.0,20.1,860.3,467.29999999999995,2.8000000000000007,3.900000000000002,4.600000000000001,74.4,-17.0,15.4,4.700000000000001,1.7,5.4,993.5,-3.05,-0.2588190451025207,0.9659258262890683,8.0,12.7,20.1,20.1,74.0
chicago,12,2026-05-25,0.5,28.0,27.5,908.8,57.09999999999991,1.0,2.3000000000000007,13.7,40.8,-0.6000000000000014,13.0,14.5,3.1,11.2,995.6,1.52,-0.43837114678907746,-0.8987940462991669,8.0,0.0,27.3,27.5,75.0
chicago,12,2026-05-26,-0.3999999999999986,28.0,28.4,492.4,-177.80000000000007,1.0999999999999979,3.099999999999998,11.7,30.2,-6.599999999999998,9.2,19.2,1.4,7.2,992.99,1.52,-0.2079116908177595,-0.9781476007338056,4.0,0.0,27.4,28.4,76.0
chicago,12,2026-05-27,0.3999999999999986,28.0,27.6,893.4,63.10000000000002,-0.6999999999999993,-0.8999999999999986,12.600000000000001,43.2,0.0,14.0,13.600000000000001,3.9,20.2,991.6,1.52,-0.6018150231520483,0.7986355100472928,8.0,0.0,27.6,27.6,77.0
chicago,12,2026-05-28,0.3999999999999986,22.0,21.6,919.9,47.10000000000002,0.3000000000000007,1.0,7.600000000000001,46.0,-1.0,9.5,12.100000000000001,3.2,9.4,998.71,1.52,-0.5591929034707467,-0.8290375725550417,8.0,0.0,21.1,21.6,78.0
chicago,12,2026-05-29,1.8000000000000007,29.0,27.2,896.3,44.5,1.3999999999999986,3.099999999999998,15.799999999999999,38.0,-4.799999999999997,11.6,15.6,4.4,11.2,992.99,-4.57,-0.9205048534524403,-0.3907311284892738,8.0,0.0,26.9,27.2,79.0
chicago,12,2026-05-30,0.0,23.0,23.0,961.2,55.60000000000002,1.8999999999999986,2.8000000000000007,8.7,36.6,-5.600000000000001,7.3,15.7,2.7,9.4,995.09,-3.05,0.5591929034707469,-0.8290375725550416,9.0,0.0,22.3,23.0,80.0
chicago,12,2026-05-31,1.6999999999999993,24.0,22.3,572.8,-98.20000000000005,0.8000000000000007,1.6000000000000014,9.5,42.4,-1.3999999999999986,8.9,13.4,1.5,7.2,994.89,0.0,-0.6427876096865393,-0.766044443118978,5.0,0.0,21.7,22.3,81.0
chicago,12,2026-06-01,3.8999999999999986,22.0,18.1,212.5,-159.7,0.5,1.8000000000000007,5.700000000000001,50.0,-3.6000000000000014,7.5,10.600000000000001,1.7,5.4,995.09,1.52,-0.275637355816999,-0.9612616959383189,2.0,7.11,18.1,18.1,82.0
chicago,12,2026-06-02,-0.6999999999999993,23.0,23.7,927.1,56.89999999999998,0.8000000000000007,2.1999999999999993,10.799999999999999,33.0,-2.799999999999997,6.5,17.2,2.2,11.2,1003.18,1.02,0.9510565162951536,-0.30901699437494734,9.0,0.0,23.0,23.7,83.0
chicago,12,2026-06-03,1.5,28.0,26.5,656.0,-338.4,0.6999999999999993,2.3000000000000007,13.8,25.2,-2.0,4.9,21.6,3.7,7.2,1002.51,0.0,-0.13917310096006552,-0.9902680687415703,6.0,0.0,25.8,26.5,84.0
chicago,12,2026-06-04,3.0,31.0,28.0,933.2,144.20000000000005,0.8000000000000007,1.6000000000000014,11.399999999999999,33.6,-1.7999999999999972,10.4,17.6,4.8,16.6,994.79,0.0,-0.0348994967025009,-0.9993908270190958,9.0,0.0,27.2,28.0,85.0
chicago,12,2026-06-05,2.5,27.0,24.5,744.9,542.8,1.1000000000000014,3.0,2.1999999999999993,76.6,1.3999999999999915,20.1,4.399999999999999,2.6,5.4,987.5,-1.52,-0.5446390350150271,-0.838670567945424,7.0,1.8,25.0,24.5,86.0
chicago,12,2026-06-06,-1.0,29.0,30.0,838.7,-56.0,2.0,2.0,7.899999999999999,58.2,-8.200000000000003,20.8,9.2,3.5,9.4,986.18,0.0,-0.6691306063588582,-0.7431448254773942,8.0,1.3,32.4,30.0,87.0
chicago,12,2026-06-07,-1.1999999999999993,28.0,29.2,871.1,-0.7999999999999545,1.0,2.8000000000000007,10.099999999999998,38.2,-5.199999999999996,13.4,15.799999999999999,3.3,14.8,990.01,1.52,0.05233595624294381,-0.9986295347545738,8.0,0.0,28.6,29.2,88.0
chicago,12,2026-06-08,1.6000000000000014,29.0,27.4,484.9,-49.200000000000045,0.7999999999999972,4.099999999999998,7.399999999999999,68.2,-2.799999999999997,21.0,6.399999999999999,5.5,16.6,990.32,-3.05,0.10452846326765373,-0.9945218953682733,4.0,13.49,29.3,27.4,89.0
chicago,12,2026-06-09,2.3999999999999986,31.0,28.6,1134.1,91.5,1.7000000000000028,3.700000000000003,6.600000000000001,72.4,-8.0,23.1,5.5,4.3,13.0,987.81,1.52,-0.5299192642332048,-0.8480480961564261,11.0,2.11,32.2,28.6,90.0
chicago,12,2026-06-10,1.3999999999999986,33.0,31.6,1047.9,668.0000000000001,1.1000000000000014,1.7000000000000028,9.8,62.4,-3.8000000000000043,23.6,8.0,7.0,18.4,982.09,-1.52,-0.29237170472273677,-0.9563047559630354,10.0,0.0,36.9,31.6,91.0
chicago,12,2026-06-11,-1.5,28.0,29.5,877.5,-200.70000000000005,1.6999999999999993,3.8000000000000007,10.5,61.0,-2.200000000000003,21.1,8.399999999999999,3.6,9.4,984.8,-1.52,-0.35836794954530043,-0.9335804264972017,8.0,8.1,32.0,29.5,92.0
chicago,13,2026-03-12,0.7000000000000002,7.0,6.3,669.3,26.5,1.0999999999999996,2.0,8.1,43.8,-3.4000000000000057,-5.1,11.399999999999999,2.4,7.2,998.21,0.0,-0.9986295347545738,0.052335956242943946,6.0,0.0,6.3,6.3,1.0
chicago,13,2026-03-13,0.7000000000000002,8.0,7.3,874.1,692.5,2.3,3.6999999999999997,0.8999999999999995,45.0,-6.399999999999999,-3.9,11.2,18.3,42.1,979.89,-1.52,-0.9659258262890683,-0.25881904510252063,8.0,0.99,7.3,4.3,2.0
chicago,13,2026-03-14,-1.0,2.0,3.0,225.1,32.19999999999999,0.6000000000000001,0.6000000000000001,3.7,56.0,0.0,-4.9,7.9,2.0,13.0,999.39,-4.57,-0.35836794954530043,-0.9335804264972017,2.0,0.0,3.0,3.0,3.0
chicago,13,2026-03-15,2.5999999999999996,17.0,14.4,104.9,-262.6,2.0,1.8000000000000007,11.2,78.0,-8.0,10.6,3.8000000000000007,12.3,27.7,969.39,-1.52,-0.2079116908177595,-0.9781476007338056,1.0,3.61,14.4,14.4,4.0
chicago,13,2026-03-16,2.3,-1.0,-3.3,352.6,70.30000000000001,0.10000000000000009,0.5,1.1000000000000005,67.2,-6.799999999999997,-8.5,5.2,14.3,31.3,981.82,0.0,-0.4694715627858908,0.882947592858927,3.0,0.0,-3.3,-8.2,5.0
chicago,13,2026-03-17,0.7999999999999998,-4.0,-4.8,749.0,68.0,0.40000000000000036,1.1000000000000005,5.000000000000001,41.8,-3.0,-15.8,11.0,5.5,11.2,1000.31,4.57,-0.8571673007021121,-0.5150380749100544,7.0,0.0,-4.8,-6.7,6.0
chicago,13,2026-03-18,4.4,8.0,3.6,696.7,23.600000000000023,1.9000000000000001,4.1,8.1,60.8,-4.799999999999997,-3.2,6.800000000000001,7.3,22.0,992.89,0.0,-0.45399049973954664,-0.8910065241883679,6.0,0.2,3.6,1.8,7.0
chicago,13,2026-03-19,0.8999999999999986,17.0,16.1,692.8,14.5,1.5000000000000018,3.700000000000001,14.600000000000001,42.8,-2.0,3.5,12.600000000000001,3.7,7.2,994.79,-1.52,0.49999999999999994,0.8660254037844387,6.0,0.0,16.1,16.1,8.0
chicago,13,2026-03-20,0.6000000000000014,22.0,21.4,664.0,-31.799999999999955,1.7999999999999972,3.099999999999998,10.399999999999999,41.4,-4.200000000000003,7.7,13.7,7.7,18.4,983.51,-1.52,-0.7660444431189779,-0.6427876096865395,6.0,0.0,20.8,21.4,9.0
chicago,13,2026-03-21,7.699999999999999,25.0,17.3,715.2,-18.59999999999991,2.0,4.5,10.700000000000001,45.6,-10.600000000000001,5.5,11.8,8.5,14.8,986.79,-3.05,0.258819045102521,-0.9659258262890682,6.0,0.0,17.3,17.3,10.0
chicago,13,2026-03-22,18.0,21.0,3.0,214.4,-16.69999999999999,-1.0999999999999996,-1.2999999999999998,-6.9,74.2,0.4000000000000057,-1.1,4.1,16.1,33.1,987.91,-1.52,0.224951054343865,0.9743700647852352,2.0,0.0,3.0,-0.8,11.0
chicago,13,2026-03-23,0.5999999999999996,5.0,4.4,739.6,21.0,0.8000000000000003,2.1000000000000005,5.1000000000000005,34.2,-4.599999999999994,-10.0,14.4,9.6,18.4,1007.79,1.52,0.03489949670250097,0.9993908270190958,7.0,0.0,4.4,2.1,12.0
chicago,13,2026-03-24,3.0999999999999996,11.0,7.9,480.0,33.30000000000001,1.5,3.0,8.700000000000001,34.0,-4.600000000000001,-7.0,14.9,4.3,9.4,1003.69,-3.05,-0.5591929034707467,-0.8290375725550417,4.0,0.0,7.9,7.7,13.0
chicago,13,2026-03-25,4.399999999999999,22.0,17.6,664.0,16.5,1.8000000000000007,4.200000000000001,10.900000000000002,30.2,-2.8000000000000007,-0.1,17.700000000000003,8.5,18.4,989.4,0.0,-0.13917310096006552,-0.9902680687415703,6.0,0.0,17.6,17.6,14.0
chicago,13,2026-03-26,5.800000000000001,19.0,13.2,588.8,211.99999999999994,-0.7000000000000011,-7.300000000000001,1.8999999999999986,52.2,-6.0,3.6,9.6,17.7,36.7,984.59,4.57,0.29237170472273677,0.9563047559630354,5.0,0.0,13.2,13.2,15.0
chicago,13,2026-03-27,1.7999999999999998,7.0,5.2,783.8,23.699999999999932,1.1000000000000005,2.9000000000000004,5.5,43.2,-7.399999999999999,-6.3,11.5,6.6,18.4,1006.4,1.52,-0.6560590289905074,0.7547095802227719,7.0,0.0,5.2,4.1,16.0
chicago,13,2026-03-28,2.9000000000000004,9.0,6.1,813.0,59.60000000000002,1.3999999999999995,2.9999999999999996,8.899999999999999,32.0,-3.200000000000003,-9.3,15.4,8.7,16.6,1012.5,0.0,-0.43837114678907746,-0.8987940462991669,7.0,0.0,6.1,4.4,17.0
chicago,13,2026-03-29,0.1999999999999993,17.0,16.8,872.1,-116.0,1.1000000000000014,3.4000000000000004,11.8,25.8,-2.1999999999999993,-2.9,19.7,8.3,16.6,996.51,0.0,-0.6946583704589973,-0.7193398003386511,8.0,0.0,16.8,16.8,18.0
chicago,13,2026-03-30,2.8999999999999986,27.0,24.1,762.4,20.699999999999932,1.5,3.200000000000003,12.900000000000002,44.0,-2.200000000000003,11.1,13.000000000000002,8.5,18.4,986.59,3.05,-0.6293203910498376,-0.7771459614569708,7.0,0.0,23.7,24.1,19.0
chicago,13,2026-03-31,1.5,20.0,18.5,246.2,53.0,1.5,1.8000000000000007,-0.3000000000000007,80.2,-6.799999999999997,15.0,3.5,7.8,20.2,983.92,-1.52,-0.43837114678907746,-0.8987940462991669,2.0,2.01,18.5,18.5,20.0
chicago,13,2026-04-01,1.1,4.0,2.9,180.9,-35.5,0.10000000000000009,0.19999999999999973,0.7999999999999998,76.2,0.4000000000000057,-0.9,3.8,8.4,20.2,1000.71,-3.05,0.8910065241883678,0.4539904997395468,1.0,0.0,2.9,0.6,21.0
chicago,13,2026-04-02,7.300000000000001,21.0,13.7,344.4,158.49999999999997,3.5999999999999996,5.999999999999999,10.2,96.0,0.0,13.0,0.6999999999999993,0.2,3.6,982.8,-4.57,-0.587785252292473,-0.8090169943749475,3.0,23.9,13.7,13.7,22.0
chicago,13,2026-04-03,3.3000000000000007,17.0,13.7,810.0,79.70000000000005,2.1999999999999993,3.6999999999999993,5.0,62.2,-7.0,6.6,7.1,1.2,3.6,994.68,1.52,0.984807753012208,-0.1736481776669303,7.0,0.2,13.7,13.7,23.0
chicago,13,2026-04-04,4.9,13.0,8.1,354.1,164.3,-0.9000000000000004,-1.5999999999999996,0.5,89.8,-3.6000000000000085,6.6,1.5,7.6,18.4,987.71,-1.52,-0.5591929034707467,-0.8290375725550417,3.0,8.1,8.1,6.9,24.0
chicago,13,2026-04-05,2.0999999999999996,12.0,9.9,786.2,26.40000000000009,1.8000000000000007,3.0,6.800000000000001,44.4,-5.399999999999999,-1.7,11.6,8.2,18.4,998.0,1.52,-0.9993908270190958,-0.03489949670250076,7.0,0.0,9.9,8.9,25.0
chicago,13,2026-04-06,-0.1999999999999993,10.0,10.2,384.9,-608.9,1.0999999999999996,1.6999999999999993,4.8999999999999995,45.2,-8.199999999999996,-1.2,11.399999999999999,10.9,23.8,1000.31,0.0,-0.9902680687415703,-0.13917310096006583,3.0,2.59,10.2,9.9,26.0
chicago,13,2026-04-07,-0.3999999999999999,3.0,3.4,793.6,14.5,1.2999999999999998,1.5999999999999999,5.0,42.6,-4.0,-8.1,11.5,4.2,11.2,1010.4,1.52,-0.017452406437283637,-0.9998476951563913,7.0,0.0,3.4,3.2,27.0
chicago,13,2026-04-08,5.300000000000001,22.0,16.7,709.3,-6.7000000000000455,2.8999999999999986,5.399999999999999,13.6,37.0,-3.200000000000003,2.0,14.7,13.3,27.7,995.8,-3.05,-0.3090169943749473,-0.9510565162951536,6.0,0.2,16.7,16.7,28.0
chicago,13,2026-04-09,0.1999999999999993,21.0,20.8,801.0,-11.799999999999955,1.1000000000000014,2.0,7.700000000000001,31.4,-3.6000000000000014,3.3,17.5,7.7,20.2,996.11,1.52,-0.6018150231520484,-0.7986355100472928,7.0,0.0,20.8,20.8,29.0
chicago,13,2026-04-10,1.9000000000000004,12.0,10.1,284.1,-72.29999999999995,1.0999999999999996,2.5999999999999996,3.0,73.8,-7.0,5.7,4.3999999999999995,4.7,14.8,1001.49,0.0,-0.9271838545667874,0.37460659341591196,2.0,10.69,10.1,10.1,30.0
chicago,13,2026-04-11,0.3000000000000007,13.0,12.7,659.7,15.600000000000023,0.3999999999999986,0.7999999999999989,11.899999999999999,42.2,6.400000000000006,0.2,12.5,2.2,9.4,1005.32,-3.05,-0.9975640502598243,0.06975647374412522,6.0,0.0,12.7,12.7,31.0
chicago,13,2026-04-12,-0.10000000000000142,26.0,26.1,693.9,129.79999999999995,0.8000000000000007,3.3000000000000007,11.3,48.8,-1.6000000000000014,14.4,11.700000000000001,12.9,33.1,987.61,-1.52,-0.46947156278589086,-0.8829475928589269,6.0,0.0,26.0,26.1,32.0
chicago,13,2026-04-13,3.1000000000000014,26.0,22.9,372.5,-121.5,0.3999999999999986,2.0,4.799999999999997,72.8,-2.4000000000000057,17.8,5.099999999999998,5.2,16.6,988.49,1.52,-0.5000000000000001,-0.8660254037844386,3.0,0.79,23.1,22.9,33.0
chicago,13,2026-04-14,1.3999999999999986,28.0,26.6,952.6,473.40000000000003,2.1000000000000014,4.5,12.000000000000002,58.4,-1.6000000000000014,17.8,8.8,6.6,20.2,983.81,-3.05,-0.45399049973954664,-0.8910065241883679,9.0,4.6,27.4,26.6,34.0
chicago,13,2026-04-15,2.6000000000000014,22.0,19.4,217.1,19.900000000000006,1.0,1.8999999999999986,0.5,80.4,-4.199999999999989,15.9,3.4999999999999982,4.8,18.4,985.1,4.57,-0.8910065241883678,-0.4539904997395469,2.0,14.71,19.4,19.4,35.0
chicago,13,2026-04-16,1.0,23.0,22.0,243.0,-805.9000000000001,1.3999999999999986,2.8999999999999986,6.9,66.0,-9.599999999999994,15.3,6.699999999999999,3.7,11.2,984.29,2.54,-0.9961946980917455,-0.08715574274765825,2.0,3.91,21.9,22.0,36.0
chicago,13,2026-04-17,1.3999999999999986,27.0,25.6,1062.7,326.0,1.7000000000000028,2.5,15.400000000000002,57.2,-4.799999999999997,16.5,9.100000000000001,6.3,18.4,985.71,0.0,-0.017452406437283637,-0.9998476951563913,10.0,0.0,25.7,25.6,37.0
chicago,13,2026-04-18,7.6,17.0,9.4,920.1,30.5,0.8000000000000007,1.9000000000000004,0.5,50.8,-2.8000000000000043,-0.3,9.700000000000001,5.8,23.8,988.99,-1.52,-0.848048096156426,-0.529919264233205,8.0,3.61,9.4,9.0,38.0
chicago,13,2026-04-19,0.0,9.0,9.0,127.4,-771.7,1.0,-0.5999999999999996,7.1,46.2,-5.399999999999999,-1.9,10.9,8.9,20.2,996.21,1.52,-0.992546151641322,0.12186934340514768,1.0,0.0,9.0,7.8,39.0
chicago,13,2026-04-20,1.0999999999999996,13.0,11.9,850.9,9.0,1.0,1.5,11.4,28.6,-3.0,-5.8,17.7,5.6,13.0,1003.01,0.0,0.01745240643728344,-0.9998476951563913,8.0,0.0,11.9,11.9,40.0
chicago,13,2026-04-21,0.6000000000000014,24.0,23.4,878.3,44.799999999999955,1.8999999999999986,3.599999999999998,13.299999999999999,42.6,-2.3999999999999986,10.0,13.399999999999999,9.3,20.2,986.9,-1.52,-0.39073112848927355,-0.9205048534524404,8.0,0.0,23.0,23.4,41.0
chicago,13,2026-04-22,-0.5,22.0,22.5,830.5,-158.89999999999998,1.6999999999999993,6.300000000000001,6.300000000000001,59.2,1.8000000000000043,14.1,8.4,2.4,7.2,990.11,-3.05,-0.5735764363510465,0.8191520442889916,8.0,0.0,22.3,22.5,42.0
chicago,13,2026-04-23,0.8000000000000007,27.0,26.2,873.9,-46.30000000000007,0.5,1.3000000000000007,14.5,46.0,-1.2000000000000028,13.7,12.5,10.9,18.4,986.01,1.52,-0.1045284632676535,-0.9945218953682733,8.0,0.0,26.1,26.2,43.0
chicago,13,2026-04-24,1.1000000000000014,22.0,20.9,391.1,-109.89999999999998,-0.8000000000000007,-0.40000000000000213,1.0999999999999979,60.2,4.600000000000001,12.9,7.999999999999998,5.2,9.4,981.61,0.0,-0.7660444431189779,-0.6427876096865395,3.0,0.0,20.9,20.9,44.0
chicago,13,2026-04-25,-0.1999999999999993,13.0,13.2,871.6,6.7000000000000455,-0.6000000000000014,0.8999999999999986,5.499999999999999,63.6,2.200000000000003,6.4,6.799999999999999,4.2,13.0,992.01,1.52,0.9902680687415704,0.13917310096006547,8.0,0.0,13.2,13.2,45.0
chicago,13,2026-04-26,1.8000000000000007,15.0,13.2,1017.5,582.8,1.3999999999999986,3.0,6.6,69.0,-6.599999999999994,7.7,5.499999999999999,6.8,11.2,995.19,-3.05,0.9961946980917455,-0.08715574274765824,9.0,0.0,13.2,13.2,46.0
chicago,13,2026-04-27,6.0,20.0,14.0,37.7,16.800000000000004,-0.8000000000000007,-0.09999999999999964,1.5,92.0,10.200000000000003,12.7,1.3000000000000007,2.7,11.2,986.12,1.52,-0.22495105434386498,-0.9743700647852352,0.0,11.2,14.0,14.0,47.0
chicago,13,2026-04-28,2.1999999999999993,18.0,15.8,914.4,271.1,1.5,3.1000000000000014,5.200000000000001,57.8,-5.600000000000001,7.5,8.3,9.4,18.4,990.48,4.06,-0.7986355100472928,-0.6018150231520483,8.0,0.3,15.8,15.8,48.0
chicago,13,2026-04-29,3.5,14.0,10.5,368.6,201.10000000000002,-1.9000000000000004,-2.3000000000000007,-1.0999999999999996,74.4,6.0,6.2,4.3,7.3,18.4,990.42,3.05,-0.20791169081775987,0.9781476007338056,3.0,0.0,10.5,10.5,49.0
chicago,13,2026-04-30,1.0,12.0,11.0,93.2,-765.3,-2.8000000000000007,-1.6999999999999993,8.2,60.4,20.4,3.6,7.4,2.9,9.4,992.21,1.52,0.838670567945424,-0.5446390350150271,0.0,0.2,11.0,11.0,50.0
chicago,13,2026-05-01,0.0,9.0,9.0,206.1,14.900000000000006,-0.5,-1.5,4.8,58.2,15.400000000000006,1.2,7.8,3.2,11.2,993.3,0.0,0.9743700647852352,0.22495105434386492,2.0,3.3,9.0,8.9,51.0
chicago,13,2026-05-02,1.3000000000000007,13.0,11.7,336.1,-631.1,0.29999999999999893,1.1999999999999993,12.5,35.8,2.799999999999997,-3.0,14.7,4.2,11.2,995.4,-3.05,-0.798635510047293,0.6018150231520479,3.0,0.0,11.7,11.7,52.0
chicago,13,2026-05-03,7.0,20.0,13.0,768.0,357.8,0.8000000000000007,2.0999999999999996,4.800000000000001,55.2,-5.0,4.2,8.8,9.7,25.6,986.9,-4.57,-0.46947156278589086,-0.8829475928589269,7.0,0.0,13.0,13.0,53.0
chicago,13,2026-05-04,0.8000000000000007,26.0,25.2,877.5,2.2999999999999545,0.6999999999999993,2.3000000000000007,15.1,29.2,-2.400000000000002,6.0,19.2,6.9,14.8,975.42,0.0,-0.45399049973954664,-0.8910065241883679,8.0,0.0,24.6,25.2,54.0
chicago,13,2026-05-05,2.0999999999999996,16.0,13.9,427.6,-494.5,-0.6999999999999993,0.40000000000000036,3.4000000000000004,31.2,1.3999999999999986,-2.9,16.8,7.3,14.8,985.3,-3.05,-0.984807753012208,-0.17364817766693033,4.0,0.99,13.9,13.9,55.0
chicago,13,2026-05-06,1.0999999999999996,14.0,12.9,362.2,-67.10000000000002,-1.0999999999999996,0.9000000000000004,8.100000000000001,33.0,2.0,-3.0,15.9,6.3,14.8,990.01,0.0,-0.9781476007338056,-0.2079116908177598,3.0,0.0,12.9,12.9,56.0
chicago,13,2026-05-07,-1.0,15.0,16.0,1046.6,160.5999999999999,1.4000000000000004,2.0999999999999996,14.1,32.4,0.3999999999999986,-0.5,16.5,6.6,18.4,988.01,-1.52,-0.8191520442889916,-0.5735764363510464,10.0,0.0,16.0,16.0,57.0
chicago,13,2026-05-08,-0.3999999999999986,19.0,19.4,887.2,-29.59999999999991,0.5999999999999979,2.5,15.399999999999999,37.4,5.599999999999998,4.5,14.899999999999999,1.4,5.4,984.59,-3.05,-0.35836794954530043,-0.9335804264972017,8.0,0.0,19.4,19.4,58.0
chicago,13,2026-05-09,1.8999999999999986,24.0,22.1,866.3,-95.20000000000005,0.10000000000000142,2.6000000000000014,10.500000000000002,26.0,-7.799999999999997,1.7,20.400000000000002,8.7,16.6,979.41,-3.05,-0.9563047559630354,0.2923717047227367,8.0,0.0,21.0,22.1,59.0
chicago,13,2026-05-10,1.0,18.0,17.0,1057.8,200.79999999999995,0.5,0.3999999999999986,10.5,25.2,-1.4000000000000021,-3.1,20.1,4.2,13.0,995.4,4.57,-0.9993908270190958,0.03489949670250128,10.0,0.0,17.0,17.0,60.0
chicago,13,2026-05-11,-0.5,13.0,13.5,898.9,2.3999999999999773,0.0,-0.09999999999999964,7.2,32.2,0.40000000000000213,-2.8,16.3,5.2,13.0,1000.81,0.0,0.6018150231520483,0.7986355100472928,8.0,0.0,13.5,13.5,61.0
chicago,13,2026-05-12,1.6000000000000014,22.0,20.4,273.0,75.0,2.0,3.099999999999998,12.999999999999998,37.4,-1.3999999999999986,5.3,15.099999999999998,3.0,11.2,989.71,-1.52,-0.46947156278589086,-0.8829475928589269,2.0,0.0,20.4,20.4,62.0
chicago,13,2026-05-13,-0.9000000000000004,14.0,14.9,1191.3,641.8,1.0,0.0,1.5,49.6,-2.799999999999997,4.5,10.4,2.7,7.2,992.52,0.0,0.9743700647852352,-0.22495105434386503,11.0,0.0,14.9,14.9,63.0
chicago,13,2026-05-14,-0.6000000000000014,19.0,19.6,903.6,8.300000000000068,1.4000000000000021,2.3000000000000007,13.700000000000001,26.0,-2.0,-0.4,20.0,2.2,5.4,994.41,0.0,-0.9975640502598242,-0.06975647374412558,8.0,0.0,19.6,19.6,64.0
chicago,13,2026-05-15,4.600000000000001,24.0,19.4,895.2,11.100000000000023,1.0,2.799999999999997,6.399999999999999,52.2,-3.799999999999997,9.3,10.099999999999998,11.7,27.7,988.11,-3.05,-0.2079116908177595,-0.9781476007338056,8.0,0.0,19.4,19.4,65.0
chicago,13,2026-05-16,1.3000000000000007,28.0,26.7,913.0,-2.1000000000000227,0.5999999999999979,1.5999999999999979,9.0,50.0,-3.3999999999999986,15.4,11.299999999999999,4.8,13.0,987.1,3.05,-0.8290375725550418,-0.5591929034707466,8.0,1.3,27.2,26.7,66.0
chicago,13,2026-05-17,1.6999999999999993,30.0,28.3,356.8,-748.9000000000001,1.4000000000000021,2.900000000000002,9.100000000000001,55.0,-6.799999999999997,18.4,9.900000000000002,6.0,20.2,986.12,-3.05,-0.22495105434386498,-0.9743700647852352,3.0,0.0,29.3,28.3,67.0
chicago,13,2026-05-18,3.5,26.0,22.5,607.5,380.6,1.5,-1.5,-1.6000000000000014,89.2,-3.799999999999997,20.6,1.8999999999999986,3.3,7.2,985.2,0.0,-0.374606593415912,-0.9271838545667874,5.0,7.39,23.1,22.5,68.0
chicago,13,2026-05-19,0.1999999999999993,26.0,25.8,489.9,-599.9,0.6999999999999993,1.6000000000000014,5.5,59.0,-4.0,17.2,8.600000000000001,10.2,20.2,988.22,-1.52,-0.8290375725550418,-0.5591929034707466,4.0,0.0,26.0,25.8,69.0
chicago,13,2026-05-20,0.0,16.0,16.0,960.2,-85.5,0.40000000000000036,1.9000000000000004,4.199999999999999,52.6,0.20000000000000284,6.3,9.7,5.5,11.2,1000.91,-1.52,-0.10452846326765342,0.9945218953682733,9.0,0.0,16.0,16.0,70.0
chicago,13,2026-05-21,0.5,14.0,13.5,497.5,-485.20000000000005,-1.1999999999999993,1.4000000000000004,4.9,61.0,2.0,6.1,7.4,4.0,14.8,1002.3,0.0,0.9335804264972017,-0.35836794954530027,4.0,0.0,13.5,13.5,71.0
chicago,13,2026-05-22,-1.3999999999999986,18.0,19.4,844.6,132.5,2.0,4.499999999999998,8.099999999999998,45.8,-3.4000000000000057,7.4,11.999999999999998,2.4,11.2,994.21,-3.05,0.8829475928589269,-0.4694715627858909,8.0,0.0,19.4,19.4,72.0
chicago,13,2026-05-23,-0.8999999999999986,21.0,21.9,942.1,-96.69999999999993,1.6999999999999993,4.399999999999999,9.099999999999998,61.4,-4.000000000000007,14.1,7.799999999999999,1.4,5.4,991.09,3.05,-0.7313537016191705,-0.6819983600624986,9.0,0.0,21.7,21.9,73.0
chicago,13,2026-05-24,2.6000000000000014,25.0,22.4,1271.3,411.0,2.299999999999997,5.099999999999998,6.899999999999999,62.2,-12.200000000000003,14.8,7.599999999999998,2.5,7.2,993.19,-1.52,-0.9563047559630353,-0.2923717047227371,12.0,12.7,22.3,22.4,74.0
chicago,13,2026-05-25,-0.5,28.0,28.5,931.7,22.90000000000009,1.0,2.0,14.7,37.8,-3.0,12.7,15.8,1.6,5.4,995.09,-4.57,-0.5446390350150271,-0.838670567945424,9.0,0.0,28.0,28.5,75.0
chicago,13,2026-05-26,-1.6000000000000014,28.0,29.6,731.0,238.60000000000002,1.2000000000000028,2.3000000000000007,12.900000000000002,27.6,-2.599999999999998,8.9,20.700000000000003,0.7,3.6,992.21,1.52,-0.3090169943749473,-0.9510565162951536,7.0,0.0,28.2,29.6,76.0
chicago,13,2026-05-27,1.0,28.0,27.0,936.9,43.5,-0.6000000000000014,-1.3000000000000007,12.0,45.0,1.7999999999999972,14.0,13.0,2.6,9.4,991.5,1.52,-0.2588190451025207,0.9659258262890683,9.0,0.0,27.1,27.0,77.0
chicago,13,2026-05-28,-0.5,22.0,22.5,941.8,21.899999999999977,0.8999999999999986,1.1999999999999993,8.5,42.2,-3.799999999999997,9.0,13.5,4.0,11.2,998.1,-1.52,0.9743700647852352,0.22495105434386492,9.0,0.0,21.9,22.5,78.0
chicago,13,2026-05-29,0.8000000000000007,29.0,28.2,880.3,-16.0,1.0,2.3999999999999986,16.799999999999997,33.2,-4.799999999999997,10.5,17.7,3.6,11.2,991.7,-3.05,-0.9975640502598243,0.06975647374412522,8.0,0.0,27.4,28.2,79.0
chicago,13,2026-05-30,-1.0,23.0,24.0,958.3,-2.900000000000091,1.0,2.8999999999999986,9.7,33.6,-3.0,6.9,17.1,2.8,11.2,995.09,1.52,0.9925461516413221,-0.12186934340514737,9.0,0.0,23.3,24.0,80.0
chicago,13,2026-05-31,0.3999999999999986,24.0,23.6,1015.3,442.5,1.3000000000000007,2.1000000000000014,10.8,40.6,-1.7999999999999972,9.5,14.100000000000001,2.2,5.4,994.21,-6.1,-0.798635510047293,0.6018150231520479,9.0,0.0,23.1,23.6,81.0
chicago,13,2026-06-01,3.5,22.0,18.5,178.1,-34.400000000000006,0.3999999999999986,0.8999999999999986,6.1,46.4,-3.6000000000000014,6.8,11.7,0.9,5.4,994.99,-3.05,-0.6946583704589973,-0.7193398003386511,1.0,7.11,18.5,18.5,82.0
chicago,13,2026-06-02,-1.5,23.0,24.5,940.7,13.600000000000023,0.8000000000000007,1.6000000000000014,11.6,29.6,-3.3999999999999986,5.6,18.9,3.3,9.4,1002.91,0.0,-0.46947156278589086,-0.8829475928589269,9.0,0.0,23.8,24.5,83.0
chicago,13,2026-06-03,0.6000000000000014,28.0,27.4,985.8,329.79999999999995,0.8999999999999986,1.5999999999999979,14.7,22.4,-2.8000000000000007,4.0,23.4,3.1,9.4,1001.49,-1.52,-0.46947156278589086,-0.8829475928589269,9.0,0.0,26.4,27.4,84.0
chicago,13,2026-06-04,2.1000000000000014,31.0,28.9,906.8,-26.40000000000009,0.8999999999999986,1.6999999999999993,12.299999999999997,29.0,-4.600000000000001,9.0,19.9,6.8,14.8,993.7,1.52,-0.22495105434386498,-0.9743700647852352,8.0,0.0,27.7,28.9,85.0
chicago,13,2026-06-05,3.1999999999999993,27.0,23.8,234.5,-510.4,-0.6999999999999993,0.40000000000000213,1.5,82.2,5.6000000000000085,20.6,3.1999999999999993,3.6,9.4,987.71,1.52,-0.35836794954530043,-0.9335804264972017,2.0,2.59,24.4,23.8,86.0
chicago,13,2026-06-06,-0.6000000000000014,29.0,29.6,866.9,28.199999999999932,-0.3999999999999986,1.6000000000000014,7.5,59.2,1.0,20.8,8.8,3.8,9.4,986.49,0.0,-0.9563047559630353,-0.2923717047227371,8.0,1.3,32.0,29.6,87.0
chicago,13,2026-06-07,-1.6000000000000014,28.0,29.6,652.8,-218.30000000000007,0.40000000000000213,1.4000000000000021,10.5,36.8,-1.4000000000000057,13.3,16.3,4.1,11.2,990.01,1.52,0.8746197071393959,-0.484809620246337,6.0,0.0,28.9,29.6,88.0
chicago,13,2026-06-08,0.3999999999999986,29.0,28.6,633.2,148.30000000000007,1.2000000000000028,2.0,8.600000000000001,64.8,-3.4000000000000057,21.3,7.300000000000001,5.3,18.4,989.5,0.0,0.2249510543438652,-0.9743700647852351,6.0,13.49,31.1,28.6,89.0
chicago,13,2026-06-09,0.6999999999999993,31.0,30.3,540.8,-593.3,1.6999999999999993,3.400000000000002,8.3,65.4,-7.0,23.1,7.199999999999999,3.4,9.4,987.5,-3.05,-0.5150380749100542,-0.8571673007021123,5.0,2.11,34.6,30.3,90.0
chicago,13,2026-06-10,1.0,33.0,32.0,1055.0,7.099999999999909,0.3999999999999986,1.5,10.2,62.0,-0.3999999999999986,23.8,8.2,9.4,20.2,981.21,1.52,-0.2079116908177595,-0.9781476007338056,10.0,0.0,37.7,32.0,91.0
chicago,13,2026-06-11,1.3000000000000007,28.0,26.7,66.8,-810.7,-2.8000000000000007,-1.1000000000000014,7.699999999999999,69.8,8.799999999999997,20.7,6.0,4.8,11.2,985.81,6.1,-0.8290375725550418,-0.5591929034707466,0.0,8.1,28.3,26.7,92.0
chicago,15,2026-03-12,-0.7999999999999998,7.0,7.8,502.0,-113.79999999999995,0.8999999999999995,1.5,9.6,37.8,-1.8000000000000043,-5.7,13.5,6.2,22.0,996.11,-1.52,-0.9986295347545738,-0.052335956242944306,4.0,0.0,7.8,7.0,1.0
chicago,15,2026-03-13,-0.5,8.0,8.5,573.2,-112.29999999999995,0.3000000000000007,1.2000000000000002,2.0999999999999996,40.6,-2.1999999999999957,-4.1,12.6,15.4,47.9,982.49,3.05,-0.9396926207859084,-0.34202014332566855,5.0,0.99,8.5,6.3,2.0
chicago,15,2026-03-14,-0.10000000000000009,2.0,2.1,125.8,-49.7,-0.3999999999999999,-0.8999999999999999,2.8,71.0,11.799999999999997,-2.6,4.7,1.9,5.4,998.0,-1.52,-0.5735764363510462,-0.8191520442889918,1.0,0.0,2.1,2.1,3.0
chicago,15,2026-03-15,1.4000000000000004,17.0,15.6,67.7,-28.39999999999999,0.6999999999999993,1.1999999999999993,12.399999999999999,78.0,-2.0,11.8,3.799999999999999,11.7,31.3,967.02,4.57,-0.052335956242943564,-0.9986295347545738,0.0,3.61,15.6,15.6,4.0
chicago,15,2026-03-16,1.4,-1.0,-2.4,575.7,248.30000000000007,0.5,0.8999999999999999,2.0000000000000004,64.3,-3.1000000000000085,-8.2,5.799999999999999,13.1,31.3,983.31,4.57,-0.6427876096865396,0.7660444431189778,5.0,0.0,-2.4,-6.8,5.0
chicago,15,2026-03-17,0.5999999999999996,-4.0,-4.6,389.9,-286.4,-0.5,0.20000000000000018,5.200000000000001,38.0,-2.200000000000003,-16.7,12.1,6.2,14.8,999.9,-1.52,-0.8571673007021121,-0.5150380749100544,3.0,0.0,-4.6,-6.5,6.0
chicago,15,2026-03-18,1.7999999999999998,8.0,6.2,421.6,-5.7999999999999545,1.2999999999999998,2.6,10.7,54.6,-1.7999999999999972,-2.3,8.5,3.7,9.4,991.7,-4.57,-0.7071067811865475,-0.7071067811865477,4.0,0.2,6.2,5.7,7.0
chicago,15,2026-03-19,2.5999999999999996,17.0,14.4,490.6,-147.29999999999995,-2.799999999999999,-1.700000000000001,12.9,44.0,2.3999999999999986,2.3,12.100000000000001,4.7,14.8,994.11,0.0,0.9659258262890683,0.25881904510252074,4.0,0.0,14.4,14.4,8.0
chicago,15,2026-03-20,3.1999999999999993,22.0,18.8,583.7,-51.0,-3.3999999999999986,-2.599999999999998,7.800000000000001,48.6,7.600000000000001,7.7,11.100000000000001,7.8,14.8,984.69,6.1,0.6018150231520483,0.7986355100472928,5.0,0.0,18.8,18.8,9.0
chicago,15,2026-03-21,3.0,25.0,22.0,551.3,-119.60000000000002,2.0,4.699999999999999,15.4,36.8,0.0,6.6,15.4,9.0,22.0,982.9,-4.57,-0.17364817766693047,-0.984807753012208,5.0,0.0,21.2,22.0,10.0
chicago,15,2026-03-22,18.8,21.0,2.2,122.0,-151.3,-0.7999999999999998,-0.7999999999999998,-7.7,76.8,5.799999999999997,-1.4,3.6,14.5,29.5,990.42,4.57,0.0,1.0,1.0,0.0,2.2,-1.5,11.0
chicago,15,2026-03-23,-1.2000000000000002,5.0,6.2,557.0,-120.79999999999995,0.6000000000000005,1.7999999999999998,6.9,36.2,1.6000000000000014,-7.7,13.9,4.8,13.0,1007.11,0.0,0.29237170472273677,0.9563047559630354,5.0,0.0,6.2,5.8,12.0
chicago,15,2026-03-24,2.1999999999999993,11.0,8.8,363.7,29.599999999999966,0.20000000000000107,0.9000000000000004,9.600000000000001,31.2,0.1999999999999993,-7.3,16.1,5.0,11.2,1001.59,-1.52,-0.29237170472273677,-0.9563047559630354,3.0,0.0,8.8,8.5,13.0
chicago,15,2026-03-25,1.1999999999999993,22.0,20.8,547.8,-85.90000000000009,1.5,3.1999999999999993,14.100000000000001,22.2,-3.400000000000002,-1.6,22.400000000000002,9.4,23.8,986.12,-1.52,-0.7771459614569706,-0.6293203910498378,5.0,0.0,20.8,20.8,14.0
chicago,15,2026-03-26,7.800000000000001,19.0,11.2,426.2,281.7,-0.6000000000000014,-2.0,-0.10000000000000142,68.4,8.000000000000007,5.6,5.6,12.5,23.8,984.19,16.25,0.25881904510252074,0.9659258262890683,4.0,0.0,11.2,11.2,15.0
chicago,15,2026-03-27,0.40000000000000036,7.0,6.6,828.5,-24.799999999999955,0.5999999999999996,1.3999999999999995,6.8999999999999995,39.4,-2.200000000000003,-6.2,12.8,10.7,22.0,1006.1,3.05,-0.4226182617406992,0.90630778703665,8.0,0.0,6.6,4.5,16.0
chicago,15,2026-03-28,0.5999999999999996,9.0,8.4,620.1,-116.0,1.3000000000000007,2.3000000000000007,11.2,34.4,0.0,-6.4,14.8,5.9,13.0,1009.31,-1.52,-0.6156614753256582,-0.788010753606722,6.0,0.0,8.4,7.7,17.0
chicago,15,2026-03-29,0.0,17.0,17.0,368.7,-153.50000000000006,-0.3999999999999986,0.1999999999999993,12.0,25.2,1.1999999999999993,-3.1,20.1,8.1,22.0,994.99,4.57,-0.754709580222772,-0.6560590289905073,3.0,0.0,17.0,17.0,18.0
chicago,15,2026-03-30,0.3999999999999986,27.0,26.6,608.2,-111.89999999999998,0.8000000000000007,2.5,15.400000000000002,40.4,-1.3999999999999986,12.0,14.600000000000001,10.5,33.1,984.08,-3.05,-0.374606593415912,-0.9271838545667874,5.0,0.0,26.3,26.6,19.0
chicago,15,2026-03-31,0.10000000000000142,20.0,19.9,77.6,-186.9,0.3999999999999986,1.3999999999999986,1.0999999999999979,74.0,-5.0,15.1,4.799999999999999,7.6,18.4,983.81,0.0,-0.7313537016191705,-0.6819983600624986,0.0,2.01,19.9,19.9,20.0
chicago,15,2026-04-01,0.3999999999999999,4.0,3.6,232.8,8.0,0.5,0.7000000000000002,1.5,74.0,-1.5999999999999943,-0.6,4.2,9.0,20.2,999.49,0.0,0.3420201433256687,0.9396926207859084,2.0,0.0,3.6,1.3,21.0
chicago,15,2026-04-02,0.8000000000000007,21.0,20.2,310.6,113.20000000000002,1.5,6.5,16.7,82.6,-10.400000000000006,17.1,3.099999999999998,10.8,29.5,980.09,0.0,-0.08715574274765794,-0.9961946980917455,3.0,25.4,20.2,20.2,22.0
chicago,15,2026-04-03,4.6,17.0,12.4,396.7,-303.00000000000006,-2.5999999999999996,-1.299999999999999,3.700000000000001,64.6,7.999999999999993,5.9,6.5,5.8,13.0,995.29,4.57,0.9975640502598242,0.06975647374412523,3.0,0.2,12.4,12.4,23.0
chicago,15,2026-04-04,3.6999999999999993,13.0,9.3,544.5,141.8,0.10000000000000142,1.200000000000001,1.700000000000001,73.0,-7.799999999999997,4.7,4.6000000000000005,10.7,27.7,988.01,-1.52,-0.8746197071393959,-0.48480962024633684,5.0,8.31,9.3,7.8,24.0
chicago,15,2026-04-05,0.8000000000000007,12.0,11.2,622.7,-115.29999999999995,0.5,1.299999999999999,8.1,32.0,-3.0,-4.9,16.1,7.6,20.2,997.8,0.0,-0.9396926207859084,-0.34202014332566855,6.0,0.0,11.2,11.2,25.0
chicago,15,2026-04-06,0.1999999999999993,10.0,9.8,630.5,-349.4,0.0,-0.3999999999999986,4.500000000000001,43.0,-2.799999999999997,-2.1,11.9,7.6,20.2,999.49,-3.05,-0.8386705679454243,0.5446390350150266,6.0,2.59,9.8,9.2,26.0
chicago,15,2026-04-07,-2.2,3.0,5.2,618.8,-130.0,0.5,1.8000000000000003,6.800000000000001,38.6,-1.6000000000000014,-7.7,12.9,2.3,9.4,1009.01,-3.05,0.5735764363510459,-0.8191520442889919,6.0,0.0,5.2,5.2,27.0
chicago,15,2026-04-08,1.1999999999999993,22.0,20.8,631.3,-96.20000000000005,2.5,4.100000000000001,17.7,33.0,-3.0,4.0,16.8,17.6,33.1,993.3,-3.05,0.19080899537654497,-0.981627183447664,6.0,0.2,20.8,20.8,28.0
chicago,15,2026-04-09,-0.6999999999999993,21.0,21.7,551.3,-269.5,0.1999999999999993,0.8999999999999986,8.6,33.0,-0.3999999999999986,4.7,17.0,6.6,14.8,995.7,0.0,-0.5446390350150271,-0.838670567945424,5.0,0.0,20.8,21.7,29.0
chicago,15,2026-04-10,1.9000000000000004,12.0,10.1,124.6,-7.800000000000011,0.40000000000000036,0.0,3.0,74.2,-0.5999999999999943,5.7,4.3999999999999995,1.0,1.8,1002.51,-1.52,-0.981627183447664,-0.1908089953765446,1.0,10.69,10.1,10.1,30.0
chicago,15,2026-04-11,-0.5999999999999996,13.0,13.6,375.5,-144.0,-0.20000000000000107,0.9000000000000004,12.799999999999999,49.4,3.799999999999997,3.2,10.399999999999999,1.3,5.4,1003.39,-3.05,0.0871557427476582,-0.9961946980917455,3.0,0.0,13.6,13.6,31.0
chicago,15,2026-04-12,-0.8000000000000007,26.0,26.8,554.8,121.69999999999993,0.1999999999999993,0.6999999999999993,12.0,44.2,-2.0,13.6,13.200000000000001,8.9,29.5,985.81,-4.57,-0.6293203910498376,-0.7771459614569708,5.0,0.0,27.0,26.8,32.0
chicago,15,2026-04-13,2.6999999999999993,26.0,23.3,212.6,-16.5,-0.5,0.40000000000000213,5.199999999999999,71.0,3.0,17.8,5.5,3.7,11.2,987.61,-12.19,-0.19080899537654472,-0.981627183447664,2.0,0.79,23.6,23.3,33.0
chicago,15,2026-04-14,1.3999999999999986,28.0,26.6,269.7,-581.5,-1.5999999999999979,0.0,12.000000000000002,58.6,4.800000000000004,17.8,8.8,7.1,22.0,983.41,-3.05,-0.7193398003386512,-0.6946583704589973,2.0,4.6,27.5,26.6,34.0
chicago,15,2026-04-15,1.5,22.0,20.5,382.4,121.59999999999997,0.10000000000000142,1.1000000000000014,1.6000000000000014,77.0,0.20000000000000284,16.4,4.100000000000001,5.5,14.8,985.2,-3.05,-0.6819983600624984,-0.7313537016191706,3.0,14.71,20.5,20.5,35.0
chicago,15,2026-04-16,-0.3999999999999986,23.0,23.4,211.9,-667.3000000000001,0.29999999999999716,1.3999999999999986,8.299999999999999,54.6,-4.799999999999997,13.8,9.599999999999998,4.2,14.8,985.1,3.05,-0.9659258262890683,-0.25881904510252063,2.0,3.91,23.3,23.4,36.0
chicago,15,2026-04-17,0.10000000000000142,27.0,26.9,559.5,-387.1,0.6999999999999993,1.2999999999999972,16.7,54.4,-2.8000000000000043,16.9,10.0,11.5,29.5,982.09,0.0,-0.22495105434386498,-0.9743700647852352,5.0,0.0,27.6,26.9,37.0
chicago,15,2026-04-18,6.199999999999999,17.0,10.8,873.3,41.39999999999998,1.200000000000001,1.4000000000000004,1.9000000000000004,43.2,-6.399999999999999,-1.3,12.100000000000001,11.1,27.7,989.6,0.0,-0.9848077530122081,0.17364817766692997,8.0,3.61,10.8,10.8,38.0
chicago,15,2026-04-19,-1.1999999999999993,9.0,10.2,707.3,-136.9000000000001,2.6999999999999993,1.1999999999999993,8.299999999999999,44.6,-25.4,-1.3,11.5,7.4,18.4,996.51,1.52,-0.8090169943749476,0.5877852522924729,6.0,0.2,10.2,10.2,39.0
chicago,15,2026-04-20,-0.40000000000000036,13.0,13.4,678.6,-122.10000000000002,1.0999999999999996,1.5,12.9,31.2,2.599999999999998,-3.3,16.7,4.4,11.2,1001.39,0.0,-0.48480962024633695,-0.8746197071393959,6.0,0.0,13.4,13.4,40.0
chicago,15,2026-04-21,1.8000000000000007,24.0,22.2,75.3,-129.0,-1.0,-1.1999999999999993,12.1,48.2,3.8000000000000043,10.7,11.5,5.8,16.6,986.49,1.52,-0.9205048534524403,-0.3907311284892738,0.0,0.0,21.7,22.2,41.0
chicago,15,2026-04-22,-0.5,22.0,22.5,668.6,-120.19999999999993,-1.1999999999999993,0.0,6.300000000000001,52.4,-1.2000000000000028,12.3,10.2,3.7,14.8,989.81,0.0,-0.5150380749100545,0.8571673007021121,6.0,0.0,22.2,22.5,42.0
chicago,15,2026-04-23,-0.10000000000000142,27.0,27.1,634.4,-226.20000000000005,-0.3999999999999986,0.9000000000000021,15.400000000000002,40.0,-1.6000000000000014,12.3,14.8,10.5,22.0,984.08,-3.05,-0.17364817766693047,-0.984807753012208,6.0,0.0,26.9,27.1,43.0
chicago,15,2026-04-24,1.8999999999999986,22.0,20.1,201.3,-97.5,-0.1999999999999993,-0.7999999999999972,0.3000000000000007,63.2,-0.19999999999999574,12.9,7.200000000000001,6.0,13.0,982.7,4.57,-0.8386705679454242,-0.544639035015027,1.0,0.0,20.1,20.1,44.0
chicago,15,2026-04-25,-0.5999999999999996,13.0,13.6,702.5,-119.5,0.40000000000000036,0.40000000000000036,5.8999999999999995,61.6,-0.8999999999999986,6.4,7.199999999999999,2.6,9.4,992.21,-4.57,-0.19080899537654467,0.981627183447664,6.0,0.0,13.6,13.6,45.0
chicago,15,2026-04-26,-0.5,15.0,15.5,343.7,-450.00000000000006,0.3000000000000007,2.3000000000000007,8.9,61.8,-1.2000000000000028,8.2,7.300000000000001,3.0,9.4,993.19,-3.05,0.9335804264972017,0.3583679495453004,3.0,0.0,15.5,15.5,46.0
chicago,15,2026-04-27,3.1000000000000014,20.0,16.9,350.6,140.40000000000003,2.299999999999999,2.8999999999999986,4.399999999999999,85.0,-7.0,14.4,2.4999999999999982,6.5,23.8,977.21,1.52,0.3420201433256689,-0.9396926207859083,3.0,15.01,16.9,16.9,47.0
chicago,15,2026-04-28,0.6999999999999993,18.0,17.3,710.4,-148.20000000000005,0.8000000000000007,1.5,6.700000000000001,53.2,-4.199999999999996,7.7,9.600000000000001,7.9,14.8,989.3,-1.52,-0.9961946980917455,-0.08715574274765825,6.0,0.3,17.3,17.3,48.0
chicago,15,2026-04-29,2.9000000000000004,14.0,11.1,134.7,34.499999999999986,1.0999999999999996,0.5999999999999996,-0.5,67.2,-6.799999999999997,5.2,5.8999999999999995,5.5,13.0,990.79,-3.05,-0.4694715627858908,0.882947592858927,1.0,0.0,11.1,11.1,49.0
chicago,15,2026-04-30,2.0999999999999996,12.0,9.9,210.4,-66.79999999999998,-0.29999999999999893,-1.0999999999999996,7.1000000000000005,62.0,-1.7999999999999972,3.0,6.9,2.4,9.4,991.91,1.52,0.9612616959383189,-0.27563735581699905,2.0,0.2,9.9,9.8,50.0
chicago,15,2026-05-01,1.5999999999999996,9.0,7.4,82.8,-234.3,-0.6999999999999993,-1.5999999999999996,3.2,62.4,1.6000000000000014,0.7,6.7,1.6,7.2,994.62,3.05,-0.6018150231520483,0.7986355100472928,0.0,3.3,7.4,7.4,51.0
chicago,15,2026-05-02,0.40000000000000036,13.0,12.6,460.1,-554.0,1.0999999999999996,0.9000000000000004,13.4,33.0,-3.200000000000003,-3.3,15.899999999999999,4.5,13.0,994.01,0.0,-0.656059028990507,-0.7547095802227721,4.0,0.0,12.6,12.6,52.0
chicago,15,2026-05-03,1.6000000000000014,20.0,18.4,804.5,-18.0,2.6999999999999993,5.399999999999999,10.2,38.8,-8.0,4.1,14.299999999999999,7.1,22.0,984.02,0.0,-0.5299192642332048,-0.8480480961564261,7.0,0.0,18.4,18.4,53.0
chicago,15,2026-05-04,-0.6999999999999993,26.0,26.7,910.8,72.29999999999995,0.1999999999999993,1.5,16.6,30.6,4.400000000000002,8.0,18.7,8.3,23.8,973.99,-4.57,-0.848048096156426,-0.529919264233205,8.0,0.0,26.2,26.7,54.0
chicago,15,2026-05-05,2.3000000000000007,16.0,13.7,232.9,-75.79999999999998,-0.10000000000000142,-0.20000000000000107,3.1999999999999993,28.8,0.40000000000000213,-4.1,17.799999999999997,3.1,9.4,985.2,1.52,-0.984807753012208,-0.17364817766693033,2.0,0.99,13.7,13.7,55.0
chicago,15,2026-05-06,0.0,14.0,14.0,279.7,-244.7,1.0999999999999996,1.0999999999999996,9.2,29.2,-3.1999999999999993,-3.7,17.7,8.3,20.2,989.5,-1.52,-0.8386705679454242,-0.544639035015027,2.0,0.0,14.0,14.0,56.0
chicago,15,2026-05-07,-0.9000000000000004,15.0,15.9,736.8,-183.70000000000005,-0.20000000000000107,-0.09999999999999964,14.0,42.4,6.600000000000001,3.2,12.7,9.1,22.0,986.39,-3.05,-0.587785252292473,-0.8090169943749475,7.0,0.0,15.9,15.9,57.0
chicago,15,2026-05-08,-1.3999999999999986,19.0,20.4,746.6,483.3,1.0,1.0,16.4,36.6,-0.6000000000000014,5.0,15.399999999999999,1.2,9.4,983.0,-1.52,-0.7880107536067221,-0.6156614753256581,7.0,0.0,20.4,20.4,58.0
chicago,15,2026-05-09,0.0,24.0,24.0,743.3,233.79999999999995,0.3999999999999986,1.8999999999999986,12.4,25.4,1.0,3.0,21.0,10.8,34.9,979.31,-4.57,-0.7071067811865475,-0.7071067811865477,7.0,0.0,23.1,24.0,59.0
chicago,15,2026-05-10,-1.1000000000000014,18.0,19.1,907.9,-51.30000000000007,1.5,2.1000000000000014,12.600000000000001,23.8,-0.3999999999999986,-2.1,21.200000000000003,7.5,16.6,994.99,3.05,-0.9271838545667874,0.37460659341591196,8.0,0.0,19.1,19.1,60.0
chicago,15,2026-05-11,-0.40000000000000036,13.0,13.4,693.9,-139.5,0.40000000000000036,-0.09999999999999964,7.1000000000000005,33.8,-1.6000000000000014,-2.2,15.600000000000001,4.2,11.2,1000.41,-3.05,-0.9743700647852352,0.22495105434386492,6.0,0.0,13.4,13.4,61.0
chicago,15,2026-05-12,0.8000000000000007,22.0,21.2,168.1,-107.29999999999998,-0.9000000000000021,0.8000000000000007,13.799999999999999,42.2,5.200000000000003,7.9,13.299999999999999,3.0,9.4,987.81,-1.52,-0.656059028990507,-0.7547095802227721,1.0,0.0,20.5,21.2,62.0
chicago,15,2026-05-13,1.4000000000000004,14.0,12.6,363.9,-100.5,-0.3000000000000007,-2.3000000000000007,-0.8000000000000007,53.2,0.4000000000000057,3.4,9.2,2.8,9.4,993.5,0.0,0.0871557427476582,-0.9961946980917455,3.0,0.0,12.6,12.6,63.0
chicago,15,2026-05-14,-2.0,19.0,21.0,723.0,-121.39999999999998,0.3999999999999986,1.3999999999999986,15.1,25.4,-2.0,0.4,20.6,1.9,9.4,993.4,-3.05,0.3255681544571566,-0.9455185755993168,7.0,0.0,21.0,21.0,64.0
chicago,15,2026-05-15,1.6999999999999993,24.0,22.3,719.1,-113.10000000000002,0.9000000000000021,2.900000000000002,9.3,44.2,-1.1999999999999957,9.5,12.8,7.6,25.6,986.79,0.0,-0.22495105434386498,-0.9743700647852352,7.0,0.0,21.7,22.3,65.0
chicago,15,2026-05-16,-1.6000000000000014,28.0,29.6,783.9,-54.30000000000007,1.7000000000000028,2.900000000000002,11.900000000000002,41.0,-6.0,14.9,14.700000000000001,4.2,11.2,986.18,-1.02,-0.8290375725550418,-0.5591929034707466,7.0,1.3,29.3,29.6,66.0
chicago,15,2026-05-17,-0.10000000000000142,30.0,30.1,842.5,-90.0,0.7000000000000028,1.8000000000000007,10.900000000000002,45.0,-3.6000000000000014,16.8,13.3,8.4,20.2,984.8,-1.52,-0.13917310096006552,-0.9902680687415703,8.0,0.0,30.5,30.1,67.0
chicago,15,2026-05-18,-0.5,26.0,26.5,667.3,61.69999999999993,0.3000000000000007,4.0,2.3999999999999986,58.8,-5.400000000000006,17.7,8.8,8.0,23.8,985.61,-4.57,-0.6427876096865393,-0.766044443118978,6.0,7.39,27.1,26.5,68.0
chicago,15,2026-05-19,0.3999999999999986,26.0,25.6,394.1,-196.19999999999993,0.3000000000000007,-0.1999999999999993,5.300000000000001,60.4,-2.6000000000000014,17.4,8.200000000000003,7.8,23.8,989.2,3.05,-0.587785252292473,-0.8090169943749475,3.0,0.0,25.8,25.6,69.0
chicago,15,2026-05-20,0.1999999999999993,16.0,15.8,763.1,-200.60000000000002,-0.09999999999999964,-0.1999999999999993,4.0,46.0,-6.399999999999999,4.2,11.600000000000001,4.6,11.2,1001.39,1.52,0.6156614753256583,0.7880107536067219,7.0,0.0,15.8,15.8,70.0
chicago,15,2026-05-21,-0.5,14.0,14.5,884.1,135.10000000000002,0.40000000000000036,1.0,5.9,57.4,-2.0,6.2,8.3,4.1,23.8,1001.19,-5.59,0.27563735581699916,0.9612616959383189,8.0,0.0,14.5,14.5,71.0
chicago,15,2026-05-22,-1.6000000000000014,18.0,19.6,694.6,0.5,0.3000000000000007,0.20000000000000284,8.3,44.8,-1.0,7.3,12.3,3.6,11.2,993.19,-4.57,0.9961946980917455,0.08715574274765814,6.0,0.0,19.6,19.6,72.0
chicago,15,2026-05-23,-2.6999999999999993,21.0,23.7,756.9,-114.80000000000007,0.09999999999999787,1.8000000000000007,10.899999999999999,55.6,-1.1999999999999957,14.3,9.399999999999999,0.9,7.2,990.42,0.0,-0.7313537016191705,-0.6819983600624986,7.0,0.0,23.6,23.7,73.0
chicago,15,2026-05-24,-0.6999999999999993,25.0,25.7,768.1,-87.39999999999998,1.3000000000000007,3.3000000000000007,10.2,33.4,-8.800000000000004,8.4,17.299999999999997,4.3,11.2,991.91,-1.52,-0.6156614753256582,0.788010753606722,7.0,12.7,25.2,25.7,74.0
chicago,15,2026-05-25,-1.6999999999999993,28.0,29.7,779.5,-106.79999999999995,0.1999999999999993,1.1999999999999993,15.899999999999999,31.8,-0.9999999999999964,11.2,18.5,3.1,11.2,993.8,0.0,-0.46947156278589086,-0.8829475928589269,7.0,0.0,28.6,29.7,75.0
chicago,15,2026-05-26,-1.8000000000000007,28.0,29.8,377.2,-288.2,0.10000000000000142,0.1999999999999993,13.100000000000001,29.0,0.3999999999999986,9.8,20.0,2.2,7.2,991.09,-1.52,-0.1736481776669304,0.984807753012208,3.0,0.0,28.5,29.8,76.0
chicago,15,2026-05-27,-1.0,28.0,29.0,750.3,-155.5,0.3999999999999986,2.0,14.0,39.0,-3.0,13.6,15.4,3.5,16.6,991.09,3.05,0.3420201433256689,-0.9396926207859083,7.0,0.0,28.5,29.0,77.0
chicago,15,2026-05-28,0.10000000000000142,22.0,21.9,775.4,-111.0,-1.0,-0.6000000000000014,7.899999999999999,40.6,2.6000000000000014,7.9,13.999999999999998,2.6,7.2,997.8,-1.52,-0.6293203910498378,0.7771459614569706,7.0,0.0,21.2,21.9,78.0
chicago,15,2026-05-29,-1.6000000000000014,29.0,30.6,822.8,-74.5,1.0,2.400000000000002,19.200000000000003,28.8,-1.5999999999999979,10.4,20.200000000000003,3.0,5.4,990.11,3.05,-0.9063077870366498,0.4226182617406996,8.0,0.0,29.2,30.6,79.0
chicago,15,2026-05-30,0.3000000000000007,23.0,22.7,624.3,-270.9000000000001,-1.1000000000000014,-1.3000000000000007,8.399999999999999,32.4,-0.20000000000000284,5.3,17.4,4.1,11.2,995.19,3.05,-0.8660254037844385,-0.5000000000000004,6.0,0.0,21.9,22.7,80.0
chicago,15,2026-05-31,-1.5,24.0,25.5,749.7,-73.5,0.8000000000000007,1.8999999999999986,12.7,36.6,0.20000000000000284,9.6,15.9,2.1,7.2,992.11,-4.57,-0.7771459614569706,-0.6293203910498378,7.0,0.0,25.1,25.5,81.0
chicago,15,2026-06-01,-1.8000000000000007,22.0,23.8,579.8,-231.0,2.6000000000000014,5.300000000000001,11.4,29.0,-8.399999999999999,4.7,19.1,3.3,16.6,994.79,2.54,-0.8386705679454242,-0.544639035015027,5.0,7.11,22.9,23.8,82.0
chicago,15,2026-06-02,-1.1000000000000014,23.0,24.1,779.9,-109.89999999999998,-0.09999999999999787,-0.3999999999999986,11.200000000000001,29.8,-0.8000000000000007,5.4,18.700000000000003,5.0,11.2,1003.39,4.06,0.224951054343865,0.9743700647852352,7.0,0.0,23.4,24.1,83.0
chicago,15,2026-06-03,-0.6999999999999993,28.0,28.7,789.0,-91.60000000000002,1.0999999999999979,1.3000000000000007,16.0,19.0,-0.6000000000000014,2.8,25.9,3.6,13.0,999.8,0.0,-0.13917310096006552,-0.9902680687415703,7.0,0.0,27.2,28.7,84.0
chicago,15,2026-06-04,0.0,31.0,31.0,782.3,-78.30000000000007,1.1999999999999993,2.1000000000000014,14.399999999999999,26.6,-0.7999999999999972,9.5,21.5,7.6,20.2,992.01,-1.52,-0.754709580222772,-0.6560590289905073,7.0,0.0,29.4,31.0,85.0
chicago,15,2026-06-05,3.3999999999999986,27.0,23.6,253.7,12.699999999999989,0.9000000000000021,-0.1999999999999993,1.3000000000000007,81.8,-1.4000000000000057,20.3,3.3000000000000007,2.1,9.4,986.79,-1.52,-0.39073112848927355,-0.9205048534524404,2.0,2.79,24.2,23.6,86.0
chicago,15,2026-06-06,-0.3999999999999986,29.0,29.4,791.9,-100.20000000000005,-0.6000000000000014,-0.20000000000000284,7.299999999999997,55.8,-0.20000000000000284,19.6,9.799999999999997,2.8,13.0,986.29,-1.02,0.5591929034707469,0.8290375725550417,7.0,1.3,31.0,29.4,87.0
chicago,15,2026-06-07,1.0,28.0,27.0,295.9,-81.90000000000003,-1.1000000000000014,-2.6000000000000014,7.899999999999999,44.6,5.0,13.9,13.1,2.7,9.4,989.4,-7.62,0.10452846326765347,0.9945218953682733,2.0,0.0,27.1,27.0,88.0
chicago,15,2026-06-08,1.0,29.0,28.0,354.1,-341.9,-0.5,-0.6000000000000014,8.0,66.4,1.4000000000000057,21.2,6.800000000000001,5.1,14.8,989.1,3.05,-0.0348994967025009,-0.9993908270190958,3.0,13.49,30.3,28.0,89.0
chicago,15,2026-06-09,-1.7999999999999972,31.0,32.8,843.0,-208.9000000000001,1.9999999999999964,2.4999999999999964,10.799999999999997,54.4,-8.600000000000001,22.4,10.399999999999999,4.0,13.0,986.01,0.0,-0.8571673007021121,-0.5150380749100544,8.0,2.11,37.2,32.8,90.0
chicago,15,2026-06-10,1.1999999999999993,33.0,31.8,138.5,-735.4,-1.0999999999999979,-0.1999999999999993,10.0,59.4,0.0,22.9,8.900000000000002,7.3,16.6,981.1,6.1,-0.39073112848927355,-0.9205048534524404,1.0,0.0,36.5,31.8,91.0
chicago,15,2026-06-11,4.800000000000001,28.0,23.2,284.1,251.40000000000003,-0.1999999999999993,-3.5,4.199999999999999,87.6,-1.4000000000000057,21.0,2.1999999999999993,1.7,7.2,979.89,4.06,-0.13917310096006552,-0.9902680687415703,2.0,10.59,23.8,23.2,92.0
london,8,2026-03-12,3.3000000000000007,12.0,8.7,52.0,52.0,0.5999999999999996,0.9999999999999991,0.9999999999999991,80.0,-3.0,5.4,3.299999999999999,3.1,6.6,1014.9,,-0.29237170472273677,-0.9563047559630354,0.1,0.0,8.7,8.7,0.0
london,8,2026-03-13,5.1,12.0,6.9,24.0,24.0,-0.09999999999999964,-0.09999999999999964,-0.09999999999999964,79.0,-1.0,3.5,3.4000000000000004,3.4,6.6,1001.36,,0.15643446504023087,0.9876883405951378,0.1,6.11,6.9,6.9,1.0
london,8,2026-03-14,7.5,11.0,3.5,32.0,32.0,-0.20000000000000018,0.5,0.5,85.0,0.0,1.2,2.3,3.1,6.3,1002.37,,0.5446390350150271,0.838670567945424,0.1,0.0,3.5,3.5,2.0
london,8,2026-03-15,8.8,13.0,4.2,33.0,32.0,0.30000000000000027,0.0,0.0,79.0,0.0,0.9,3.3000000000000003,0.3,1.4,1013.21,,-0.945518575599317,0.3255681544571563,0.1,0.0,4.2,4.2,3.0
london,8,2026-03-16,5.5,12.0,6.5,51.0,50.0,0.5,0.7999999999999998,0.7999999999999998,81.0,0.0,3.5,3.0,3.9,5.6,1014.56,,0.9702957262759965,-0.24192189559966779,0.1,0.0,6.5,6.5,4.0
london,8,2026-03-17,5.0,15.0,10.0,13.0,13.0,-0.09999999999999964,-0.3000000000000007,-0.3000000000000007,85.0,2.0,7.6,2.4000000000000004,3.4,6.0,1016.26,,-0.4067366430758002,-0.9135454576426009,0.0,0.0,10.0,10.0,5.0
london,8,2026-03-18,11.8,18.0,6.2,85.0,83.0,1.2000000000000002,0.20000000000000018,0.20000000000000018,95.0,1.0,5.5,0.7000000000000002,1.4,3.4,1019.64,,-0.9659258262890683,-0.25881904510252063,0.2,0.0,6.2,6.2,6.0
london,8,2026-03-19,12.4,16.0,3.6,72.0,70.0,1.3000000000000003,1.2000000000000002,1.2000000000000002,94.0,1.0,2.7,0.8999999999999999,1.1,2.9,1026.75,,-0.9993908270190958,-0.03489949670250076,0.2,0.0,3.6,3.6,7.0
london,8,2026-03-20,10.2,14.0,3.8,51.0,49.0,0.0,1.0999999999999996,1.0999999999999996,89.0,2.0,2.2,1.5999999999999996,1.0,2.4,1023.03,,-0.898794046299167,0.4383711467890774,0.1,0.0,3.8,3.8,8.0
london,8,2026-03-21,9.4,13.0,3.6,57.0,53.0,0.6000000000000001,0.8999999999999999,0.8999999999999999,94.0,2.0,2.7,0.8999999999999999,0.5,3.2,1019.98,,-0.9563047559630354,0.2923717047227367,0.2,0.0,3.6,3.6,9.0
london,8,2026-03-22,8.7,13.0,4.3,80.0,78.0,0.7999999999999998,0.7999999999999998,0.7999999999999998,91.0,-2.0,3.0,1.2999999999999998,1.8,3.7,1016.26,,-0.10452846326765342,0.9945218953682733,0.3,0.0,4.3,4.3,10.0
london,8,2026-03-23,11.0,15.0,4.0,48.0,44.0,1.0,0.8999999999999999,0.8999999999999999,95.0,1.0,3.3,0.7000000000000002,2.1,2.6,1019.98,,-0.39073112848927355,-0.9205048534524404,0.2,0.0,4.0,4.0,11.0
london,8,2026-03-24,3.0,13.0,10.0,64.0,62.0,0.1999999999999993,0.09999999999999964,0.09999999999999964,83.0,-1.0,7.2,2.8,2.9,5.5,1016.26,,0.6156614753256584,-0.7880107536067219,0.3,0.0,10.0,10.0,12.0
london,8,2026-03-25,2.8,10.0,7.2,23.0,21.0,-0.2999999999999998,-0.39999999999999947,-0.39999999999999947,75.0,3.0,3.1,4.1,3.2,7.9,1005.42,,0.7193398003386512,0.6946583704589973,0.1,0.0,7.2,7.2,13.0
london,8,2026-03-26,5.9,10.0,4.1,127.0,118.0,0.5999999999999996,0.2999999999999998,0.2999999999999998,79.0,-2.0,0.8,3.3,3.4,7.4,1021.0,,0.5299192642332049,0.848048096156426,0.5,0.0,4.1,4.1,14.0
london,8,2026-03-27,4.0,12.0,8.0,25.0,16.0,0.40000000000000036,0.7000000000000002,0.7000000000000002,78.0,-1.0,4.4,3.5999999999999996,2.7,5.0,1020.66,,-0.8386705679454242,-0.544639035015027,0.1,0.0,8.0,8.0,15.0
london,8,2026-03-28,4.9,11.0,6.1,150.0,141.0,1.0999999999999996,0.5999999999999996,0.5999999999999996,70.0,-3.0,1.0,5.1,3.4,6.4,1023.03,,0.6560590289905073,0.754709580222772,0.6,0.0,6.1,6.1,16.0
london,8,2026-03-29,6.2,11.0,4.8,150.0,135.0,1.5999999999999996,2.0,2.0,75.0,-7.0,0.7,4.1,1.1,4.8,1031.16,,-0.9743700647852351,-0.22495105434386525,0.6,0.0,4.8,4.8,17.0
london,8,2026-03-30,3.6999999999999993,12.0,8.3,155.0,140.0,0.7000000000000011,0.40000000000000036,0.40000000000000036,75.0,0.0,4.1,4.200000000000001,3.7,7.7,1022.01,,0.573576436351046,0.8191520442889918,0.6,0.0,8.3,8.3,18.0
london,8,2026-03-31,6.199999999999999,16.0,9.8,20.0,16.0,0.10000000000000142,0.20000000000000107,0.20000000000000107,77.0,2.0,6.0,3.8000000000000007,1.4,3.7,1029.8,,-0.5000000000000004,0.8660254037844384,0.1,0.0,9.8,9.8,19.0
london,8,2026-04-01,3.5,14.0,10.5,70.0,61.0,1.0999999999999996,2.0,2.0,76.0,-9.0,6.4,4.1,1.3,2.6,1026.08,,-0.984807753012208,-0.17364817766693033,0.3,0.0,10.5,10.5,20.0
london,8,2026-04-02,5.6,12.0,6.4,63.0,49.0,-0.09999999999999964,-0.8999999999999995,-0.8999999999999995,77.0,3.0,2.7,3.7,3.4,10.6,1021.0,,-0.3090169943749477,0.9510565162951535,0.3,0.0,6.4,6.4,21.0
london,8,2026-04-03,5.9,16.0,10.1,79.0,66.0,0.5,0.9000000000000004,0.9000000000000004,86.0,4.0,7.9,2.1999999999999993,3.4,6.3,1011.85,,-0.39073112848927355,-0.9205048534524404,0.3,0.0,10.1,10.1,22.0
london,8,2026-04-04,5.1,15.0,9.9,53.0,31.0,1.4000000000000004,1.8000000000000007,1.8000000000000007,80.0,-4.0,6.6,3.3000000000000007,1.6,3.2,1017.95,,-0.9659258262890683,-0.25881904510252063,0.2,0.0,9.9,9.9,23.0
london,8,2026-04-05,4.199999999999999,14.0,9.8,84.0,66.0,0.7000000000000011,0.40000000000000036,0.40000000000000036,69.0,3.0,4.4,5.4,1.0,3.5,1013.21,,-0.7071067811865475,-0.7071067811865477,0.4,0.0,9.8,9.8,24.0
london,8,2026-04-06,8.7,16.0,7.3,175.0,150.0,4.699999999999999,4.4,4.4,74.0,-13.0,3.0,4.3,1.1,3.4,1027.77,,-0.9659258262890683,-0.25881904510252063,0.8,0.0,7.3,7.3,25.0
london,8,2026-04-07,7.4,18.0,10.6,205.0,181.0,4.3,4.3999999999999995,4.3999999999999995,75.0,-17.0,6.4,4.199999999999999,2.4,6.6,1024.04,,-0.9743700647852351,-0.22495105434386525,0.9,0.0,10.6,10.6,26.0
london,8,2026-04-08,13.3,26.0,12.7,187.0,,,,,73.0,,8.0,4.699999999999999,2.3,7.6,1023.37,,-0.945518575599317,0.3255681544571563,0.8,0.0,12.7,12.7,27.0
london,8,2026-04-09,5.399999999999999,22.0,16.6,187.0,150.0,3.900000000000002,3.8000000000000007,3.8000000000000007,70.0,-15.0,11.1,5.500000000000002,1.1,3.9,1017.95,,0.6293203910498374,0.7771459614569709,0.8,0.0,16.6,16.6,28.0
london,8,2026-04-10,6.2,14.0,7.8,88.0,66.0,0.39999999999999947,0.39999999999999947,0.39999999999999947,63.0,-1.0,1.2,6.6,1.3,2.4,1020.66,,-0.9876883405951378,0.15643446504023067,0.4,0.0,7.8,7.8,29.0
london,8,2026-04-11,2.4000000000000004,14.0,11.6,19.0,9.0,0.7999999999999989,1.0,1.0,72.0,1.0,6.7,4.8999999999999995,3.4,6.1,1002.71,,-0.587785252292473,-0.8090169943749475,0.1,0.0,11.6,11.6,30.0
london,8,2026-04-12,4.5,15.0,10.5,214.0,167.0,1.9000000000000004,1.9000000000000004,1.9000000000000004,66.0,-7.0,4.4,6.1,2.9,7.6,1010.5,,-0.4067366430758002,-0.9135454576426009,0.9,0.0,10.5,10.5,31.0
london,8,2026-04-13,4.800000000000001,13.0,8.2,205.0,169.0,4.499999999999999,4.299999999999999,4.299999999999999,84.0,-10.0,5.7,2.499999999999999,1.4,5.5,1013.88,,-0.9135454576426011,0.40673664307579976,0.9,0.0,8.2,8.2,32.0
london,8,2026-04-14,7.5,17.0,9.5,247.0,214.0,5.5,6.2,6.2,91.0,-6.0,8.1,1.4000000000000004,2.1,5.5,1017.95,,-0.9659258262890683,-0.25881904510252063,1.1,0.0,9.5,9.5,33.0
london,8,2026-04-15,2.9000000000000004,17.0,14.1,35.0,19.0,0.7999999999999989,0.7999999999999989,0.7999999999999989,83.0,-2.0,11.3,2.799999999999999,1.4,3.1,1016.26,,-0.7986355100472928,-0.6018150231520483,0.2,0.0,14.1,14.1,34.0
london,8,2026-04-16,4.9,18.0,13.1,248.0,225.0,1.5,2.0,2.0,79.0,-4.0,9.5,3.5999999999999996,1.6,6.9,1018.63,,-0.9335804264972017,0.3583679495453004,1.1,0.0,13.1,13.1,35.0
london,8,2026-04-17,5.1,18.0,12.9,109.0,72.0,1.0999999999999996,1.5999999999999996,1.5999999999999996,80.0,-5.0,9.5,3.4000000000000004,1.4,2.7,1019.98,,-0.9659258262890683,-0.25881904510252063,0.5,0.0,12.9,12.9,36.0
london,8,2026-04-18,3.3000000000000007,16.0,12.7,238.0,158.0,2.5,2.1999999999999993,2.1999999999999993,73.0,-6.0,8.0,4.699999999999999,1.3,5.3,1022.01,,-0.9271838545667873,-0.3746065934159123,1.0,0.21,12.7,12.7,37.0
london,8,2026-04-19,4.5,15.0,10.5,267.0,162.0,2.8,3.3,3.3,63.0,-8.0,3.8,6.7,1.4,5.0,1025.74,,-0.9271838545667873,-0.3746065934159123,1.2,0.0,10.5,10.5,38.0
london,8,2026-04-20,2.8000000000000007,13.0,10.2,266.0,158.0,4.999999999999999,5.3999999999999995,5.3999999999999995,73.0,-21.0,5.6,4.6,2.3,9.3,1025.06,,-0.9205048534524405,0.3907311284892735,1.2,0.0,10.2,10.2,39.0
london,8,2026-04-21,4.300000000000001,14.0,9.7,246.0,141.0,1.5999999999999996,2.3999999999999995,2.3999999999999995,75.0,-9.0,5.5,4.199999999999999,4.3,10.9,1025.4,,-0.7880107536067218,0.6156614753256585,1.1,0.0,9.7,9.7,40.0
london,8,2026-04-22,4.199999999999999,15.0,10.8,251.0,149.0,3.4000000000000004,4.6000000000000005,4.6000000000000005,77.0,-13.0,6.9,3.9000000000000004,3.1,6.4,1026.41,,-0.9945218953682734,-0.10452846326765336,1.1,0.0,10.8,10.8,41.0
london,8,2026-04-23,9.5,18.0,8.5,81.0,51.0,1.4000000000000004,1.9000000000000004,1.9000000000000004,88.0,-1.0,6.6,1.9000000000000004,4.2,7.2,1030.82,,-0.945518575599317,0.3255681544571563,0.4,0.0,8.5,8.5,42.0
london,8,2026-04-24,12.0,18.0,6.0,135.0,94.0,0.7000000000000002,0.40000000000000036,0.40000000000000036,86.0,-4.0,3.8,2.2,2.3,4.0,1027.09,,-0.544639035015027,0.838670567945424,0.6,0.0,6.0,6.0,43.0
london,8,2026-04-25,14.6,21.0,6.4,109.0,60.0,0.9000000000000004,0.9000000000000004,0.9000000000000004,92.0,-3.0,5.2,1.2000000000000002,2.3,3.9,1022.01,,-0.848048096156426,-0.529919264233205,0.5,0.0,6.4,6.4,44.0
london,8,2026-04-26,5.699999999999999,17.0,11.3,226.0,179.0,2.0,2.700000000000001,2.700000000000001,80.0,-10.0,8.0,3.3000000000000007,3.1,9.5,1026.08,,-0.9205048534524405,0.3907311284892735,1.1,0.0,11.3,11.3,45.0
london,8,2026-04-27,7.800000000000001,21.0,13.2,280.0,154.0,4.0,6.699999999999999,6.699999999999999,71.0,-19.0,8.1,5.1,2.3,6.4,1025.4,,-0.9945218953682734,0.10452846326765299,1.3,0.0,13.2,13.2,46.0
london,8,2026-04-28,6.0,16.0,10.0,43.0,21.0,0.1999999999999993,0.5999999999999996,0.5999999999999996,86.0,2.0,7.8,2.2,3.9,10.6,1024.38,,-0.4226182617406992,0.90630778703665,0.2,0.0,10.0,10.0,47.0
london,8,2026-04-29,2.6999999999999993,16.0,13.3,309.0,160.0,1.9000000000000004,4.100000000000001,4.100000000000001,60.0,-9.0,5.7,7.6000000000000005,4.7,10.6,1024.38,,-0.9975640502598242,-0.06975647374412558,1.5,0.0,13.3,13.3,48.0
london,8,2026-04-30,4.9,19.0,14.1,316.0,157.0,1.5999999999999996,4.5,4.5,55.0,-9.0,5.2,8.899999999999999,5.8,12.9,1023.71,,-0.9902680687415703,-0.13917310096006583,1.6,0.0,14.1,14.1,49.0
london,8,2026-05-01,8.0,24.0,16.0,313.0,152.0,4.0,9.8,9.8,47.0,-19.0,4.7,11.3,2.4,8.0,1021.33,,-0.27563735581699894,0.9612616959383189,1.6,0.0,16.0,16.0,50.0
london,8,2026-05-02,8.9,23.0,14.1,235.0,128.0,2.1999999999999993,3.299999999999999,3.299999999999999,77.0,-9.0,10.1,4.0,1.6,7.2,1018.63,,-0.529919264233205,0.8480480961564258,1.2,0.0,14.1,14.1,51.0
london,8,2026-05-03,5.1,20.0,14.9,282.0,229.0,1.0,1.0,1.0,78.0,-6.0,11.1,3.8000000000000007,1.6,4.0,1010.16,,0.374606593415912,0.9271838545667874,1.4,0.0,14.9,14.9,52.0
london,8,2026-05-04,2.6999999999999993,15.0,12.3,53.0,32.0,-0.3999999999999986,-0.5999999999999996,-0.5999999999999996,87.0,0.0,10.2,2.1000000000000014,1.4,3.1,1013.55,,-0.9986295347545738,-0.052335956242944306,0.3,0.0,12.3,12.3,53.0
london,8,2026-05-05,3.9000000000000004,16.0,12.1,202.0,111.0,1.0,1.1999999999999993,1.1999999999999993,80.0,-4.0,8.8,3.299999999999999,0.8,5.1,1013.55,,-0.7547095802227722,0.656059028990507,1.0,0.0,12.1,12.1,54.0
london,8,2026-05-06,2.5999999999999996,13.0,10.4,352.0,294.0,1.8000000000000007,1.8000000000000007,1.8000000000000007,71.0,-7.0,5.4,5.0,2.4,7.9,1013.21,,-0.5299192642332048,-0.8480480961564261,1.8,0.0,10.4,10.4,55.0
london,8,2026-05-07,3.4000000000000004,14.0,10.6,124.0,56.0,0.7999999999999989,1.299999999999999,1.299999999999999,78.0,-2.0,6.9,3.6999999999999993,2.4,4.5,1016.26,,-0.848048096156426,-0.529919264233205,0.6,0.0,10.6,10.6,56.0
london,8,2026-05-08,6.1,18.0,11.9,191.0,39.0,3.3000000000000007,4.6000000000000005,4.6000000000000005,85.0,-9.0,9.5,2.4000000000000004,1.4,3.9,1017.27,,-0.9563047559630354,0.2923717047227367,1.0,0.0,11.9,11.9,57.0
london,8,2026-05-09,5.699999999999999,20.0,14.3,294.0,179.0,2.6000000000000014,6.9,6.9,70.0,-10.0,8.9,5.4,2.4,6.6,1018.63,,-0.5000000000000004,0.8660254037844384,1.5,0.0,14.3,14.3,58.0
london,8,2026-05-10,2.3000000000000007,13.0,10.7,119.0,50.0,0.5,0.8999999999999986,0.8999999999999986,80.0,-3.0,7.4,3.299999999999999,2.7,8.4,1017.95,,-0.9848077530122081,0.17364817766692997,0.6,0.0,10.7,10.7,59.0
london,8,2026-05-11,1.0,12.0,11.0,444.0,230.0,1.6999999999999993,7.6,7.6,65.0,2.0,4.7,6.3,2.1,10.0,1010.84,,0.224951054343865,0.9743700647852352,2.3,0.0,11.0,11.0,60.0
london,8,2026-05-12,4.9,17.0,12.1,360.0,152.0,3.1999999999999993,9.5,9.5,56.0,-9.0,3.6,8.5,1.4,4.5,1016.59,,-0.9659258262890683,-0.25881904510252063,1.8,0.0,12.1,12.1,61.0
london,8,2026-05-13,0.3000000000000007,13.0,12.7,251.0,195.0,1.8999999999999986,2.5999999999999996,2.5999999999999996,63.0,-10.0,5.8,6.8999999999999995,2.4,7.9,1004.4,,-0.9816271834476639,0.1908089953765451,1.3,0.06,12.7,12.7,62.0
london,8,2026-05-14,2.0999999999999996,12.0,9.9,197.0,129.0,1.4000000000000004,1.5999999999999996,1.5999999999999996,69.0,-8.0,4.5,5.4,3.4,10.8,1002.03,,-0.7071067811865475,-0.7071067811865477,1.0,0.0,9.9,9.9,63.0
london,8,2026-05-15,3.5,14.0,10.5,340.0,182.0,1.5,3.5999999999999996,3.5999999999999996,71.0,-6.0,5.5,5.0,1.3,3.9,1007.11,,-0.8987940462991668,-0.43837114678907774,1.8,0.0,10.5,10.5,64.0
london,8,2026-05-16,3.9000000000000004,15.0,11.1,218.0,-19.0,-0.20000000000000107,4.3999999999999995,4.3999999999999995,61.0,2.0,3.9,7.199999999999999,1.1,5.3,1008.47,,-0.9612616959383188,0.2756373558169994,1.1,0.0,11.1,11.1,65.0
london,8,2026-05-17,5.1,18.0,12.9,234.0,99.0,1.5,2.0999999999999996,2.0999999999999996,80.0,-6.0,9.5,3.4000000000000004,1.0,5.0,1009.48,,-0.5150380749100545,0.8571673007021121,1.2,1.07,12.9,12.9,66.0
london,8,2026-05-18,2.3000000000000007,16.0,13.7,404.0,148.0,2.6999999999999993,4.5,4.5,65.0,-11.0,7.2,6.499999999999999,1.9,6.0,1011.85,,-0.37460659341591235,0.9271838545667873,2.1,0.0,13.7,13.7,67.0
london,8,2026-05-19,5.800000000000001,18.0,12.2,63.0,31.0,0.1999999999999993,0.3999999999999986,0.3999999999999986,91.0,1.0,10.8,1.3999999999999986,4.8,8.4,1008.47,,-0.656059028990507,-0.7547095802227721,0.3,1.53,12.2,12.2,68.0
london,8,2026-05-20,5.5,20.0,14.5,203.0,12.0,0.8000000000000007,1.9000000000000004,1.9000000000000004,77.0,-5.0,10.5,4.0,2.1,5.6,1015.92,,0.8571673007021123,-0.5150380749100543,1.1,1.45,14.5,14.5,69.0
london,8,2026-05-21,7.600000000000001,24.0,16.4,210.0,134.0,1.799999999999999,2.9999999999999982,2.9999999999999982,75.0,-5.0,12.0,4.399999999999999,2.7,5.1,1026.75,,0.8571673007021123,0.5150380749100542,1.1,0.0,16.4,16.4,70.0
london,8,2026-05-22,3.6000000000000014,28.0,24.4,395.0,152.0,2.6999999999999993,9.7,9.7,56.0,-6.0,15.1,9.299999999999999,1.8,7.4,1025.74,,0.9998476951563913,-0.017452406437283477,2.1,0.0,24.3,24.4,71.0
london,8,2026-05-23,5.699999999999999,30.0,24.3,336.0,134.0,3.5,4.600000000000001,4.600000000000001,60.0,-12.0,16.0,8.3,1.0,4.5,1025.4,,0.9205048534524403,-0.3907311284892738,1.8,0.0,24.3,24.3,72.0
london,8,2026-05-24,8.5,30.0,21.5,363.0,150.0,1.6000000000000014,6.6,6.6,66.0,-5.0,14.9,6.6,0.5,5.1,1030.82,,0.90630778703665,-0.42261826174069933,2.0,0.0,21.4,21.5,73.0
london,8,2026-05-25,7.399999999999999,31.0,23.6,376.0,157.0,2.3000000000000007,7.200000000000003,7.200000000000003,63.0,-6.0,16.1,7.5,0.6,6.0,1031.83,,0.992546151641322,0.12186934340514749,2.1,0.0,23.7,23.6,74.0
london,8,2026-05-26,6.800000000000001,34.0,27.2,396.0,156.0,2.599999999999998,10.2,10.2,52.0,-6.0,16.5,10.7,1.0,6.8,1028.11,,0.9781476007338057,-0.20791169081775934,2.2,0.0,27.8,27.2,75.0
london,8,2026-05-27,5.0,25.0,20.0,378.0,173.0,1.1999999999999993,1.8999999999999986,1.8999999999999986,67.0,-4.0,13.7,6.300000000000001,2.7,12.1,1026.08,,0.9702957262759965,0.24192189559966767,2.1,0.0,20.0,20.0,76.0
london,8,2026-05-28,10.899999999999999,31.0,20.1,407.0,187.0,1.9000000000000021,3.6000000000000014,3.6000000000000014,69.0,-5.0,14.2,5.900000000000002,3.2,10.9,1022.69,,0.052335956242943835,0.9986295347545738,2.3,0.0,20.1,20.1,77.0
london,8,2026-05-29,5.600000000000001,26.0,20.4,219.0,68.0,0.5999999999999979,0.7999999999999972,0.7999999999999972,64.0,-4.0,13.4,6.999999999999998,3.1,6.3,1021.33,,0.9659258262890683,0.25881904510252074,1.2,0.0,20.4,20.4,78.0
london,8,2026-05-30,3.8999999999999986,27.0,23.1,341.0,108.0,3.200000000000003,5.200000000000003,5.200000000000003,50.0,-8.0,12.1,11.000000000000002,1.8,7.7,1021.0,,0.9205048534524404,0.3907311284892737,1.9,0.0,22.8,23.1,79.0
london,8,2026-05-31,5.399999999999999,24.0,18.6,213.0,102.0,0.0,0.9000000000000021,0.9000000000000021,57.0,3.0,9.9,8.700000000000001,3.7,6.8,1015.58,,0.9743700647852352,0.22495105434386492,1.2,0.0,18.6,18.6,80.0
london,8,2026-06-01,3.1000000000000014,23.0,19.9,430.0,301.0,1.3999999999999986,4.099999999999998,4.099999999999998,61.0,-4.0,12.2,7.699999999999999,2.7,10.3,1016.59,,0.9975640502598242,0.06975647374412523,2.5,0.0,19.9,19.9,81.0
london,8,2026-06-02,3.8000000000000007,19.0,15.2,63.0,36.0,0.09999999999999964,-0.10000000000000142,-0.10000000000000142,94.0,-1.0,14.2,1.0,2.7,3.7,1002.71,,0.9781476007338056,0.20791169081775945,0.4,16.62,15.2,15.2,82.0
london,8,2026-06-03,4.0,19.0,15.0,138.0,-28.0,0.09999999999999964,1.5999999999999996,1.5999999999999996,78.0,-1.0,11.2,3.8000000000000007,2.3,6.8,1006.43,,0.4383711467890774,0.898794046299167,0.8,0.0,15.0,15.0,83.0
london,8,2026-06-04,2.8000000000000007,19.0,16.2,77.0,-60.0,0.5999999999999996,1.6999999999999993,1.6999999999999993,72.0,-3.0,11.1,5.1,2.9,8.9,995.94,,0.5877852522924731,0.8090169943749475,0.4,0.0,16.2,16.2,84.0
london,8,2026-06-05,3.8000000000000007,19.0,15.2,239.0,114.0,0.1999999999999993,2.1999999999999993,2.1999999999999993,77.0,-1.0,11.2,4.0,1.8,6.6,1010.84,,0.5446390350150271,0.838670567945424,1.4,0.0,15.2,15.2,85.0
london,8,2026-06-06,3.5,17.0,13.5,34.0,-15.0,0.1999999999999993,0.40000000000000036,0.40000000000000036,85.0,-2.0,11.0,2.5,3.2,7.2,1007.11,,-0.3090169943749477,0.9510565162951535,0.2,2.38,13.5,13.5,86.0
london,8,2026-06-07,4.4,19.0,14.6,96.0,-175.0,-0.5,2.0,2.0,76.0,2.0,10.4,4.199999999999999,1.4,4.5,1019.64,,0.27563735581699916,0.9612616959383189,0.6,0.0,14.6,14.6,87.0
london,8,2026-06-08,-0.6999999999999993,16.0,16.7,233.0,141.0,2.0,2.3999999999999986,2.3999999999999986,77.0,-7.0,12.6,4.1,2.1,6.4,1014.22,,0.7313537016191705,0.6819983600624985,1.4,0.0,16.7,16.7,88.0
london,8,2026-06-09,3.9000000000000004,19.0,15.1,465.0,309.0,2.9000000000000004,4.1,4.1,69.0,-9.0,9.5,5.6,3.9,21.4,1014.9,,0.4383711467890774,0.898794046299167,2.8,0.0,15.1,15.1,89.0
london,8,2026-06-10,3.1999999999999993,17.0,13.8,278.0,135.0,1.4000000000000004,1.8000000000000007,1.8000000000000007,72.0,-3.0,8.8,5.0,1.6,5.8,1016.26,,-0.8191520442889916,-0.5735764363510464,1.7,0.0,13.8,13.8,90.0
london,8,2026-06-11,4.5,17.0,12.5,214.0,98.0,1.0999999999999996,2.0,2.0,86.0,-3.0,10.2,2.3000000000000007,3.2,6.9,1020.66,,-0.46947156278589086,-0.8829475928589269,1.3,0.0,12.5,12.5,91.0
london,10,2026-03-12,1.3000000000000007,12.0,10.7,103.0,22.0,0.5999999999999996,2.0,2.999999999999999,76.0,0.0,6.6,4.1,4.0,14.2,1013.55,,0.10452846326765373,-0.9945218953682733,0.2,0.0,10.7,10.7,0.0
london,10,2026-03-13,4.4,12.0,7.6,174.0,90.0,0.5,0.6999999999999993,0.5999999999999996,73.0,-5.0,3.1,4.5,3.5,7.2,1002.37,,0.6560590289905073,-0.754709580222772,0.4,6.11,7.6,7.6,1.0
london,10,2026-03-14,3.9000000000000004,11.0,7.1,349.0,139.0,1.8999999999999995,3.5999999999999996,4.1,73.0,-7.0,2.6,4.5,5.0,10.3,1004.06,,0.7193398003386512,0.6946583704589973,0.8,0.0,7.1,6.5,2.0
london,10,2026-03-15,1.9000000000000004,13.0,11.1,291.0,63.0,2.6999999999999993,6.8999999999999995,6.8999999999999995,57.0,-7.0,2.9,8.2,3.9,9.2,1013.21,,-0.13917310096006552,-0.9902680687415703,0.7,0.0,11.1,11.1,3.0
london,10,2026-03-16,3.0999999999999996,12.0,8.9,221.0,99.0,1.3000000000000007,2.4000000000000004,3.2,74.0,-3.0,4.5,4.4,4.2,8.9,1015.24,,0.6691306063588583,-0.7431448254773941,0.5,0.0,8.9,8.9,4.0
london,10,2026-03-17,4.699999999999999,15.0,10.3,108.0,75.0,0.10000000000000142,0.3000000000000007,0.0,83.0,0.0,7.5,2.8000000000000007,3.5,5.5,1016.59,,-0.5299192642332048,-0.8480480961564261,0.3,0.0,10.3,10.3,5.0
london,10,2026-03-18,3.4000000000000004,18.0,14.6,356.0,123.0,2.799999999999999,8.399999999999999,8.6,67.0,-9.0,8.5,6.1,2.1,5.5,1021.0,,-0.798635510047293,0.6018150231520479,0.9,0.0,14.6,14.6,6.0
london,10,2026-03-19,2.6999999999999993,16.0,13.3,338.0,129.0,4.100000000000001,9.700000000000001,10.9,64.0,-10.0,6.6,6.700000000000001,2.4,6.4,1027.77,,-0.8386705679454242,-0.544639035015027,0.9,0.0,13.3,13.3,7.0
london,10,2026-03-20,5.9,14.0,8.1,268.0,145.0,1.8999999999999995,4.3,5.3999999999999995,76.0,-5.0,4.1,4.0,2.9,6.3,1023.71,,-0.6819983600624983,0.7313537016191707,0.7,0.0,8.1,8.1,8.0
london,10,2026-03-21,7.5,13.0,5.5,193.0,94.0,1.0999999999999996,1.9,2.8,90.0,-3.0,4.0,1.5,2.4,4.7,1020.66,,-0.7071067811865477,0.7071067811865474,0.8,0.0,5.5,5.5,9.0
london,10,2026-03-22,6.1,13.0,6.9,186.0,105.0,1.4000000000000004,2.6000000000000005,3.4000000000000004,84.0,-5.0,4.4,2.5,1.4,4.8,1016.93,,-0.5591929034707466,0.8290375725550418,0.7,0.0,6.9,6.9,10.0
london,10,2026-03-23,5.9,15.0,9.1,202.0,77.0,2.6999999999999993,5.1,6.0,78.0,-12.0,5.5,3.5999999999999996,1.4,3.1,1021.0,,-0.9998476951563913,-0.017452406437283498,0.8,0.0,9.1,9.1,11.0
london,10,2026-03-24,1.0999999999999996,13.0,11.9,213.0,35.0,1.200000000000001,1.9000000000000004,2.0,77.0,-4.0,8.0,3.9000000000000004,3.4,10.6,1016.26,,-0.6018150231520484,-0.7986355100472928,0.8,0.0,11.9,11.9,12.0
london,10,2026-03-25,2.5,10.0,7.5,110.0,-81.0,0.0,0.2999999999999998,-0.09999999999999964,70.0,-2.0,2.4,5.1,6.9,15.1,1007.45,,0.8829475928589269,0.46947156278589086,0.4,0.0,7.5,6.4,13.0
london,10,2026-03-26,2.5999999999999996,10.0,7.4,431.0,336.0,2.0,3.3000000000000007,3.6000000000000005,63.0,-9.0,0.8,6.6000000000000005,2.6,11.9,1022.35,,0.03489949670250097,0.9993908270190958,1.7,0.0,7.4,7.4,14.0
london,10,2026-03-27,1.0999999999999996,12.0,10.9,149.0,43.0,2.0,2.9000000000000004,3.6000000000000005,72.0,-4.0,6.0,4.9,2.4,4.3,1020.66,,-0.9510565162951535,-0.30901699437494756,0.6,0.0,10.9,10.9,15.0
london,10,2026-03-28,2.4000000000000004,11.0,8.6,400.0,110.0,1.2999999999999998,2.5,3.0999999999999996,64.0,-3.0,2.2,6.3999999999999995,4.5,9.3,1024.04,,0.9205048534524404,0.3907311284892737,1.6,0.0,8.6,8.6,16.0
london,10,2026-03-29,2.6999999999999993,11.0,8.3,208.0,-140.0,0.0,3.500000000000001,5.500000000000001,66.0,0.0,2.3,6.000000000000001,2.6,6.1,1030.48,,-0.374606593415912,-0.9271838545667874,0.9,0.0,8.3,8.3,17.0
london,10,2026-03-30,1.3000000000000007,12.0,10.7,301.0,-7.0,1.3999999999999986,2.3999999999999986,2.799999999999999,67.0,-4.0,4.8,5.8999999999999995,4.2,10.9,1023.37,,0.9205048534524404,0.3907311284892737,1.2,0.0,10.7,10.7,18.0
london,10,2026-03-31,4.699999999999999,16.0,11.3,102.0,45.0,0.8000000000000007,1.5,1.700000000000001,77.0,0.0,7.4,3.9000000000000004,2.1,4.7,1030.48,,-0.9993908270190958,0.03489949670250128,0.4,0.0,11.3,11.3,19.0
london,10,2026-04-01,1.3000000000000007,14.0,12.7,175.0,59.0,0.6999999999999993,2.1999999999999993,4.199999999999999,61.0,-7.0,5.4,7.299999999999999,2.3,4.3,1025.74,,-0.898794046299167,0.4383711467890774,0.7,0.0,12.7,12.7,20.0
london,10,2026-04-02,3.8000000000000007,12.0,8.2,188.0,56.0,0.5999999999999996,1.799999999999999,0.8999999999999995,68.0,-2.0,2.6,5.6,3.9,11.6,1021.67,,-0.6018150231520483,0.7986355100472928,0.8,0.0,8.2,8.2,21.0
london,10,2026-04-03,4.6,16.0,11.4,83.0,1.0,0.20000000000000107,1.3000000000000007,2.200000000000001,86.0,3.0,9.1,2.3000000000000007,4.3,11.7,1011.51,,-0.275637355816999,-0.9612616959383189,0.4,0.0,11.4,11.4,22.0
london,10,2026-04-04,2.3000000000000007,15.0,12.7,173.0,26.0,1.0999999999999996,2.799999999999999,4.6,74.0,0.0,8.2,4.5,2.4,5.8,1017.95,,-0.981627183447664,-0.1908089953765446,0.8,0.0,12.7,12.7,23.0
london,10,2026-04-05,3.5,14.0,10.5,62.0,-79.0,-0.1999999999999993,0.6999999999999993,1.0999999999999996,67.0,-2.0,4.6,5.9,4.0,10.0,1014.9,,0.9743700647852352,0.22495105434386492,0.3,0.0,10.5,10.5,24.0
london,10,2026-04-06,2.8000000000000007,16.0,13.2,483.0,187.0,1.3999999999999986,5.8999999999999995,10.299999999999999,51.0,-6.0,3.3,9.899999999999999,2.7,6.0,1028.11,,-0.9271838545667873,-0.3746065934159123,2.1,0.0,13.2,13.2,25.0
london,10,2026-04-07,3.0999999999999996,18.0,14.9,448.0,118.0,2.3000000000000007,4.300000000000001,8.7,58.0,-10.0,6.7,8.2,3.4,11.3,1024.04,,-0.8910065241883678,-0.4539904997395469,1.9,0.0,14.9,14.9,26.0
london,10,2026-04-08,7.600000000000001,26.0,18.4,428.0,,,5.699999999999999,,55.0,,9.2,9.2,1.3,7.9,1023.71,,0.49999999999999994,0.8660254037844387,1.9,0.0,18.4,18.4,27.0
london,10,2026-04-09,1.1999999999999993,22.0,20.8,414.0,135.0,2.5,4.199999999999999,8.0,59.0,-7.0,12.5,8.3,2.1,8.4,1017.95,,0.9961946980917455,0.08715574274765814,1.8,0.0,20.8,20.8,28.0
london,10,2026-04-10,2.6999999999999993,14.0,11.3,303.0,138.0,2.6000000000000014,3.500000000000001,3.9000000000000004,51.0,-9.0,1.5,9.8,2.3,7.9,1021.0,,-0.6427876096865393,-0.766044443118978,1.3,0.0,11.3,11.3,29.0
london,10,2026-04-11,4.1,14.0,9.9,30.0,-25.0,-2.799999999999999,-1.6999999999999993,-0.6999999999999993,79.0,7.0,6.4,3.5,5.8,10.1,1003.73,,0.7071067811865476,0.7071067811865476,0.1,0.0,9.9,9.4,30.0
london,10,2026-04-12,1.4000000000000004,15.0,13.6,563.0,211.0,0.40000000000000036,3.0999999999999996,5.0,57.0,-3.0,5.2,8.399999999999999,3.4,8.4,1010.84,,0.39073112848927377,0.9205048534524404,2.4,0.0,13.6,13.6,31.0
london,10,2026-04-13,0.1999999999999993,13.0,12.8,456.0,126.0,1.200000000000001,4.600000000000001,8.9,65.0,-6.0,6.4,6.4,1.6,7.9,1013.88,,-0.9563047559630354,0.2923717047227367,2.0,0.0,12.8,12.8,32.0
london,10,2026-04-14,1.4000000000000004,17.0,15.6,493.0,117.0,1.799999999999999,6.1,12.3,59.0,-6.0,7.6,8.0,2.7,10.6,1018.63,,-0.529919264233205,0.8480480961564258,2.1,0.0,15.6,15.6,33.0
london,10,2026-04-15,1.3000000000000007,17.0,15.7,159.0,76.0,1.5,1.5999999999999996,2.3999999999999986,78.0,-5.0,11.9,3.799999999999999,2.1,5.1,1015.92,,0.6946583704589973,0.7193398003386512,0.7,0.0,15.7,15.7,34.0
london,10,2026-04-16,2.8000000000000007,18.0,15.2,277.0,75.0,1.0,2.0999999999999996,4.1,75.0,1.0,10.8,4.399999999999999,2.1,7.4,1018.96,,0.4383711467890774,0.898794046299167,1.2,0.0,15.2,15.2,35.0
london,10,2026-04-17,1.8000000000000007,18.0,16.2,227.0,25.0,1.5,3.299999999999999,4.899999999999999,67.0,-6.0,10.1,6.1,2.3,5.3,1020.32,,0.5150380749100542,0.8571673007021123,1.0,0.0,16.2,16.2,36.0
london,10,2026-04-18,1.5999999999999996,16.0,14.4,252.0,-164.0,0.3000000000000007,1.700000000000001,3.9000000000000004,63.0,-4.0,7.4,7.0,1.3,4.3,1022.01,,0.45399049973954675,0.8910065241883679,1.1,0.21,14.4,14.4,37.0
london,10,2026-04-19,1.5,15.0,13.5,524.0,122.0,1.5,3.0,6.3,49.0,-7.0,3.0,10.5,2.7,7.4,1026.08,,-0.01745240643728356,0.9998476951563913,2.3,0.0,13.5,13.5,38.0
london,10,2026-04-20,0.5,13.0,12.5,551.0,120.0,1.3000000000000007,2.3000000000000007,7.7,53.0,-12.0,3.2,9.3,3.5,12.6,1025.06,,-0.529919264233205,0.8480480961564258,2.4,0.0,12.5,12.5,39.0
london,10,2026-04-21,1.8000000000000007,14.0,12.2,595.0,190.0,0.7999999999999989,2.5,4.8999999999999995,58.0,-7.0,4.2,7.999999999999999,3.5,9.5,1026.08,,-0.6156614753256582,0.788010753606722,2.6,0.0,12.2,12.2,40.0
london,10,2026-04-22,0.8000000000000007,15.0,14.2,523.0,164.0,1.5999999999999996,3.3999999999999986,7.999999999999999,59.0,-10.0,6.3,7.8999999999999995,5.1,10.9,1026.75,,-0.9743700647852352,0.22495105434386492,2.4,0.0,14.2,14.2,41.0
london,10,2026-04-23,4.199999999999999,18.0,13.8,565.0,278.0,3.5,5.300000000000001,7.200000000000001,68.0,-14.0,8.0,5.800000000000001,4.0,10.9,1031.83,,-0.9205048534524405,0.3907311284892735,2.7,0.0,13.8,13.8,42.0
london,10,2026-04-24,7.1,18.0,10.9,543.0,119.0,1.700000000000001,4.9,5.300000000000001,65.0,-7.0,4.6,6.300000000000001,2.6,8.5,1027.77,,-0.8191520442889918,0.573576436351046,2.6,0.0,10.9,10.9,43.0
london,10,2026-04-25,8.6,21.0,12.4,453.0,28.0,3.3000000000000007,6.0,6.9,65.0,-15.0,6.0,6.4,2.4,7.6,1022.69,,-0.9961946980917455,-0.08715574274765825,2.1,0.0,12.4,12.4,44.0
london,10,2026-04-26,2.4000000000000004,17.0,14.6,490.0,239.0,1.9000000000000004,3.299999999999999,6.0,66.0,-9.0,8.3,6.299999999999999,3.7,10.5,1026.08,,-0.9945218953682734,0.10452846326765299,2.3,0.0,14.6,14.6,45.0
london,10,2026-04-27,3.3000000000000007,21.0,17.7,537.0,116.0,1.799999999999999,4.5,11.2,52.0,-10.0,7.7,10.0,2.6,12.7,1025.4,,0.1908089953765448,0.981627183447664,2.6,0.0,17.7,17.7,46.0
london,10,2026-04-28,5.1,16.0,10.9,112.0,-100.0,0.09999999999999964,0.9000000000000004,1.5,75.0,-3.0,6.6,4.300000000000001,4.2,11.3,1024.72,,-0.9271838545667874,0.37460659341591196,0.5,0.0,10.9,10.9,47.0
london,10,2026-04-29,-0.10000000000000142,16.0,16.1,571.0,116.0,1.3000000000000007,2.8000000000000007,6.900000000000002,44.0,-7.0,3.8,12.3,6.3,15.3,1024.72,,-0.6946583704589976,0.7193398003386509,2.7,0.0,16.1,16.1,48.0
london,10,2026-04-30,2.3000000000000007,19.0,16.7,577.0,116.0,1.0,2.5999999999999996,7.1,50.0,0.0,6.2,10.5,5.8,14.5,1023.37,,-0.9271838545667873,-0.3746065934159123,2.9,0.0,16.7,16.7,49.0
london,10,2026-05-01,3.8999999999999986,24.0,20.1,559.0,109.0,1.7000000000000028,4.100000000000001,13.900000000000002,39.0,-2.0,5.7,14.400000000000002,1.9,9.2,1021.33,,0.8910065241883679,-0.45399049973954675,2.8,0.0,20.1,20.1,50.0
london,10,2026-05-02,4.199999999999999,23.0,18.8,537.0,60.0,2.6999999999999993,4.700000000000001,8.0,61.0,-8.0,11.1,7.700000000000001,2.1,12.1,1018.29,,0.8746197071393957,0.4848096202463371,2.7,0.0,18.8,18.8,51.0
london,10,2026-05-03,1.0,20.0,19.0,708.0,202.0,1.8999999999999986,4.1,5.1,61.0,-9.0,11.3,7.699999999999999,2.4,7.1,1010.5,,0.9998476951563913,0.0174524064372836,3.6,0.0,19.0,19.0,52.0
london,10,2026-05-04,1.8000000000000007,15.0,13.2,108.0,63.0,0.3999999999999986,0.8999999999999986,0.29999999999999893,83.0,-3.0,10.4,2.799999999999999,1.4,2.4,1014.56,,-0.798635510047293,0.6018150231520479,0.6,0.0,13.2,13.2,53.0
london,10,2026-05-05,1.4000000000000004,16.0,14.6,586.0,338.0,1.799999999999999,2.5,3.6999999999999993,66.0,-8.0,8.3,6.299999999999999,2.6,5.1,1013.88,,-0.01745240643728356,0.9998476951563913,3.0,0.0,14.6,14.6,54.0
london,10,2026-05-06,0.0,13.0,13.0,676.0,149.0,0.8000000000000007,2.5999999999999996,4.4,58.0,-6.0,4.9,8.1,4.3,9.5,1013.55,,-0.9781476007338056,0.20791169081775943,3.4,0.0,13.0,13.0,55.0
london,10,2026-05-07,-0.6999999999999993,14.0,14.7,168.0,-317.0,1.1999999999999993,4.1,5.399999999999999,65.0,-3.0,8.2,6.5,2.6,7.9,1016.26,,-0.8571673007021121,-0.5150380749100544,0.9,0.0,14.7,14.7,56.0
london,10,2026-05-08,1.8000000000000007,18.0,16.2,358.0,-66.0,0.7999999999999989,4.299999999999999,8.899999999999999,65.0,-6.0,9.6,6.6,3.1,10.1,1017.27,,-0.8290375725550416,0.559192903470747,1.8,0.0,16.2,16.2,57.0
london,10,2026-05-09,1.5,20.0,18.5,548.0,134.0,1.6000000000000014,4.199999999999999,11.1,53.0,-6.0,8.7,9.8,2.7,9.3,1018.96,,0.6691306063588582,0.7431448254773942,2.8,0.0,18.5,18.5,58.0
london,10,2026-05-10,0.5999999999999996,13.0,12.4,209.0,31.0,0.5999999999999996,1.700000000000001,2.5999999999999996,70.0,-3.0,7.1,5.300000000000001,4.5,9.0,1017.61,,-0.7771459614569706,-0.6293203910498378,1.1,0.0,12.4,12.4,59.0
london,10,2026-05-11,2.4000000000000004,12.0,9.6,102.0,-97.0,-1.0999999999999996,-1.4000000000000004,6.199999999999999,84.0,15.0,7.0,2.5999999999999996,1.3,4.3,1010.84,,-0.9659258262890683,-0.25881904510252063,0.5,0.0,9.6,9.6,60.0
london,10,2026-05-12,2.0,17.0,15.0,644.0,388.0,1.8000000000000007,2.9000000000000004,12.4,48.0,-9.0,4.1,10.9,3.4,10.0,1015.92,,0.8571673007021123,0.5150380749100542,3.3,0.0,15.0,15.0,61.0
london,10,2026-05-13,-0.5,13.0,13.5,667.0,487.0,1.0999999999999996,0.8000000000000007,3.4000000000000004,54.0,-8.0,4.4,9.1,2.6,7.4,1003.73,,0.7193398003386512,0.6946583704589973,3.4,0.06,13.5,13.5,62.0
london,10,2026-05-14,1.5999999999999996,12.0,10.4,379.0,274.0,0.5999999999999996,0.5,2.0999999999999996,67.0,-3.0,4.5,5.9,3.1,10.6,1002.37,,-0.8571673007021123,0.5150380749100542,2.0,0.0,10.4,10.4,63.0
london,10,2026-05-15,2.0999999999999996,14.0,11.9,278.0,-1.0,0.8000000000000007,1.4000000000000004,5.0,59.0,-9.0,4.1,7.800000000000001,3.7,11.3,1007.45,,-0.8910065241883678,-0.4539904997395469,1.5,0.0,11.9,11.9,64.0
london,10,2026-05-16,0.8000000000000007,15.0,14.2,782.0,166.0,2.0,3.0999999999999996,7.499999999999999,52.0,-5.0,4.5,9.7,2.3,10.0,1009.14,,0.7431448254773942,0.6691306063588582,4.1,0.0,14.2,14.2,65.0
london,10,2026-05-17,2.3000000000000007,18.0,15.7,454.0,130.0,1.3999999999999986,2.799999999999999,4.899999999999999,68.0,-7.0,9.8,5.899999999999999,2.3,6.0,1010.16,,0.7071067811865476,0.7071067811865476,2.4,1.07,15.7,15.7,66.0
london,10,2026-05-18,0.5999999999999996,16.0,15.4,279.0,-250.0,0.09999999999999964,1.700000000000001,6.200000000000001,58.0,-2.0,7.2,8.2,2.7,7.2,1012.19,,0.6819983600624985,0.7313537016191705,1.5,0.0,15.4,15.4,67.0
london,10,2026-05-19,3.5999999999999996,18.0,14.4,231.0,95.0,1.200000000000001,2.200000000000001,2.5999999999999996,87.0,-3.0,12.3,2.0999999999999996,2.3,5.3,1008.13,,-0.8386705679454243,0.5446390350150266,1.3,1.57,14.4,14.4,68.0
london,10,2026-05-20,1.5,20.0,18.5,722.0,537.0,2.5999999999999996,4.0,5.9,60.0,-11.0,10.6,7.9,3.5,8.9,1017.61,,0.9702957262759965,0.24192189559966767,3.9,1.45,18.5,18.5,69.0
london,10,2026-05-21,5.800000000000001,24.0,18.2,320.0,99.0,1.0,1.8000000000000007,4.799999999999999,69.0,-4.0,12.4,5.799999999999999,3.4,6.6,1026.75,,0.8660254037844386,0.5000000000000001,1.7,0.0,18.2,18.2,70.0
london,10,2026-05-22,0.8999999999999986,28.0,27.1,663.0,105.0,1.2000000000000028,2.700000000000003,12.400000000000002,51.0,-2.0,16.1,11.0,2.3,10.1,1025.4,,0.5150380749100544,-0.8571673007021122,3.6,0.0,27.6,27.1,71.0
london,10,2026-05-23,4.100000000000001,30.0,25.9,601.0,86.0,0.8999999999999986,1.5999999999999979,6.199999999999999,54.0,-3.0,15.9,9.999999999999998,2.4,7.1,1026.08,,0.981627183447664,-0.1908089953765448,3.3,0.0,25.9,25.9,72.0
london,10,2026-05-24,5.0,30.0,25.0,632.0,115.0,1.6000000000000014,3.5,10.1,59.0,-3.0,16.4,8.600000000000001,2.3,7.2,1031.16,,0.9975640502598242,0.06975647374412523,3.5,0.0,25.1,25.0,73.0
london,10,2026-05-25,3.1000000000000014,31.0,27.9,643.0,113.0,1.7999999999999972,4.299999999999997,11.5,55.0,-3.0,18.0,9.899999999999999,1.0,5.5,1031.49,,0.9902680687415704,0.13917310096006547,3.6,0.0,28.8,27.9,74.0
london,10,2026-05-26,3.0,34.0,31.0,644.0,107.0,1.5,3.8000000000000007,14.0,42.0,-3.0,16.6,14.399999999999999,2.3,5.8,1027.43,,0.766044443118978,0.6427876096865394,3.6,0.0,31.2,31.0,75.0
london,10,2026-05-27,1.5,25.0,23.5,643.0,122.0,1.3999999999999986,3.5,5.399999999999999,60.0,-3.0,15.3,8.2,3.7,10.8,1026.41,,0.9659258262890683,0.25881904510252074,3.6,0.0,23.5,23.5,76.0
london,10,2026-05-28,7.5,31.0,23.5,643.0,167.0,2.1999999999999993,3.3999999999999986,7.0,61.0,-5.0,15.5,8.0,2.7,9.5,1022.35,,0.2756373558169992,-0.9612616959383189,3.6,0.0,23.5,23.5,77.0
london,10,2026-05-29,2.8999999999999986,26.0,23.1,544.0,102.0,2.3000000000000007,2.700000000000003,3.5,54.0,-6.0,13.3,9.8,2.7,7.7,1022.01,,0.9455185755993167,0.32556815445715676,3.0,0.0,22.9,23.1,78.0
london,10,2026-05-30,0.6000000000000014,27.0,26.4,559.0,50.0,-0.10000000000000142,3.299999999999997,8.5,44.0,-1.0,13.2,13.2,1.8,7.2,1019.98,,-0.32556815445715676,-0.9455185755993167,3.1,0.0,26.2,26.4,79.0
london,10,2026-05-31,2.8999999999999986,24.0,21.1,224.0,-240.0,1.0,2.5,3.400000000000002,60.0,-2.0,13.0,8.100000000000001,1.9,6.4,1015.58,,0.9993908270190958,-0.034899496702500955,1.3,0.0,20.8,21.1,80.0
london,10,2026-06-01,1.3999999999999986,23.0,21.6,274.0,-49.0,0.40000000000000213,1.7000000000000028,5.800000000000001,56.0,-1.0,12.4,9.200000000000001,3.7,9.7,1015.58,,0.9975640502598242,0.06975647374412523,1.6,0.0,21.3,21.6,81.0
london,10,2026-06-02,3.3000000000000007,19.0,15.7,46.0,-40.0,-0.40000000000000213,0.5,0.3999999999999986,92.0,3.0,14.4,1.299999999999999,3.1,5.0,1003.05,,0.7193398003386512,0.6946583704589973,0.3,19.21,15.7,15.7,82.0
london,10,2026-06-03,1.8999999999999986,19.0,17.1,275.0,121.0,1.0,2.1000000000000014,3.700000000000001,75.0,1.0,12.6,4.500000000000002,2.7,7.4,1004.74,,0.788010753606722,0.6156614753256583,1.6,0.0,17.1,17.1,83.0
london,10,2026-06-04,0.8000000000000007,19.0,18.2,220.0,-98.0,1.3999999999999986,2.0,3.6999999999999993,65.0,-8.0,11.5,6.699999999999999,3.4,8.0,995.94,,0.9659258262890683,0.25881904510252074,1.3,0.0,18.2,18.2,84.0
london,10,2026-06-05,0.0,19.0,19.0,840.0,280.0,1.6000000000000014,3.8000000000000007,6.0,57.0,-10.0,10.3,8.7,3.9,8.9,1011.85,,0.9998476951563913,-0.017452406437283477,4.8,0.0,19.0,19.0,85.0
london,10,2026-06-06,3.3000000000000007,17.0,13.7,157.0,88.0,0.3999999999999986,0.1999999999999993,0.5999999999999996,86.0,3.0,11.4,2.299999999999999,3.1,6.4,1006.1,,-0.9396926207859083,0.342020143325669,0.9,2.67,13.7,13.7,86.0
london,10,2026-06-07,0.6000000000000014,19.0,18.4,224.0,-268.0,1.0999999999999979,3.799999999999999,5.799999999999999,62.0,-7.0,11.0,7.399999999999999,3.1,6.9,1019.98,,0.9659258262890683,0.25881904510252074,1.3,0.0,18.4,18.4,87.0
london,10,2026-06-08,-0.1999999999999993,16.0,16.2,128.0,52.0,0.0,-0.5,1.8999999999999986,81.0,4.0,12.9,3.299999999999999,2.4,6.3,1013.55,,0.7313537016191705,0.6819983600624985,0.8,0.26,16.2,16.2,88.0
london,10,2026-06-09,0.8000000000000007,19.0,18.2,797.0,544.0,1.3999999999999986,3.0999999999999996,7.199999999999999,58.0,-7.0,9.8,8.399999999999999,3.5,8.9,1014.56,,0.9335804264972017,0.3583679495453004,4.8,0.0,18.2,18.2,89.0
london,10,2026-06-10,2.8000000000000007,17.0,14.2,286.0,89.0,0.0,0.3999999999999986,2.1999999999999993,70.0,0.0,8.8,5.399999999999999,0.6,3.7,1016.59,,-0.5591929034707466,0.8290375725550418,1.7,0.0,14.2,14.2,90.0
london,10,2026-06-11,2.3000000000000007,17.0,14.7,211.0,0.0,0.7999999999999989,2.1999999999999993,4.199999999999999,82.0,0.0,11.7,3.0,3.4,6.1,1020.32,,-0.7313537016191705,-0.6819983600624986,1.3,0.04,14.7,14.7,91.0
london,12,2026-03-12,0.5,12.0,11.5,62.0,-100.0,0.1999999999999993,0.8000000000000007,3.8,75.0,1.0,7.2,4.3,4.3,10.1,1012.87,,0.2249510543438652,-0.9743700647852351,0.1,0.0,11.5,11.5,0.0
london,12,2026-03-13,3.1999999999999993,12.0,8.8,232.0,46.0,0.6000000000000014,1.200000000000001,1.8000000000000007,63.0,-4.0,2.1,6.700000000000001,4.2,6.8,1002.03,,0.8090169943749475,-0.587785252292473,0.5,6.11,8.8,8.8,1.0
london,12,2026-03-14,0.5999999999999996,11.0,10.4,509.0,73.0,1.200000000000001,3.3000000000000007,7.4,56.0,-7.0,2.0,8.4,3.1,6.9,1004.74,,0.8746197071393957,0.4848096202463371,1.1,0.0,10.4,10.4,2.0
london,12,2026-03-15,1.4000000000000004,13.0,11.6,173.0,-234.0,-0.09999999999999964,0.5,7.3999999999999995,60.0,-3.0,4.1,7.5,3.9,9.0,1012.19,,-0.06975647374412527,-0.9975640502598242,0.4,0.0,11.6,11.6,3.0
london,12,2026-03-16,0.5999999999999996,12.0,11.4,259.0,-195.0,0.3000000000000007,2.5,5.7,68.0,1.0,5.7,5.7,3.2,9.2,1016.26,,0.7071067811865476,-0.7071067811865475,0.6,0.0,11.4,11.4,4.0
london,12,2026-03-17,2.3000000000000007,15.0,12.7,391.0,271.0,1.799999999999999,2.3999999999999986,2.3999999999999986,72.0,-8.0,7.8,4.8999999999999995,2.6,4.5,1016.59,,-0.5446390350150271,-0.838670567945424,1.0,0.0,12.7,12.7,5.0
london,12,2026-03-18,0.0,18.0,18.0,492.0,45.0,1.6000000000000014,3.4000000000000004,12.0,50.0,-7.0,7.4,10.6,2.7,13.8,1021.33,,0.20791169081775931,-0.9781476007338057,1.3,0.0,18.0,18.0,6.0
london,12,2026-03-19,-0.3000000000000007,16.0,16.3,476.0,53.0,1.9000000000000004,3.0,13.9,52.0,-9.0,6.4,9.9,3.7,13.5,1027.09,,-0.7071067811865477,0.7071067811865474,1.3,0.0,16.3,16.3,7.0
london,12,2026-03-20,1.9000000000000004,14.0,12.1,395.0,3.0,1.0,4.0,9.399999999999999,67.0,-1.0,6.2,5.8999999999999995,3.2,9.5,1023.03,,-0.8191520442889918,0.573576436351046,1.1,0.0,12.1,12.1,8.0
london,12,2026-03-21,3.4000000000000004,13.0,9.6,525.0,-44.0,1.7999999999999998,4.1,6.8999999999999995,65.0,-14.0,3.3,6.3,2.4,8.0,1020.66,,-0.9335804264972017,0.3583679495453004,2.1,0.0,9.6,9.6,9.0
london,12,2026-03-22,1.5999999999999996,13.0,11.4,627.0,141.0,1.0,4.5,7.9,67.0,-6.0,5.5,5.9,2.9,10.0,1016.93,,-0.8191520442889916,-0.5735764363510464,2.5,0.0,11.4,11.4,10.0
london,12,2026-03-23,2.0,15.0,13.0,383.0,118.0,1.6999999999999993,3.9000000000000004,9.9,68.0,-5.0,7.2,5.8,1.9,5.3,1021.33,,-0.9510565162951535,-0.30901699437494756,1.5,0.0,13.0,13.0,11.0
london,12,2026-03-24,-0.5,13.0,13.5,208.0,54.0,1.0,1.5999999999999996,3.5999999999999996,74.0,-2.0,9.0,4.5,2.4,7.7,1015.24,,-0.4694715627858908,0.882947592858927,0.8,0.0,13.5,13.5,12.0
london,12,2026-03-25,1.9000000000000004,10.0,8.1,635.0,349.0,1.2999999999999998,0.5999999999999996,0.5,62.0,-13.0,1.3,6.8,6.1,12.4,1009.14,,0.9702957262759965,0.24192189559966767,2.5,0.11,8.1,7.3,13.0
london,12,2026-03-26,0.09999999999999964,10.0,9.9,545.0,-10.0,1.200000000000001,2.5,6.1000000000000005,45.0,-6.0,-1.5,11.4,3.1,7.7,1022.69,,-0.8480480961564261,0.5299192642332047,2.1,0.0,9.9,9.9,14.0
london,12,2026-03-27,-1.0,12.0,13.0,235.0,-90.0,0.5,2.0999999999999996,5.7,70.0,0.0,7.7,5.3,2.4,6.4,1019.64,,0.10452846326765373,-0.9945218953682733,0.9,0.0,13.0,13.0,15.0
london,12,2026-03-29,0.40000000000000036,11.0,10.6,271.0,-26.0,1.0999999999999996,2.299999999999999,7.8,57.0,-6.0,2.4,8.2,2.9,10.8,1029.8,,0.7071067811865476,-0.7071067811865475,1.1,0.0,10.6,10.6,17.0
london,12,2026-03-30,0.6999999999999993,12.0,11.3,363.0,224.0,0.0,0.6000000000000014,3.4000000000000004,60.0,2.0,3.8,7.500000000000001,4.7,13.8,1023.37,,0.6560590289905073,0.754709580222772,1.5,0.0,11.3,11.3,18.0
london,12,2026-03-31,3.0,16.0,13.0,121.0,-144.0,0.1999999999999993,1.6999999999999993,3.4000000000000004,76.0,1.0,8.9,4.1,2.7,6.4,1030.82,,-0.898794046299167,0.4383711467890774,0.5,0.0,13.0,13.0,19.0
london,12,2026-04-01,-0.5,14.0,14.5,314.0,10.0,0.8000000000000007,1.8000000000000007,6.0,55.0,-4.0,5.6,8.9,3.2,7.9,1024.72,,-0.6156614753256582,0.788010753606722,1.3,0.0,14.5,14.5,20.0
london,12,2026-04-02,3.6999999999999993,12.0,8.3,222.0,92.0,-0.09999999999999964,0.10000000000000142,1.0000000000000009,71.0,2.0,3.3,5.000000000000001,3.9,10.1,1022.35,,-0.3907311284892739,0.9205048534524403,0.9,0.0,8.3,8.3,21.0
london,12,2026-04-03,2.3000000000000007,16.0,13.7,93.0,-111.0,0.0,2.299999999999999,4.5,80.0,0.0,10.3,3.3999999999999986,2.3,6.3,1010.5,,-0.8571673007021123,0.5150380749100542,0.4,0.03,13.7,13.7,22.0
london,12,2026-04-04,-0.9000000000000004,15.0,15.9,594.0,167.0,1.700000000000001,3.200000000000001,7.800000000000001,72.0,-3.0,10.9,5.0,2.9,9.7,1016.59,,0.8290375725550417,0.5591929034707468,2.6,0.0,15.9,15.9,23.0
london,12,2026-04-05,-0.5999999999999996,14.0,14.6,594.0,-32.0,1.6999999999999993,4.1,5.199999999999999,49.0,-8.0,4.0,10.6,2.9,8.5,1016.93,,0.9335804264972017,-0.35836794954530027,2.6,0.0,14.6,14.6,24.0
london,12,2026-04-06,-0.3000000000000007,16.0,16.3,555.0,46.0,0.9000000000000004,3.1000000000000014,13.4,40.0,0.0,2.7,13.600000000000001,2.4,6.6,1027.43,,0.17364817766693033,0.984807753012208,2.4,0.0,16.3,16.3,25.0
london,12,2026-04-07,0.8999999999999986,18.0,17.1,560.0,37.0,0.8000000000000007,2.200000000000001,10.900000000000002,53.0,-5.0,7.4,9.700000000000001,4.5,15.4,1023.37,,-0.961261695938319,-0.2756373558169989,2.4,0.0,17.1,17.1,26.0
london,12,2026-04-08,3.6000000000000014,26.0,22.4,525.0,,,4.0,,47.0,,10.5,11.899999999999999,1.8,5.8,1023.37,,0.898794046299167,0.43837114678907746,2.3,0.0,21.9,22.4,27.0
london,12,2026-04-09,-1.0,22.0,23.0,313.0,-197.0,1.3999999999999986,2.1999999999999993,10.2,52.0,-2.0,12.6,10.4,2.4,5.1,1016.59,,0.9743700647852352,-0.22495105434386503,1.4,0.0,22.7,23.0,28.0
london,12,2026-04-10,1.0999999999999996,14.0,12.9,328.0,7.0,0.9000000000000004,1.5999999999999996,5.5,47.0,-3.0,1.9,11.0,2.7,7.2,1020.32,,-0.587785252292473,-0.8090169943749475,1.4,0.0,12.9,12.9,29.0
london,12,2026-04-11,3.3000000000000007,14.0,10.7,130.0,-18.0,1.299999999999999,0.7999999999999989,0.09999999999999964,63.0,-7.0,3.9,6.799999999999999,3.1,6.6,1005.42,,-0.06975647374412527,-0.9975640502598242,0.6,0.0,10.7,10.7,30.0
london,12,2026-04-12,0.40000000000000036,15.0,14.6,146.0,-346.0,-0.7000000000000011,1.0,6.0,51.0,1.0,4.6,10.0,2.3,8.5,1010.5,,-0.9961946980917455,-0.08715574274765825,0.6,0.0,14.6,14.6,31.0
london,12,2026-04-13,-1.1999999999999993,13.0,14.2,582.0,314.0,2.5999999999999996,1.3999999999999986,10.299999999999999,54.0,-7.0,5.0,9.2,2.3,8.9,1013.55,,0.0697564737441253,0.9975640502598242,2.5,0.0,14.2,14.2,32.0
london,12,2026-04-14,-1.0,17.0,18.0,526.0,-53.0,1.1000000000000014,2.4000000000000004,14.7,49.0,-5.0,7.1,10.9,2.9,10.8,1017.95,,0.9902680687415704,0.13917310096006547,2.3,0.0,18.0,18.0,33.0
london,12,2026-04-15,-0.3000000000000007,17.0,17.3,421.0,303.0,1.4000000000000004,1.6000000000000014,4.0,72.0,-5.0,12.2,5.100000000000001,2.1,5.8,1015.58,,0.9612616959383189,0.27563735581699916,1.8,0.0,17.3,17.3,34.0
london,12,2026-04-16,1.5,18.0,16.5,263.0,-244.0,0.5999999999999996,1.3000000000000007,5.4,60.0,-10.0,8.7,7.800000000000001,3.9,8.2,1019.3,,0.8660254037844386,0.5000000000000001,1.1,0.0,16.5,16.5,35.0
london,12,2026-04-17,-0.5,18.0,18.5,357.0,53.0,1.8999999999999986,2.3000000000000007,7.199999999999999,57.0,-7.0,9.8,8.7,3.5,7.2,1019.98,,0.9563047559630354,0.29237170472273677,1.6,0.0,18.5,18.5,36.0
london,12,2026-04-18,-0.6000000000000014,16.0,16.6,597.0,19.0,1.3000000000000007,2.200000000000001,6.100000000000001,52.0,-6.0,6.7,9.900000000000002,3.5,9.7,1022.01,,0.7431448254773942,0.6691306063588582,2.6,0.21,16.6,16.6,37.0
london,12,2026-04-19,-0.5,15.0,15.5,636.0,34.0,0.9000000000000004,2.0,8.3,41.0,-2.0,2.3,13.2,2.6,10.9,1026.08,,0.0,1.0,2.8,0.0,15.5,15.5,38.0
london,12,2026-04-20,0.9000000000000004,13.0,12.1,177.0,-567.0,-0.5,-0.40000000000000036,7.3,54.0,4.0,3.1,9.0,3.9,11.3,1024.04,,-0.9659258262890684,0.2588190451025203,0.8,0.0,12.1,12.1,39.0
london,12,2026-04-21,0.1999999999999993,14.0,13.8,451.0,-159.0,0.20000000000000107,1.6000000000000014,6.500000000000001,54.0,0.0,4.6,9.200000000000001,4.7,12.2,1025.06,,-0.9510565162951536,0.30901699437494723,2.0,0.0,13.8,13.8,40.0
london,12,2026-04-22,-1.1000000000000014,15.0,16.1,632.0,43.0,0.3000000000000007,1.9000000000000021,9.900000000000002,44.0,-8.0,3.8,12.3,6.9,17.4,1026.08,,-0.9563047559630354,0.2923717047227367,2.9,0.0,16.1,16.1,41.0
london,12,2026-04-23,1.3999999999999986,18.0,16.6,630.0,25.0,0.9000000000000021,2.8000000000000007,10.000000000000002,58.0,-3.0,8.3,8.3,4.2,11.7,1031.16,,-0.984807753012208,-0.17364817766693033,3.0,0.0,16.6,16.6,42.0
london,12,2026-04-24,0.8999999999999986,18.0,17.1,654.0,33.0,2.5000000000000018,6.200000000000001,11.500000000000002,43.0,-7.0,4.4,12.700000000000001,2.4,7.7,1026.75,,0.374606593415912,0.9271838545667874,3.1,0.0,17.1,17.1,43.0
london,12,2026-04-25,3.1000000000000014,21.0,17.9,661.0,71.0,3.099999999999998,5.499999999999998,12.399999999999999,36.0,-18.0,2.6,15.299999999999999,2.1,6.8,1022.01,,-0.9975640502598243,0.06975647374412522,3.1,0.0,17.9,17.9,44.0
london,12,2026-04-26,-0.3000000000000007,17.0,17.3,589.0,-40.0,1.700000000000001,2.700000000000001,8.700000000000001,55.0,-5.0,8.2,9.100000000000001,3.7,11.1,1025.74,,0.4383711467890774,0.898794046299167,2.8,0.0,17.3,17.3,45.0
london,12,2026-04-27,0.5,21.0,20.5,643.0,31.0,0.5,2.8000000000000007,14.0,44.0,-2.0,7.8,12.7,2.4,7.2,1024.38,,0.9902680687415704,0.13917310096006547,3.1,0.0,20.5,20.5,46.0
london,12,2026-04-28,3.4000000000000004,16.0,12.6,695.0,592.0,1.799999999999999,1.6999999999999993,3.1999999999999993,68.0,-9.0,6.8,5.8,3.5,8.7,1025.4,,-0.8090169943749476,0.5877852522924729,3.3,0.0,12.6,12.6,47.0
london,12,2026-04-29,-0.6999999999999993,16.0,16.7,681.0,31.0,0.3999999999999986,0.5999999999999979,7.5,37.0,-2.0,1.9,14.799999999999999,7.7,18.3,1024.72,,-0.6691306063588581,0.7431448254773942,3.3,0.0,16.7,16.7,48.0
london,12,2026-04-30,1.0,19.0,18.0,688.0,32.0,0.5,1.3000000000000007,8.4,45.0,-1.0,5.9,12.1,4.3,10.0,1023.03,,0.6427876096865395,-0.7660444431189779,3.4,0.0,18.0,18.0,49.0
london,12,2026-05-01,0.6999999999999993,24.0,23.3,659.0,29.0,1.3000000000000007,3.1999999999999993,17.1,36.0,0.0,7.4,15.9,2.9,10.9,1020.32,,-0.848048096156426,-0.529919264233205,3.3,0.0,22.6,23.3,50.0
london,12,2026-05-02,1.6000000000000014,23.0,21.4,629.0,-23.0,2.5,2.599999999999998,10.599999999999998,49.0,-9.0,10.2,11.2,2.7,7.9,1016.93,,0.7986355100472928,0.6018150231520484,3.2,0.0,20.9,21.4,51.0
london,12,2026-05-03,-0.6000000000000014,20.0,20.6,478.0,-227.0,1.2000000000000028,1.6000000000000014,6.700000000000001,56.0,-2.0,11.5,9.100000000000001,5.5,10.9,1009.82,,0.9455185755993167,0.32556815445715676,2.4,0.0,20.6,20.6,52.0
london,12,2026-05-04,0.5,15.0,14.5,130.0,-27.0,0.0,1.3000000000000007,1.5999999999999996,78.0,0.0,10.7,3.8000000000000007,0.6,3.7,1014.9,,0.754709580222772,0.6560590289905073,0.7,0.0,14.5,14.5,53.0
london,12,2026-05-05,-1.0,16.0,17.0,368.0,-373.0,0.8000000000000007,2.4000000000000004,6.1,53.0,-5.0,7.3,9.7,3.5,8.4,1012.53,,0.45399049973954675,0.8910065241883679,1.9,0.0,17.0,17.0,54.0
london,12,2026-05-06,-1.1999999999999993,13.0,14.2,347.0,-313.0,0.7999999999999989,1.1999999999999993,5.6,56.0,-1.0,5.5,8.7,3.4,8.9,1012.87,,-0.6946583704589976,0.7193398003386509,1.8,0.0,14.2,14.2,55.0
london,12,2026-05-07,-0.09999999999999964,14.0,14.1,224.0,59.0,0.1999999999999993,-0.5999999999999996,4.799999999999999,62.0,-1.0,6.9,7.199999999999999,2.3,9.3,1016.59,,-0.6946583704589976,0.7193398003386509,1.1,0.0,14.1,14.1,56.0
london,12,2026-05-08,-0.1999999999999993,18.0,18.2,437.0,-65.0,0.0,2.0,10.899999999999999,46.0,-7.0,6.4,11.799999999999999,2.4,7.7,1017.27,,-0.9816271834476639,0.1908089953765451,2.2,0.0,18.2,18.2,57.0
london,12,2026-05-09,-0.6999999999999993,20.0,20.7,526.0,-25.0,0.6999999999999993,2.1999999999999993,13.299999999999999,44.0,-5.0,8.0,12.7,2.1,7.6,1017.95,,0.0871557427476582,-0.9961946980917455,2.7,0.0,20.7,20.7,58.0
london,12,2026-05-10,0.1999999999999993,13.0,12.8,217.0,25.0,-0.09999999999999964,0.40000000000000036,3.0,66.0,-2.0,6.6,6.200000000000001,4.2,13.0,1017.61,,-0.9659258262890683,-0.25881904510252063,1.1,0.0,12.8,12.8,59.0
london,12,2026-05-11,1.0,12.0,11.0,86.0,-80.0,0.09999999999999964,1.4000000000000004,7.6,69.0,-5.0,5.5,5.5,1.6,4.5,1010.84,,-0.6156614753256582,-0.788010753606722,0.4,0.0,11.0,11.0,60.0
london,12,2026-05-12,0.10000000000000142,17.0,16.9,731.0,37.0,1.3999999999999986,1.8999999999999986,14.299999999999999,41.0,-1.0,3.6,13.299999999999999,4.3,9.7,1014.22,,0.838670567945424,0.5446390350150271,3.7,0.0,16.9,16.9,61.0
london,12,2026-05-13,-0.5999999999999996,13.0,13.6,537.0,402.0,3.6999999999999993,0.09999999999999964,3.5,64.0,-14.0,6.9,6.699999999999999,5.3,7.7,1002.03,,-0.656059028990507,-0.7547095802227721,2.7,2.36,13.6,13.6,62.0
london,12,2026-05-14,1.5,12.0,10.5,337.0,94.0,-0.8000000000000007,0.09999999999999964,2.1999999999999993,68.0,4.0,4.8,5.7,1.6,6.1,1002.03,,-0.9902680687415703,-0.13917310096006583,1.7,0.05,10.5,10.5,63.0
london,12,2026-05-15,0.6999999999999993,14.0,13.3,146.0,-189.0,2.1000000000000014,1.4000000000000004,6.4,54.0,-5.0,4.2,9.100000000000001,2.6,8.4,1007.11,,-0.8191520442889916,-0.5735764363510464,0.8,0.0,13.3,13.3,64.0
london,12,2026-05-16,-0.3000000000000007,15.0,15.3,935.0,414.0,0.8000000000000007,1.1000000000000014,8.600000000000001,51.0,0.0,5.2,10.100000000000001,1.8,7.1,1009.14,,0.17364817766693033,0.984807753012208,4.9,0.0,15.3,15.3,65.0
london,12,2026-05-17,2.5999999999999996,18.0,15.4,219.0,-185.0,-0.5999999999999996,-0.29999999999999893,4.6,59.0,-2.0,7.4,8.0,1.1,4.5,1010.5,,0.12186934340514748,0.992546151641322,1.1,1.07,15.4,15.4,66.0
london,12,2026-05-18,0.09999999999999964,16.0,15.9,463.0,-266.0,0.3000000000000007,0.5,6.700000000000001,54.0,0.0,6.6,9.3,2.6,7.4,1012.19,,0.9135454576426009,0.4067366430758002,2.4,0.0,15.9,15.9,67.0
london,12,2026-05-19,-0.3000000000000007,18.0,18.3,750.0,8.0,2.700000000000001,3.9000000000000004,6.5,70.0,-16.0,12.7,5.600000000000001,4.0,9.7,1008.47,,0.9659258262890683,0.25881904510252074,4.1,1.57,18.3,18.3,68.0
london,12,2026-05-20,-0.3000000000000007,20.0,20.3,408.0,155.0,1.5,1.8000000000000007,7.700000000000001,52.0,-5.0,10.1,10.200000000000001,3.7,8.9,1017.95,,0.9781476007338056,0.20791169081775945,2.2,1.45,20.3,20.3,69.0
london,12,2026-05-21,0.3999999999999986,24.0,23.6,540.0,47.0,3.3000000000000007,5.400000000000002,10.200000000000001,55.0,-9.0,14.0,9.600000000000001,2.4,9.2,1026.41,,0.9563047559630355,-0.29237170472273666,2.9,0.0,23.5,23.6,70.0
london,12,2026-05-22,-0.1999999999999993,28.0,28.2,767.0,50.0,0.8999999999999986,1.0999999999999979,13.5,48.0,-3.0,16.2,12.0,1.9,6.9,1024.72,,0.9205048534524403,-0.3907311284892738,4.1,0.0,28.5,28.2,71.0
london,12,2026-05-23,1.8000000000000007,30.0,28.2,726.0,37.0,1.3999999999999986,2.3000000000000007,8.5,51.0,0.0,17.1,11.099999999999998,3.2,9.3,1026.41,,0.788010753606722,0.6156614753256583,3.9,0.0,28.8,28.2,72.0
london,12,2026-05-24,1.6000000000000014,30.0,28.4,750.0,41.0,2.0,3.3999999999999986,13.499999999999998,53.0,-4.0,17.9,10.5,1.6,4.2,1030.48,,0.984807753012208,-0.1736481776669303,4.2,0.0,29.2,28.4,73.0
london,12,2026-05-25,-1.6000000000000014,31.0,32.6,760.0,36.0,1.6000000000000014,4.700000000000003,16.200000000000003,40.0,-8.0,17.3,15.3,2.1,7.6,1030.82,,-0.7193398003386512,-0.6946583704589973,4.2,0.0,33.2,32.6,74.0
london,12,2026-05-26,-0.8999999999999986,34.0,34.9,754.0,33.0,2.3999999999999986,3.8999999999999986,17.9,32.0,-5.0,15.8,19.099999999999998,0.6,4.0,1026.75,,-0.1045284632676535,-0.9945218953682733,4.2,0.0,34.9,34.9,75.0
london,12,2026-05-27,0.3000000000000007,25.0,24.7,767.0,37.0,0.6999999999999993,1.1999999999999993,6.599999999999998,57.0,-2.0,15.6,9.1,4.2,11.6,1026.08,,-0.9063077870366502,-0.42261826174069916,4.2,0.0,24.7,24.7,76.0
london,12,2026-05-28,3.8999999999999986,31.0,27.1,788.0,79.0,2.200000000000003,3.6000000000000014,10.600000000000001,54.0,-3.0,17.0,10.100000000000001,2.4,10.6,1021.33,,-0.374606593415912,-0.9271838545667874,4.4,0.0,27.8,27.1,77.0
london,12,2026-05-29,1.5,26.0,24.5,327.0,48.0,1.6000000000000014,1.3999999999999986,4.899999999999999,49.0,-5.0,13.1,11.4,1.4,6.4,1022.69,,0.9993908270190958,-0.034899496702500955,1.8,0.0,24.3,24.5,78.0
london,12,2026-05-30,-1.0,27.0,28.0,630.0,-80.0,-0.1999999999999993,1.6000000000000014,10.100000000000001,39.0,0.0,12.8,15.2,1.8,5.5,1018.96,,0.8910065241883679,-0.45399049973954675,3.5,0.0,27.6,28.0,79.0
london,12,2026-05-31,1.3000000000000007,24.0,22.7,430.0,-68.0,0.3000000000000007,1.5999999999999979,5.0,50.0,-3.0,11.7,11.0,3.2,8.2,1015.92,,0.984807753012208,-0.1736481776669303,2.5,0.05,22.4,22.7,80.0
london,12,2026-06-01,-1.1000000000000014,23.0,24.1,449.0,-500.0,1.7000000000000028,2.5,8.3,48.0,-5.0,12.4,11.700000000000001,2.9,9.7,1014.22,,0.9993908270190958,0.03489949670250108,2.6,0.0,23.8,24.1,81.0
london,12,2026-06-02,0.5,19.0,18.5,459.0,215.0,2.3999999999999986,2.8000000000000007,3.1999999999999993,86.0,-6.0,16.1,2.3999999999999986,2.4,4.0,1003.05,,0.984807753012208,0.17364817766693041,2.6,21.57,18.5,18.5,82.0
london,12,2026-06-03,4.0,19.0,15.0,135.0,47.0,-1.6000000000000014,-2.1000000000000014,1.5999999999999996,90.0,14.0,13.4,1.5999999999999996,2.9,6.1,1003.05,,-0.20791169081775987,0.9781476007338056,0.8,1.0,15.0,15.0,83.0
london,12,2026-06-04,-0.6000000000000014,19.0,19.6,338.0,-499.0,0.9000000000000021,1.4000000000000021,5.100000000000001,61.0,-4.0,11.9,7.700000000000001,2.9,8.2,996.28,,0.984807753012208,0.17364817766693041,1.9,0.94,19.6,19.6,84.0
london,12,2026-06-05,-0.6999999999999993,19.0,19.7,307.0,-165.0,0.5,0.6999999999999993,6.699999999999999,49.0,-1.0,8.7,11.0,2.1,6.0,1011.85,,0.981627183447664,0.19080899537654492,1.8,0.0,19.7,19.7,85.0
london,12,2026-06-06,-0.8999999999999986,17.0,17.9,630.0,-129.0,2.3999999999999986,4.199999999999999,4.799999999999999,79.0,-5.0,14.2,3.6999999999999993,3.2,10.6,1005.76,,0.6156614753256583,0.7880107536067219,3.7,2.86,17.9,17.9,86.0
london,12,2026-06-07,0.0,19.0,19.0,460.0,6.0,0.1999999999999993,0.6000000000000014,6.4,63.0,1.0,11.8,7.199999999999999,3.2,7.2,1020.32,,0.8829475928589269,0.46947156278589086,2.7,0.0,19.0,19.0,87.0
london,12,2026-06-08,-0.10000000000000142,16.0,16.1,165.0,-29.0,-0.29999999999999716,-0.09999999999999787,1.8000000000000007,85.0,1.0,13.6,2.5000000000000018,3.7,7.1,1012.87,,0.7313537016191705,0.6819983600624985,1.0,1.24,16.1,16.1,88.0
london,12,2026-06-09,4.699999999999999,19.0,14.3,854.0,642.0,-2.6999999999999993,-3.8999999999999986,3.3000000000000007,81.0,21.0,11.1,3.200000000000001,2.3,6.4,1014.22,,0.20791169081775934,0.9781476007338057,5.1,2.1,14.3,14.3,89.0
london,12,2026-06-10,-0.8999999999999986,17.0,17.9,415.0,-461.0,0.7999999999999972,3.6999999999999993,5.899999999999999,57.0,-3.0,9.3,8.599999999999998,2.6,8.4,1015.92,,0.9510565162951535,0.30901699437494745,2.5,0.0,17.9,17.9,90.0
london,12,2026-06-11,3.9000000000000004,17.0,13.1,160.0,2.0,-0.8000000000000007,-1.5999999999999996,2.5999999999999996,90.0,7.0,11.5,1.5999999999999996,2.6,4.0,1019.98,,0.20791169081775934,0.9781476007338057,1.0,1.75,13.1,13.1,91.0
london,13,2026-03-12,0.09999999999999964,12.0,11.9,124.0,62.0,0.40000000000000036,0.5999999999999996,4.2,69.0,-6.0,6.4,5.5,5.3,11.6,1011.85,,-0.2419218955996675,-0.9702957262759965,0.3,0.0,11.9,11.9,0.0
london,13,2026-03-13,2.1999999999999993,12.0,9.8,286.0,54.0,1.0,1.6000000000000014,2.8000000000000007,57.0,-6.0,1.7,8.100000000000001,3.4,8.0,1001.69,,0.6427876096865395,-0.7660444431189779,0.6,6.11,9.8,9.8,1.0
london,13,2026-03-14,0.40000000000000036,11.0,10.6,491.0,-18.0,0.1999999999999993,1.4000000000000004,7.6,50.0,-6.0,0.6,10.0,3.4,8.7,1005.08,,-0.5000000000000004,0.8660254037844384,1.1,0.0,10.6,10.6,2.0
london,13,2026-03-15,-1.0999999999999996,13.0,14.1,332.0,159.0,2.5,2.4000000000000004,9.899999999999999,53.0,-7.0,4.7,9.399999999999999,4.7,10.9,1011.51,,-0.5299192642332048,-0.8480480961564261,0.7,0.0,14.1,14.1,3.0
london,13,2026-03-16,0.3000000000000007,12.0,11.7,195.0,-64.0,0.29999999999999893,0.5999999999999996,5.999999999999999,67.0,-1.0,5.8,5.8999999999999995,4.3,10.0,1015.92,,0.12186934340514755,-0.992546151641322,0.4,0.0,11.7,11.7,4.0
london,13,2026-03-17,-0.09999999999999964,15.0,15.1,502.0,111.0,2.4000000000000004,4.199999999999999,4.799999999999999,65.0,-7.0,8.6,6.5,6.1,11.6,1015.92,,-0.34202014332566866,-0.9396926207859084,1.3,0.0,15.1,15.1,5.0
london,13,2026-03-18,-0.6000000000000014,18.0,18.6,492.0,0.0,0.6000000000000014,2.200000000000003,12.600000000000001,48.0,-2.0,7.4,11.200000000000001,2.1,5.8,1021.33,,0.6819983600624985,-0.7313537016191705,1.3,0.0,18.6,18.6,6.0
london,13,2026-03-19,-1.3999999999999986,16.0,17.4,470.0,-6.0,1.0999999999999979,2.9999999999999982,14.999999999999998,47.0,-5.0,6.0,11.399999999999999,3.4,8.2,1026.75,,-0.9998476951563913,0.01745240643728313,1.2,0.0,17.4,17.4,7.0
london,13,2026-03-20,1.0999999999999996,14.0,12.9,374.0,-21.0,0.8000000000000007,1.8000000000000007,10.2,63.0,-4.0,6.0,6.9,3.2,8.0,1022.69,,-0.898794046299167,0.4383711467890774,1.0,0.0,12.9,12.9,8.0
london,13,2026-03-21,0.5,13.0,12.5,532.0,7.0,2.9000000000000004,4.7,9.8,47.0,-18.0,1.5,11.0,2.7,5.6,1019.98,,-0.9975640502598243,0.06975647374412522,2.1,0.0,12.5,12.5,9.0
london,13,2026-03-22,0.3000000000000007,13.0,12.7,543.0,-84.0,1.299999999999999,2.299999999999999,9.2,62.0,-5.0,5.6,7.1,2.6,6.8,1016.26,,-0.7071067811865477,0.7071067811865474,2.1,0.0,12.7,12.7,10.0
london,13,2026-03-23,0.3000000000000007,15.0,14.7,455.0,72.0,1.6999999999999993,3.3999999999999986,11.6,63.0,-5.0,7.7,6.999999999999999,1.9,7.4,1021.0,,-0.12186934340514723,0.9925461516413221,1.8,0.0,14.7,14.7,11.0
london,13,2026-03-24,-0.5,13.0,13.5,132.0,-76.0,0.0,1.0,3.5999999999999996,75.0,1.0,9.2,4.300000000000001,3.2,9.2,1013.88,,-0.6293203910498376,-0.7771459614569708,0.5,0.0,13.5,13.5,12.0
london,13,2026-03-25,0.3000000000000007,10.0,9.7,171.0,-464.0,1.5999999999999996,2.8999999999999995,2.0999999999999996,52.0,-10.0,0.3,9.399999999999999,5.5,14.3,1009.14,,0.7071067811865476,0.7071067811865476,0.7,0.11,9.7,9.3,13.0
london,13,2026-03-26,-0.40000000000000036,10.0,10.4,565.0,20.0,0.5,1.700000000000001,6.6000000000000005,39.0,-6.0,-3.0,13.4,3.4,7.9,1022.69,,-0.9998476951563913,0.01745240643728313,2.2,0.0,10.4,10.4,14.0
london,13,2026-03-27,-1.0999999999999996,12.0,13.1,190.0,-45.0,0.09999999999999964,0.5999999999999996,5.8,71.0,1.0,8.0,5.1,2.7,9.2,1019.3,,-0.3090169943749473,-0.9510565162951536,0.7,0.0,13.1,13.1,15.0
london,13,2026-03-28,0.6999999999999993,11.0,10.3,596.0,,,0.9000000000000004,4.800000000000001,47.0,,-0.5,10.8,5.8,15.4,1024.38,,0.766044443118978,0.6427876096865394,2.4,0.0,10.3,10.3,16.0
london,13,2026-03-29,-0.1999999999999993,11.0,11.2,194.0,-77.0,0.5999999999999996,1.6999999999999993,8.399999999999999,54.0,-3.0,2.2,9.0,3.4,10.5,1028.45,,0.7547095802227721,-0.6560590289905072,0.8,0.0,11.2,11.2,17.0
london,13,2026-03-30,-0.09999999999999964,12.0,12.1,254.0,-109.0,0.7999999999999989,0.7999999999999989,4.199999999999999,59.0,-1.0,4.3,7.8,7.9,17.1,1023.37,,0.8746197071393957,0.4848096202463371,1.0,0.0,12.1,12.1,18.0
london,13,2026-03-31,1.5,16.0,14.5,304.0,183.0,1.5,1.6999999999999993,4.9,72.0,-4.0,9.5,5.0,2.9,8.9,1030.48,,0.6156614753256583,0.7880107536067219,1.3,0.0,14.5,14.5,19.0
london,13,2026-04-01,-0.5999999999999996,14.0,14.6,253.0,-61.0,0.09999999999999964,0.9000000000000004,6.1,53.0,-2.0,5.1,9.5,2.7,8.2,1024.04,,0.42261826174069944,0.9063077870366499,1.0,0.0,14.6,14.6,20.0
london,13,2026-04-02,1.6999999999999993,12.0,10.3,249.0,27.0,2.0,1.9000000000000004,3.000000000000001,59.0,-12.0,2.6,7.700000000000001,2.6,8.4,1021.67,,0.5150380749100542,0.8571673007021123,1.0,0.0,10.3,10.3,21.0
london,13,2026-04-03,2.1999999999999993,16.0,13.8,140.0,47.0,0.10000000000000142,0.10000000000000142,4.600000000000001,83.0,3.0,11.0,2.8000000000000007,2.3,6.9,1010.5,,-0.052335956242943564,-0.9986295347545738,0.6,0.03,13.8,13.8,22.0
london,13,2026-04-04,-0.09999999999999964,15.0,15.1,148.0,-446.0,-0.8000000000000007,0.9000000000000004,7.0,72.0,0.0,10.1,5.0,3.2,9.7,1015.92,,0.838670567945424,0.5446390350150271,0.6,0.0,15.1,15.1,23.0
london,13,2026-04-05,0.9000000000000004,14.0,13.1,97.0,-497.0,-1.5,0.1999999999999993,3.6999999999999993,47.0,-2.0,2.0,11.1,6.0,13.7,1017.27,,0.8829475928589269,0.46947156278589086,0.4,0.0,13.1,13.1,24.0
london,13,2026-04-06,-0.8999999999999986,16.0,16.9,542.0,-13.0,0.5999999999999979,1.4999999999999982,13.999999999999998,37.0,-3.0,2.1,14.799999999999999,2.1,6.8,1027.09,,0.3255681544571567,0.9455185755993168,2.3,0.0,16.9,16.9,25.0
london,13,2026-04-07,-0.10000000000000142,18.0,18.1,554.0,-6.0,1.0,1.8000000000000007,11.900000000000002,49.0,-4.0,7.2,10.900000000000002,4.5,11.9,1023.03,,0.7771459614569709,0.6293203910498375,2.4,0.0,18.1,18.1,26.0
london,13,2026-04-09,-0.8999999999999986,22.0,22.9,490.0,177.0,-0.10000000000000142,1.2999999999999972,10.099999999999998,50.0,-2.0,11.9,10.999999999999998,4.5,8.5,1016.26,,0.9961946980917455,0.08715574274765814,2.1,0.0,22.5,22.9,28.0
london,13,2026-04-10,0.0,14.0,14.0,463.0,135.0,1.0999999999999996,2.0,6.6,44.0,-3.0,1.9,12.1,3.5,8.5,1019.64,,-0.6946583704589973,-0.7193398003386511,2.0,0.0,14.0,14.0,29.0
london,13,2026-04-11,0.9000000000000004,14.0,13.1,228.0,98.0,2.4000000000000004,3.6999999999999993,2.5,49.0,-14.0,2.6,10.5,3.2,8.7,1005.76,,0.3583679495453002,-0.9335804264972017,1.0,0.0,13.1,13.1,30.0
london,13,2026-04-12,-1.1000000000000014,15.0,16.1,337.0,191.0,1.5000000000000018,0.8000000000000007,7.500000000000002,49.0,-2.0,5.4,10.700000000000001,3.7,11.9,1010.16,,0.981627183447664,0.19080899537654492,1.5,0.18,16.1,16.1,31.0
london,13,2026-04-14,-1.3999999999999986,17.0,18.4,608.0,82.0,0.3999999999999986,1.5,15.099999999999998,46.0,-3.0,6.6,11.799999999999999,3.1,7.6,1017.95,,0.9986295347545738,0.052335956242943966,2.6,0.0,18.4,18.4,33.0
london,13,2026-04-15,0.8999999999999986,17.0,16.1,255.0,-166.0,-1.1999999999999993,0.20000000000000107,2.8000000000000007,85.0,13.0,13.6,2.5000000000000018,2.1,7.4,1015.24,,0.8660254037844386,0.5000000000000001,1.1,0.0,16.1,16.1,34.0
london,13,2026-04-16,-1.3999999999999986,18.0,19.4,639.0,376.0,2.8999999999999986,3.4999999999999982,8.299999999999999,53.0,-7.0,9.6,9.799999999999999,2.9,9.3,1019.64,,0.981627183447664,0.19080899537654492,2.7,0.0,19.4,19.4,35.0
london,13,2026-04-17,-0.1999999999999993,18.0,18.2,275.0,-82.0,-0.3000000000000007,1.5999999999999979,6.899999999999999,55.0,-2.0,9.0,9.2,2.6,7.1,1019.3,,0.9455185755993167,0.32556815445715676,1.2,0.0,18.2,18.2,36.0
london,13,2026-04-18,-0.3000000000000007,16.0,16.3,128.0,-469.0,-0.3000000000000007,1.0,5.800000000000001,47.0,-5.0,5.0,11.3,3.4,7.4,1021.33,,0.6156614753256583,0.7880107536067219,0.6,0.21,16.3,16.3,37.0
london,13,2026-04-19,-0.5,15.0,15.5,648.0,12.0,0.0,0.9000000000000004,8.3,43.0,2.0,3.0,12.5,2.7,7.9,1025.74,,0.29237170472273677,0.9563047559630354,2.9,0.0,15.5,15.5,38.0
london,13,2026-04-20,-0.5999999999999996,13.0,13.6,287.0,110.0,1.5,1.0,8.8,51.0,-3.0,3.6,10.0,3.9,8.0,1024.04,,-0.981627183447664,-0.1908089953765446,1.3,0.0,13.6,13.6,39.0
london,13,2026-04-21,0.8000000000000007,14.0,13.2,234.0,-217.0,-0.6000000000000014,-0.40000000000000036,5.8999999999999995,59.0,5.0,5.4,7.799999999999999,5.5,12.4,1025.06,,-0.7771459614569706,-0.6293203910498378,1.0,0.0,13.2,13.2,40.0
london,13,2026-04-22,-1.5,15.0,16.5,622.0,-10.0,0.3999999999999986,0.6999999999999993,10.3,42.0,-2.0,3.5,13.0,5.1,13.0,1025.74,,-0.9743700647852352,0.22495105434386492,2.8,0.0,16.5,16.5,41.0
london,13,2026-04-23,0.1999999999999993,18.0,17.8,627.0,-3.0,1.1999999999999993,2.1000000000000014,11.200000000000001,51.0,-7.0,7.5,10.3,4.2,12.9,1030.82,,-0.08715574274765832,0.9961946980917455,3.0,0.0,17.8,17.8,42.0
london,13,2026-04-24,-0.8000000000000007,18.0,18.8,641.0,-13.0,1.6999999999999993,4.200000000000001,13.200000000000001,37.0,-6.0,3.8,15.0,1.6,5.0,1026.08,,0.6018150231520483,0.7986355100472928,3.0,0.0,18.8,18.8,43.0
london,13,2026-04-25,1.5,21.0,19.5,609.0,-52.0,1.6000000000000014,4.699999999999999,14.0,25.0,-11.0,-1.1,20.6,1.6,6.6,1021.67,,0.9902680687415704,0.13917310096006547,2.9,0.0,19.5,19.5,44.0
london,13,2026-04-26,-1.3000000000000007,17.0,18.3,529.0,-60.0,1.0,2.700000000000001,9.700000000000001,50.0,-5.0,7.7,10.600000000000001,3.4,11.7,1025.4,,-0.45399049973954697,0.8910065241883678,2.5,0.0,18.3,18.3,45.0
london,13,2026-04-27,0.10000000000000142,21.0,20.9,659.0,16.0,0.3999999999999986,0.8999999999999986,14.399999999999999,40.0,-4.0,6.8,14.099999999999998,2.6,9.2,1024.04,,0.49999999999999994,0.8660254037844387,3.1,0.0,20.9,20.9,46.0
london,13,2026-04-28,0.09999999999999964,16.0,15.9,205.0,-490.0,3.3000000000000007,5.1,6.5,52.0,-16.0,6.1,9.8,4.0,12.2,1024.38,,-0.3255681544571567,0.9455185755993168,1.0,0.0,15.9,15.9,47.0
london,13,2026-04-29,-1.1000000000000014,16.0,17.1,670.0,-11.0,0.40000000000000213,0.8000000000000007,7.900000000000002,37.0,0.0,2.3,14.8,6.3,14.3,1024.72,,-0.7660444431189781,0.6427876096865393,3.2,0.0,17.1,17.1,48.0
london,13,2026-04-30,1.0,19.0,18.0,673.0,-15.0,0.0,0.5,8.4,47.0,2.0,6.5,11.5,5.0,13.4,1022.69,,-0.6427876096865393,-0.766044443118978,3.4,0.0,18.0,18.0,49.0
london,13,2026-05-01,-0.8000000000000007,24.0,24.8,650.0,-9.0,1.5,2.8000000000000007,18.6,35.0,-1.0,8.3,16.5,3.1,8.7,1019.64,,0.6156614753256584,-0.7880107536067219,3.3,0.0,24.2,24.8,50.0
london,13,2026-05-02,0.6000000000000014,23.0,22.4,667.0,38.0,1.0,3.5,11.599999999999998,43.0,-6.0,9.2,13.2,3.4,8.9,1015.92,,0.9612616959383189,0.27563735581699916,3.4,0.0,21.8,22.4,51.0
london,13,2026-05-03,-1.0,20.0,21.0,588.0,110.0,0.3999999999999986,1.6000000000000014,7.1,56.0,0.0,11.9,9.1,3.1,7.9,1009.82,,0.9975640502598242,0.06975647374412523,3.0,0.0,21.0,21.0,52.0
london,13,2026-05-04,-0.5999999999999996,15.0,15.6,213.0,83.0,1.0999999999999996,1.0999999999999996,2.6999999999999993,74.0,-4.0,11.0,4.6,2.4,4.8,1014.56,,0.01745240643728351,0.9998476951563913,1.1,0.0,15.6,15.6,53.0
london,13,2026-05-05,-2.3000000000000007,16.0,18.3,277.0,-91.0,1.3000000000000007,2.1000000000000014,7.4,47.0,-6.0,6.8,11.5,2.7,7.2,1012.19,,0.42261826174069944,0.9063077870366499,1.4,0.0,18.3,18.3,54.0
london,13,2026-05-06,-2.0999999999999996,13.0,15.1,316.0,-31.0,0.9000000000000004,1.6999999999999993,6.5,54.0,-2.0,5.9,9.2,3.4,8.0,1012.87,,-0.034899496702500823,0.9993908270190958,1.6,0.0,15.1,15.1,55.0
london,13,2026-05-07,-1.0,14.0,15.0,227.0,3.0,0.9000000000000004,1.0999999999999996,5.699999999999999,56.0,-6.0,6.3,8.7,1.8,8.4,1016.26,,-0.9396926207859084,-0.34202014332566855,1.2,0.0,15.0,15.0,56.0
london,13,2026-05-08,0.10000000000000142,18.0,17.9,232.0,-205.0,-0.3000000000000007,-0.3000000000000007,10.599999999999998,51.0,5.0,7.6,10.299999999999999,1.0,6.6,1016.93,,0.052335956242943835,0.9986295347545738,1.2,0.0,17.9,17.9,57.0
london,13,2026-05-09,-1.1999999999999993,20.0,21.2,531.0,5.0,0.5,1.1999999999999993,13.799999999999999,41.0,-3.0,7.4,13.799999999999999,2.9,8.0,1017.27,,0.8090169943749475,0.5877852522924731,2.7,0.0,20.5,21.2,58.0
london,13,2026-05-10,0.40000000000000036,13.0,12.6,193.0,-24.0,-0.20000000000000107,-0.3000000000000007,2.799999999999999,68.0,2.0,6.8,5.8,3.1,7.1,1016.59,,-0.945518575599317,0.3255681544571563,1.0,0.0,12.6,12.6,59.0
london,13,2026-05-11,2.9000000000000004,12.0,9.1,130.0,44.0,-1.9000000000000004,-1.8000000000000007,5.699999999999999,83.0,14.0,6.4,2.6999999999999993,3.9,9.3,1011.51,,-0.9135454576426011,0.40673664307579976,0.7,0.84,9.1,9.1,60.0
london,13,2026-05-12,-1.8999999999999986,17.0,18.9,827.0,96.0,2.0,3.3999999999999986,16.299999999999997,40.0,-1.0,5.0,13.899999999999999,3.4,8.9,1013.55,,0.9659258262890683,0.25881904510252074,4.2,0.0,18.9,18.9,61.0
london,13,2026-05-13,0.09999999999999964,13.0,12.9,878.0,341.0,-0.6999999999999993,3.0,2.8000000000000007,74.0,10.0,8.4,4.5,1.6,5.0,1001.69,,-0.754709580222772,-0.6560590289905073,4.5,2.87,12.9,12.9,62.0
london,13,2026-05-14,2.4000000000000004,12.0,9.6,78.0,-259.0,-0.9000000000000004,-1.700000000000001,1.299999999999999,73.0,5.0,5.0,4.6,1.6,3.9,1001.69,,-0.9702957262759966,0.24192189559966742,0.4,0.5,9.6,9.6,63.0
london,13,2026-05-15,0.5999999999999996,14.0,13.4,223.0,77.0,0.09999999999999964,2.200000000000001,6.5,55.0,1.0,4.5,8.9,2.1,5.6,1007.11,,0.3255681544571566,-0.9455185755993168,1.2,0.0,13.4,13.4,64.0
london,13,2026-05-16,-0.5999999999999996,15.0,15.6,298.0,-637.0,0.29999999999999893,1.0999999999999996,8.899999999999999,50.0,-1.0,5.2,10.399999999999999,2.3,5.8,1008.47,,0.6946583704589973,0.7193398003386512,1.6,0.0,15.6,15.6,65.0
london,13,2026-05-17,-1.1999999999999993,18.0,19.2,945.0,726.0,3.799999999999999,3.1999999999999993,8.399999999999999,46.0,-13.0,7.3,11.899999999999999,2.6,9.8,1010.84,,0.8829475928589269,0.46947156278589086,4.9,1.07,19.2,19.2,66.0
london,13,2026-05-18,0.8000000000000007,16.0,15.2,217.0,-246.0,-0.7000000000000011,-0.40000000000000036,6.0,56.0,2.0,6.5,8.7,2.1,5.3,1011.85,,0.35836794954530027,0.9335804264972017,1.1,0.0,15.2,15.2,67.0
london,13,2026-05-19,-2.0,18.0,20.0,279.0,-471.0,1.6999999999999993,4.4,8.2,61.0,-9.0,12.3,7.699999999999999,4.8,12.1,1008.13,,0.9510565162951535,0.30901699437494745,1.5,1.57,20.0,20.0,68.0
london,13,2026-05-20,-0.10000000000000142,20.0,20.1,937.0,529.0,-0.1999999999999993,1.3000000000000007,7.500000000000002,54.0,2.0,10.5,9.600000000000001,4.8,9.8,1018.63,,0.9271838545667874,0.37460659341591196,5.1,1.45,20.1,20.1,69.0
london,13,2026-05-21,-0.10000000000000142,24.0,24.1,807.0,267.0,0.5,3.8000000000000007,10.700000000000001,55.0,0.0,14.5,9.600000000000001,2.9,7.4,1026.08,,0.9135454576426009,-0.40673664307580026,4.4,0.0,24.0,24.1,70.0
london,13,2026-05-22,-0.8999999999999986,28.0,28.9,759.0,-8.0,0.6999999999999993,1.5999999999999979,14.2,46.0,-2.0,16.1,12.799999999999997,2.3,7.2,1024.38,,0.48480962024633717,-0.8746197071393957,4.1,0.0,29.1,28.9,71.0
london,13,2026-05-23,0.10000000000000142,30.0,29.9,712.0,-14.0,1.6999999999999993,3.099999999999998,10.2,46.0,-5.0,17.0,12.899999999999999,0.6,4.5,1026.41,,0.9563047559630355,-0.29237170472273666,3.9,0.0,30.3,29.9,72.0
london,13,2026-05-24,0.6999999999999993,30.0,29.3,744.0,-6.0,0.9000000000000021,2.900000000000002,14.4,46.0,-7.0,16.5,12.8,1.1,4.8,1030.48,,0.8480480961564261,-0.5299192642332048,4.1,0.0,29.5,29.3,73.0
london,13,2026-05-25,-1.7000000000000028,31.0,32.7,745.0,-15.0,0.10000000000000142,1.7000000000000028,16.300000000000004,40.0,0.0,17.3,15.400000000000002,1.8,6.0,1030.48,,-0.2588190451025208,-0.9659258262890683,4.1,0.0,33.4,32.7,74.0
london,13,2026-05-26,-1.7999999999999972,34.0,35.8,744.0,-10.0,0.8999999999999986,3.299999999999997,18.799999999999997,30.0,-2.0,15.5,20.299999999999997,0.8,5.0,1025.74,,0.6560590289905073,-0.754709580222772,4.1,0.0,35.8,35.8,75.0
london,13,2026-05-27,-0.3000000000000007,25.0,25.3,755.0,-12.0,0.6000000000000014,1.3000000000000007,7.199999999999999,54.0,-3.0,15.3,10.0,3.4,13.8,1025.74,,0.01745240643728344,-0.9998476951563913,4.2,0.0,25.3,25.3,76.0
london,13,2026-05-28,1.3999999999999986,31.0,29.6,664.0,-124.0,2.5,4.700000000000003,13.100000000000001,50.0,-4.0,18.1,11.5,2.7,9.7,1020.66,,-0.22495105434386498,-0.9743700647852352,3.7,0.0,30.5,29.6,77.0
london,13,2026-05-29,1.3000000000000007,26.0,24.7,364.0,37.0,0.1999999999999993,1.8000000000000007,5.099999999999998,43.0,-6.0,11.3,13.399999999999999,1.6,5.5,1022.01,,0.9876883405951378,0.15643446504023092,2.0,0.0,24.4,24.7,78.0
london,13,2026-05-30,-2.1999999999999993,27.0,29.2,676.0,46.0,1.1999999999999993,1.0,11.3,39.0,0.0,13.8,15.399999999999999,1.4,6.0,1018.63,,0.8571673007021123,0.5150380749100542,3.7,0.0,28.7,29.2,79.0
london,13,2026-05-31,0.3999999999999986,24.0,23.6,435.0,5.0,0.9000000000000021,1.2000000000000028,5.900000000000002,46.0,-4.0,11.3,12.3,3.9,10.0,1015.58,,0.9659258262890683,0.25881904510252074,2.5,0.05,23.2,23.6,80.0
london,13,2026-06-01,-1.6000000000000014,23.0,24.6,412.0,-37.0,0.5,2.200000000000003,8.8,45.0,-3.0,11.9,12.700000000000001,2.9,7.9,1013.88,,0.9961946980917455,-0.08715574274765824,2.4,0.0,24.3,24.6,81.0
london,13,2026-06-02,-2.8000000000000007,19.0,21.8,238.0,-221.0,3.3000000000000007,5.699999999999999,6.5,69.0,-17.0,15.9,5.9,1.8,6.1,1002.37,,0.9961946980917455,0.08715574274765814,1.4,21.57,21.8,21.8,82.0
london,13,2026-06-03,4.0,19.0,15.0,237.0,102.0,0.0,-1.6000000000000014,1.5999999999999996,91.0,1.0,13.5,1.5,3.9,10.0,1001.69,,0.10452846326765347,0.9945218953682733,1.4,1.48,15.0,15.0,83.0
london,13,2026-06-04,3.0,19.0,16.0,399.0,61.0,-3.6000000000000014,-2.6999999999999993,1.5,81.0,20.0,12.7,3.3000000000000007,3.1,10.6,997.63,,0.39073112848927377,0.9205048534524404,2.3,5.95,16.0,16.0,84.0
london,13,2026-06-05,0.6000000000000014,19.0,18.4,395.0,88.0,-1.3000000000000007,-0.8000000000000007,5.399999999999999,52.0,3.0,8.4,9.999999999999998,2.1,6.3,1012.19,,0.981627183447664,0.19080899537654492,2.3,0.0,18.4,18.4,85.0
london,13,2026-06-06,-0.6000000000000014,17.0,17.6,864.0,234.0,-0.29999999999999716,2.1000000000000014,4.500000000000002,76.0,-3.0,13.3,4.300000000000001,3.7,10.5,1006.1,,0.6560590289905073,0.754709580222772,5.1,2.97,17.6,17.6,86.0
london,13,2026-06-07,-0.6000000000000014,19.0,19.6,334.0,-126.0,0.6000000000000014,0.8000000000000007,7.000000000000002,62.0,-1.0,12.1,7.500000000000002,3.4,8.5,1020.32,,0.9396926207859083,0.3420201433256688,2.0,0.0,19.6,19.6,87.0
london,13,2026-06-08,-0.10000000000000142,16.0,16.1,225.0,60.0,0.0,-0.29999999999999716,1.8000000000000007,82.0,-3.0,13.0,3.1000000000000014,1.4,9.0,1012.53,,0.6819983600624985,0.7313537016191705,1.3,1.24,16.1,16.1,88.0
london,13,2026-06-09,0.8000000000000007,19.0,18.2,834.0,-20.0,3.8999999999999986,1.1999999999999993,7.199999999999999,59.0,-22.0,10.1,8.1,4.2,9.0,1013.88,,0.9563047559630354,0.29237170472273677,5.0,2.1,18.2,18.2,89.0
london,13,2026-06-11,4.199999999999999,17.0,12.8,137.0,-23.0,-0.29999999999999893,-1.0999999999999996,2.3000000000000007,91.0,1.0,11.4,1.4000000000000004,1.6,4.3,1019.64,,-0.9961946980917455,-0.08715574274765825,0.8,2.44,12.8,12.8,91.0
london,15,2026-03-12,0.1999999999999993,12.0,11.8,109.0,3.0,-0.29999999999999893,-0.09999999999999964,4.1000000000000005,74.0,3.0,7.3,4.500000000000001,5.5,16.6,1010.16,,0.4694715627858907,-0.882947592858927,0.2,0.0,11.8,11.8,0.0
london,15,2026-03-13,2.0999999999999996,12.0,9.9,172.0,-165.0,0.09999999999999964,0.09999999999999964,2.9000000000000004,51.0,-3.0,0.2,9.700000000000001,5.6,12.7,1000.34,,0.6560590289905073,0.754709580222772,0.4,6.11,9.9,9.5,1.0
london,15,2026-03-14,-0.1999999999999993,11.0,11.2,73.0,-311.0,0.5999999999999996,0.5999999999999996,8.2,49.0,-2.0,0.9,10.299999999999999,5.0,10.6,1005.42,,0.6427876096865393,0.766044443118978,0.2,0.0,11.2,11.2,2.0
london,15,2026-03-15,0.5,13.0,12.5,176.0,20.0,-0.5999999999999996,-1.5999999999999996,8.3,60.0,6.0,4.9,7.6,4.3,11.1,1009.82,,-0.34202014332566866,-0.9396926207859084,0.4,0.0,12.5,12.5,3.0
london,15,2026-03-16,-0.5999999999999996,12.0,12.6,124.0,-100.0,-0.20000000000000107,0.9000000000000004,6.8999999999999995,62.0,-1.0,5.5,7.1,3.1,6.9,1015.92,,-0.45399049973954664,-0.8910065241883679,0.3,0.0,12.6,12.6,4.0
london,15,2026-03-17,-0.40000000000000036,15.0,15.4,59.0,-397.0,-0.7999999999999989,0.3000000000000007,5.1,60.0,1.0,7.7,7.7,2.7,7.7,1014.9,,0.0697564737441253,0.9975640502598242,0.2,0.0,15.4,15.4,5.0
london,15,2026-03-18,0.6000000000000014,18.0,17.4,51.0,-392.0,-1.2000000000000028,-1.2000000000000028,11.399999999999999,51.0,6.0,7.2,10.2,4.0,10.6,1020.66,,-0.9986295347545738,-0.052335956242944306,0.1,0.0,17.4,17.4,6.0
london,15,2026-03-19,-0.1999999999999993,16.0,16.2,69.0,-356.0,-0.9000000000000021,-1.1999999999999993,13.799999999999999,40.0,-1.0,2.6,13.6,3.7,8.5,1025.06,,-0.9455185755993168,-0.32556815445715664,0.2,0.0,16.2,16.2,7.0
london,15,2026-03-20,0.09999999999999964,14.0,13.9,146.0,-229.0,0.3000000000000007,1.0,11.2,56.0,-2.0,5.3,8.600000000000001,3.2,7.7,1021.33,,-0.9396926207859084,-0.34202014332566855,0.4,0.0,13.9,13.9,8.0
london,15,2026-03-21,0.8000000000000007,13.0,12.2,48.0,-431.0,-1.3000000000000007,-0.3000000000000007,9.5,43.0,0.0,0.0,12.2,4.7,10.6,1017.95,,-0.6691306063588582,-0.7431448254773942,0.2,0.0,12.2,12.2,9.0
london,15,2026-03-22,-0.3000000000000007,13.0,13.3,139.0,-184.0,-1.299999999999999,0.6000000000000014,9.8,54.0,-2.0,4.2,9.100000000000001,2.3,7.2,1015.24,,-0.45399049973954697,0.8910065241883678,0.6,0.0,13.3,13.3,10.0
london,15,2026-03-23,-0.9000000000000004,15.0,15.9,155.0,-237.0,0.09999999999999964,1.200000000000001,12.8,54.0,-3.0,6.6,9.3,1.8,9.3,1019.98,,0.6427876096865393,0.766044443118978,0.6,0.0,15.9,15.9,11.0
london,15,2026-03-24,-0.9000000000000004,13.0,13.9,162.0,-69.0,0.40000000000000036,0.40000000000000036,4.0,72.0,-3.0,8.9,5.0,2.6,9.5,1011.85,,0.6156614753256584,-0.7880107536067219,0.6,0.0,13.9,13.9,12.0
london,15,2026-03-25,1.3000000000000007,10.0,8.7,215.0,-333.0,-0.9000000000000004,-1.0,1.0999999999999996,53.0,5.0,-0.4,9.1,4.3,12.6,1009.82,,-0.8191520442889918,0.573576436351046,0.8,0.11,8.7,8.7,13.0
london,15,2026-03-26,-0.5999999999999996,10.0,10.6,61.0,-437.0,0.1999999999999993,0.1999999999999993,6.8,37.0,0.0,-3.5,14.1,3.1,8.2,1022.01,,0.5150380749100542,0.8571673007021123,0.2,0.0,10.6,10.6,14.0
london,15,2026-03-27,-0.5999999999999996,12.0,12.6,149.0,56.0,-0.3000000000000007,-0.5,5.3,81.0,6.0,9.4,3.1999999999999993,1.8,6.6,1017.95,,-0.7880107536067221,-0.6156614753256581,0.6,0.0,12.6,12.6,15.0
london,15,2026-03-29,0.09999999999999964,11.0,10.9,87.0,-46.0,-0.40000000000000036,-0.29999999999999893,8.100000000000001,60.0,4.0,3.4,7.5,3.5,8.9,1025.74,,0.6018150231520482,-0.7986355100472929,0.4,0.0,10.9,10.9,17.0
london,15,2026-03-30,-0.09999999999999964,12.0,12.1,178.0,45.0,0.0,0.0,4.199999999999999,54.0,-2.0,3.1,9.0,6.3,13.4,1024.04,,0.7313537016191705,0.6819983600624985,0.7,0.0,12.1,12.1,18.0
london,15,2026-03-31,-0.3000000000000007,16.0,16.3,227.0,33.0,0.5,1.8000000000000007,6.700000000000001,66.0,-1.0,9.9,6.4,1.9,5.0,1029.46,,-0.06975647374412564,0.9975640502598242,0.9,0.0,16.3,16.3,19.0
london,15,2026-04-01,-0.3000000000000007,14.0,14.3,204.0,-67.0,-0.1999999999999993,-0.29999999999999893,5.800000000000001,53.0,-1.0,4.8,9.5,2.3,5.0,1022.69,,-0.5591929034707466,0.8290375725550418,0.8,0.0,14.3,14.3,20.0
london,15,2026-04-02,0.5,12.0,11.5,76.0,-129.0,0.1999999999999993,1.1999999999999993,4.2,52.0,-2.0,2.0,9.5,2.4,6.0,1020.66,,-0.8987940462991668,-0.43837114678907774,0.3,0.0,11.5,11.5,21.0
london,15,2026-04-03,0.40000000000000036,16.0,15.6,151.0,-138.0,-0.3000000000000007,1.799999999999999,6.4,73.0,-1.0,10.8,4.799999999999999,4.0,9.2,1009.48,,0.8829475928589269,0.46947156278589086,0.7,0.03,15.6,15.6,22.0
london,15,2026-04-04,0.40000000000000036,15.0,14.6,187.0,-123.0,0.40000000000000036,-0.5,6.5,66.0,-6.0,8.3,6.299999999999999,2.4,9.2,1014.56,,-0.5000000000000004,0.8660254037844384,0.8,0.0,14.6,14.6,23.0
london,15,2026-04-05,-0.1999999999999993,14.0,14.2,103.0,-448.0,-0.9000000000000004,1.0999999999999996,4.799999999999999,40.0,1.0,0.8,13.399999999999999,6.4,15.4,1018.63,,0.9702957262759965,0.24192189559966767,0.4,0.0,14.2,14.2,24.0
london,15,2026-04-06,-0.1999999999999993,16.0,16.2,59.0,-437.0,-1.1999999999999993,-0.6999999999999993,13.299999999999999,39.0,3.0,2.2,14.0,2.6,7.2,1025.06,,-0.2588190451025208,-0.9659258262890683,0.3,0.0,16.2,16.2,25.0
london,15,2026-04-07,0.0,18.0,18.0,49.0,-454.0,-0.8000000000000007,-0.10000000000000142,11.8,43.0,-2.0,5.2,12.8,4.5,11.9,1022.01,,-0.4226182617406992,0.90630778703665,0.2,0.0,18.0,18.0,26.0
london,15,2026-04-09,1.3000000000000007,22.0,20.7,186.0,-88.0,-2.6000000000000014,-2.1999999999999993,7.899999999999999,57.0,9.0,11.9,8.799999999999999,7.7,14.2,1015.24,,0.9205048534524404,0.3907311284892737,0.8,0.0,20.7,20.7,28.0
london,15,2026-04-10,-0.8000000000000007,14.0,14.8,125.0,-333.0,-0.5,0.8000000000000007,7.4,41.0,1.0,1.7,13.100000000000001,2.6,7.6,1016.93,,-0.6819983600624984,-0.7313537016191706,0.5,0.0,14.8,14.8,29.0
london,15,2026-04-11,-0.3000000000000007,14.0,14.3,152.0,-12.0,0.8000000000000007,1.200000000000001,3.700000000000001,37.0,-4.0,-0.2,14.5,2.9,8.7,1006.1,,0.8829475928589269,0.46947156278589086,0.7,0.0,14.3,14.3,30.0
london,15,2026-04-12,-1.1999999999999993,15.0,16.2,76.0,-107.0,0.8999999999999986,0.09999999999999787,7.6,47.0,0.0,4.9,11.299999999999999,2.9,11.1,1009.48,,0.766044443118978,0.6427876096865394,0.3,0.18,16.2,16.2,31.0
london,15,2026-04-13,0.09999999999999964,13.0,12.9,231.0,180.0,0.5,-3.200000000000001,9.0,62.0,-7.0,5.8,7.1000000000000005,2.7,6.1,1013.55,,-0.6293203910498376,-0.7771459614569708,1.0,0.59,12.9,12.9,32.0
london,15,2026-04-14,-0.1999999999999993,17.0,17.2,91.0,-205.0,0.0,-1.1999999999999993,13.899999999999999,46.0,-1.0,5.5,11.7,3.1,9.3,1017.61,,0.39073112848927377,0.9205048534524404,0.4,0.0,17.2,17.2,33.0
london,15,2026-04-15,-1.1999999999999993,17.0,18.2,200.0,114.0,0.6999999999999993,2.099999999999998,4.899999999999999,61.0,-10.0,10.6,7.6,2.7,9.3,1014.9,,0.984807753012208,-0.1736481776669303,0.9,0.0,18.2,18.2,34.0
london,15,2026-04-16,-0.1999999999999993,18.0,18.2,194.0,43.0,0.8000000000000007,-1.1999999999999993,7.1,56.0,-1.0,9.3,8.899999999999999,1.4,5.1,1018.96,,0.9743700647852352,0.22495105434386492,0.9,0.0,18.2,18.2,35.0
london,15,2026-04-17,0.1999999999999993,18.0,17.8,215.0,47.0,-0.1999999999999993,-0.3999999999999986,6.5,53.0,0.0,8.1,9.700000000000001,2.9,8.2,1018.96,,0.8660254037844386,0.5000000000000001,1.0,0.0,17.8,17.8,36.0
london,15,2026-04-18,-2.3999999999999986,16.0,18.4,154.0,49.0,1.2999999999999972,2.099999999999998,7.899999999999999,40.0,-5.0,4.6,13.799999999999999,2.7,7.6,1021.0,,0.8090169943749475,0.5877852522924731,0.7,0.21,18.4,18.4,37.0
london,15,2026-04-19,-1.3999999999999986,15.0,16.4,205.0,-373.0,0.4999999999999982,0.8999999999999986,9.2,38.0,1.0,2.0,14.399999999999999,3.7,12.2,1024.38,,0.374606593415912,0.9271838545667874,0.9,0.0,16.4,16.4,38.0
london,15,2026-04-20,0.3000000000000007,13.0,12.7,235.0,165.0,-1.1000000000000014,-0.9000000000000004,7.8999999999999995,54.0,4.0,3.6,9.1,3.7,10.3,1023.37,,-0.9876883405951377,-0.15643446504023104,1.0,0.0,12.7,12.7,39.0
london,15,2026-04-21,0.09999999999999964,14.0,13.9,93.0,-532.0,-0.40000000000000036,0.7000000000000011,6.6000000000000005,58.0,-1.0,5.8,8.100000000000001,6.4,15.4,1024.38,,-0.9702957262759966,0.24192189559966742,0.4,0.0,13.9,13.9,40.0
london,15,2026-04-22,-0.9000000000000004,15.0,15.9,124.0,-446.0,-0.40000000000000036,-0.5999999999999996,9.7,42.0,1.0,3.0,12.9,5.5,13.5,1025.74,,-0.8829475928589271,0.4694715627858904,0.6,0.0,15.9,15.9,41.0
london,15,2026-04-23,0.6999999999999993,18.0,17.3,171.0,-397.0,-0.5,-0.5,10.700000000000001,47.0,2.0,5.9,11.4,3.7,11.9,1029.46,,-0.7771459614569708,0.6293203910498375,0.8,0.0,17.3,17.3,42.0
london,15,2026-04-24,-0.3000000000000007,18.0,18.3,431.0,-154.0,-1.0,-0.5,12.700000000000001,36.0,0.0,3.0,15.3,4.2,12.4,1024.38,,-0.848048096156426,-0.529919264233205,2.0,0.0,18.3,18.3,43.0
london,15,2026-04-25,-1.1999999999999993,21.0,22.2,495.0,-167.0,1.0999999999999979,2.6999999999999993,16.7,19.0,-3.0,-2.5,24.7,0.6,4.5,1020.66,,0.9702957262759965,-0.24192189559966779,2.3,0.0,21.0,22.2,44.0
london,15,2026-04-26,-1.1999999999999993,17.0,18.2,333.0,-82.0,-0.5,-0.10000000000000142,9.6,46.0,-1.0,6.4,11.799999999999999,2.6,7.7,1024.72,,-0.05233595624294437,0.9986295347545738,1.6,0.0,18.2,18.2,45.0
london,15,2026-04-27,-0.5,21.0,21.5,174.0,-400.0,-0.1999999999999993,0.6000000000000014,15.0,38.0,0.0,6.6,14.9,2.6,8.2,1022.69,,0.9612616959383189,0.27563735581699916,0.8,0.0,20.7,21.5,46.0
london,15,2026-04-28,-0.8000000000000007,16.0,16.8,494.0,-154.0,0.9000000000000004,0.9000000000000004,7.4,44.0,-9.0,4.5,12.3,3.5,8.9,1023.71,,0.08715574274765817,0.9961946980917455,2.4,0.0,16.8,16.8,47.0
london,15,2026-04-29,0.09999999999999964,16.0,15.9,343.0,-130.0,-1.0999999999999996,-1.200000000000001,6.700000000000001,41.0,2.0,2.7,13.2,5.6,14.3,1024.04,,-0.9135454576426011,0.40673664307579976,1.7,0.0,15.9,15.9,48.0
london,15,2026-04-30,0.3999999999999986,19.0,18.6,513.0,-102.0,-0.1999999999999993,0.6000000000000014,9.000000000000002,38.0,-4.0,4.0,14.600000000000001,5.8,14.2,1021.67,,-0.8571673007021121,-0.5150380749100544,2.6,0.0,18.6,18.6,49.0
london,15,2026-05-01,-2.1999999999999993,24.0,26.2,498.0,-99.0,-0.1999999999999993,1.3999999999999986,20.0,37.0,4.0,10.4,15.799999999999999,2.1,8.7,1018.96,,0.7986355100472927,-0.6018150231520484,2.5,0.0,25.9,26.2,50.0
london,15,2026-05-02,-2.1999999999999993,23.0,25.2,511.0,-55.0,0.8999999999999986,2.8000000000000007,14.399999999999999,40.0,0.0,10.6,14.6,1.8,6.0,1014.56,,0.9945218953682733,0.10452846326765346,2.6,0.0,24.8,25.2,51.0
london,15,2026-05-03,-1.1999999999999993,20.0,21.2,236.0,-230.0,-0.40000000000000213,0.1999999999999993,7.299999999999999,53.0,0.0,11.2,10.0,2.4,8.5,1009.14,,0.981627183447664,0.19080899537654492,1.2,0.0,20.8,21.2,52.0
london,15,2026-05-04,-0.9000000000000004,15.0,15.9,64.0,-66.0,-0.09999999999999964,0.3000000000000007,3.0,74.0,1.0,11.3,4.6,0.3,3.2,1014.22,,0.8480480961564261,-0.5299192642332048,0.3,0.0,15.9,15.9,53.0
london,15,2026-05-05,-1.0,16.0,17.0,165.0,-50.0,-0.3999999999999986,-1.3000000000000007,6.1,46.0,-4.0,5.3,11.7,1.8,6.9,1011.85,,-0.05233595624294437,0.9986295347545738,0.8,0.0,17.0,17.0,54.0
london,15,2026-05-06,-0.5999999999999996,13.0,13.6,240.0,95.0,0.29999999999999893,-1.5,5.0,60.0,-1.0,6.0,7.6,3.4,8.9,1012.87,,-0.9998476951563913,-0.017452406437283498,1.2,0.0,13.6,13.6,55.0
london,15,2026-05-07,-0.40000000000000036,14.0,14.4,194.0,113.0,0.5,-0.5999999999999996,5.1,59.0,-3.0,6.5,7.9,1.6,5.0,1016.26,,-0.8480480961564261,0.5299192642332047,1.0,0.0,14.4,14.4,56.0
london,15,2026-05-08,-1.5,18.0,19.5,581.0,315.0,1.3000000000000007,1.6000000000000014,12.2,49.0,-3.0,8.5,11.0,2.4,7.1,1016.93,,0.42261826174069944,0.9063077870366499,3.0,0.0,19.5,19.5,57.0
london,15,2026-05-09,-0.8999999999999986,20.0,20.9,526.0,-106.0,-0.7000000000000028,-0.3000000000000007,13.499999999999998,44.0,1.0,8.2,12.7,2.6,9.3,1016.59,,0.9781476007338056,0.20791169081775945,2.7,0.0,20.9,20.9,58.0
london,15,2026-05-10,0.5999999999999996,13.0,12.4,118.0,-13.0,-0.09999999999999964,-0.1999999999999993,2.5999999999999996,64.0,-2.0,5.8,6.6000000000000005,4.0,9.2,1016.26,,-0.8660254037844386,0.5000000000000001,0.6,0.0,12.4,12.4,59.0
london,15,2026-05-11,0.6999999999999993,12.0,11.3,134.0,-227.0,1.1000000000000014,2.200000000000001,7.9,68.0,-11.0,5.6,5.700000000000001,3.2,8.2,1011.85,,-0.913545457642601,-0.4067366430758001,0.7,0.98,11.3,11.3,60.0
london,15,2026-05-12,-0.5,17.0,17.5,228.0,40.0,0.3999999999999986,-1.3999999999999986,14.9,45.0,0.0,5.4,12.1,3.7,10.3,1012.19,,0.8660254037844386,0.5000000000000001,1.2,0.0,17.5,17.5,61.0
london,15,2026-05-13,4.4,13.0,8.6,344.0,284.0,-4.1,-4.300000000000001,-1.5,83.0,21.0,5.9,2.6999999999999993,1.6,5.3,1001.36,,-0.981627183447664,-0.1908089953765446,1.8,6.42,8.6,8.6,62.0
london,15,2026-05-14,-0.9000000000000004,12.0,12.9,544.0,307.0,2.8000000000000007,3.3000000000000007,4.6,61.0,-14.0,5.6,7.300000000000001,2.7,7.9,1002.03,,-0.6427876096865396,0.7660444431189778,2.8,1.23,12.9,12.9,63.0
london,15,2026-05-15,-0.1999999999999993,14.0,14.2,194.0,-56.0,-0.7000000000000011,0.7999999999999989,7.299999999999999,46.0,-3.0,2.7,11.5,2.4,10.8,1006.77,,0.90630778703665,-0.42261826174069933,1.0,0.0,14.2,14.2,64.0
london,15,2026-05-16,0.09999999999999964,15.0,14.9,196.0,3.0,-0.9000000000000004,-0.6999999999999993,8.2,56.0,5.0,6.2,8.7,1.8,6.3,1008.13,,0.224951054343865,0.9743700647852352,1.0,0.0,14.9,14.9,65.0
london,15,2026-05-17,0.3999999999999986,18.0,17.6,587.0,268.0,-0.1999999999999993,-1.5999999999999979,6.800000000000001,45.0,-2.0,5.5,12.100000000000001,1.4,4.8,1010.16,,0.8191520442889918,0.573576436351046,3.1,1.07,17.6,17.6,66.0
london,15,2026-05-18,0.0,16.0,16.0,198.0,-48.0,-0.10000000000000142,0.8000000000000007,6.800000000000001,56.0,0.0,7.2,8.8,2.1,6.9,1011.85,,0.224951054343865,0.9743700647852352,1.0,0.0,16.0,16.0,67.0
london,15,2026-05-19,-0.3999999999999986,18.0,18.4,355.0,112.0,-2.3000000000000007,-1.6000000000000014,6.599999999999998,64.0,8.0,11.5,6.899999999999999,2.9,10.1,1008.47,,0.992546151641322,0.12186934340514749,1.9,1.57,18.4,18.4,68.0
london,15,2026-05-20,-0.8000000000000007,20.0,20.8,139.0,-641.0,-1.5999999999999979,0.6999999999999993,8.200000000000001,55.0,8.0,11.4,9.4,4.2,8.7,1018.63,,0.9702957262759965,0.24192189559966767,0.8,1.45,20.8,20.8,69.0
london,15,2026-05-21,-2.1000000000000014,24.0,26.1,635.0,228.0,2.0,2.0,12.700000000000001,51.0,-5.0,15.2,10.900000000000002,2.1,7.2,1025.4,,0.9455185755993168,-0.32556815445715664,3.4,0.0,26.1,26.1,70.0
london,15,2026-05-22,-1.3000000000000007,28.0,29.3,603.0,-104.0,-0.3999999999999986,0.40000000000000213,14.600000000000001,43.0,-1.0,15.4,13.9,1.9,12.9,1023.71,,0.8290375725550417,-0.5591929034707467,3.3,0.0,29.2,29.3,71.0
london,15,2026-05-23,-1.6999999999999993,30.0,31.7,536.0,-117.0,1.0999999999999979,1.8000000000000007,12.0,40.0,-2.0,16.5,15.2,1.3,7.1,1026.08,,0.7071067811865476,-0.7071067811865475,2.9,0.0,31.9,31.7,72.0
london,15,2026-05-24,-2.700000000000003,30.0,32.7,570.0,-102.0,1.6000000000000014,3.400000000000002,17.800000000000004,37.0,-5.0,16.1,16.6,0.8,5.5,1029.46,,-0.017452406437283637,-0.9998476951563913,3.2,0.0,32.8,32.7,73.0
london,15,2026-05-25,-1.8999999999999986,31.0,32.9,584.0,-96.0,-0.10000000000000142,0.19999999999999574,16.5,44.0,4.0,19.0,13.899999999999999,2.7,9.0,1029.8,,-0.4383711467890778,0.8987940462991668,3.2,0.0,34.5,32.9,74.0
london,15,2026-05-26,-2.5,34.0,36.5,584.0,-105.0,0.29999999999999716,0.7000000000000028,19.5,29.0,0.0,15.6,20.9,0.3,3.2,1024.72,,0.9925461516413221,-0.12186934340514737,3.2,0.0,36.7,36.5,75.0
london,15,2026-05-27,0.1999999999999993,25.0,24.8,592.0,-98.0,-0.5,-0.5,6.699999999999999,56.0,1.0,15.4,9.4,3.1,9.2,1025.06,,-0.06975647374412527,-0.9975640502598242,3.3,0.0,24.8,24.8,76.0
london,15,2026-05-28,-1.1000000000000014,31.0,32.1,175.0,-422.0,0.20000000000000284,2.5,15.600000000000001,43.0,1.0,18.0,14.100000000000001,1.6,5.6,1019.98,,0.9945218953682733,-0.10452846326765355,1.0,0.0,33.0,32.1,77.0
london,15,2026-05-29,0.0,26.0,26.0,268.0,-79.0,-0.8999999999999986,1.3000000000000007,6.399999999999999,40.0,-2.0,11.4,14.6,1.3,4.7,1022.35,,0.9205048534524403,-0.3907311284892738,1.5,0.0,25.7,26.0,78.0
london,15,2026-05-30,-1.1000000000000014,27.0,28.1,565.0,-52.0,-1.2999999999999972,-1.0999999999999979,10.200000000000003,43.0,2.0,14.3,13.8,2.1,8.7,1017.27,,0.15643446504023098,-0.9876883405951377,3.1,0.0,28.0,28.1,79.0
london,15,2026-05-31,-0.8000000000000007,24.0,24.8,269.0,-485.0,0.1999999999999993,1.1999999999999993,7.100000000000001,42.0,1.0,11.0,13.8,5.1,10.9,1015.24,,0.9659258262890683,0.25881904510252074,1.5,0.05,24.4,24.8,80.0
london,15,2026-06-01,-2.3000000000000007,23.0,25.3,354.0,60.0,-1.3000000000000007,0.6999999999999993,9.5,49.0,9.0,13.8,11.5,2.9,10.1,1012.87,,0.9876883405951378,-0.1564344650402308,2.0,0.0,25.1,25.3,81.0
london,15,2026-06-02,-1.1999999999999993,19.0,20.2,459.0,294.0,-0.10000000000000142,-1.6000000000000014,4.899999999999999,69.0,2.0,14.3,5.899999999999999,3.2,8.4,1003.05,,0.9945218953682733,0.10452846326765346,2.6,22.12,20.2,20.2,82.0
london,15,2026-06-03,1.1999999999999993,19.0,17.8,173.0,-117.0,0.8000000000000007,2.8000000000000007,4.4,84.0,-1.0,15.1,2.700000000000001,2.3,6.9,999.32,,0.9876883405951378,0.15643446504023092,1.0,1.48,17.8,17.8,83.0
london,15,2026-06-04,-0.1999999999999993,19.0,19.2,269.0,52.0,1.0999999999999979,3.1999999999999993,4.699999999999999,67.0,-3.0,12.9,6.299999999999999,3.1,8.2,998.31,,0.9135454576426009,0.4067366430758002,1.5,5.98,19.2,19.2,84.0
london,15,2026-06-05,0.5,19.0,18.5,69.0,-156.0,-0.6000000000000014,0.10000000000000142,5.5,52.0,2.0,8.5,10.0,2.1,5.8,1011.85,,0.9876883405951378,0.15643446504023092,0.4,0.0,18.5,18.5,85.0
london,15,2026-06-06,1.8000000000000007,17.0,15.2,105.0,-104.0,-1.6000000000000014,-2.400000000000002,2.0999999999999996,86.0,9.0,12.9,2.299999999999999,3.1,7.9,1005.08,,-0.10452846326765342,0.9945218953682733,0.6,3.87,15.2,15.2,86.0
london,15,2026-06-07,-1.3999999999999986,19.0,20.4,396.0,89.0,0.0,0.7999999999999972,7.799999999999999,61.0,1.0,12.6,7.799999999999999,2.3,7.2,1019.98,,0.9659258262890683,0.25881904510252074,2.4,0.0,20.4,20.4,87.0
london,15,2026-06-08,-1.0,16.0,17.0,253.0,67.0,0.8000000000000007,0.8999999999999986,2.6999999999999993,70.0,-10.0,11.5,5.5,2.3,5.5,1012.53,,0.8480480961564261,0.5299192642332049,1.5,1.27,17.0,17.0,88.0
london,15,2026-06-09,-1.3000000000000007,19.0,20.3,207.0,-131.0,1.1999999999999993,2.1000000000000014,9.3,47.0,-5.0,8.6,11.700000000000001,4.2,12.6,1013.55,,0.9563047559630354,0.29237170472273677,1.2,2.1,20.3,20.3,89.0
london,15,2026-06-10,-0.10000000000000142,17.0,17.1,690.0,556.0,2.3000000000000007,-3.0,5.100000000000001,60.0,-9.0,9.3,7.800000000000001,2.3,5.5,1016.26,,0.42261826174069944,0.9063077870366499,4.1,0.27,17.1,17.1,90.0
london,15,2026-06-11,3.5,17.0,13.5,117.0,-20.0,0.8000000000000007,0.6999999999999993,3.0,91.0,-1.0,12.1,1.4000000000000004,4.2,8.2,1016.93,,-0.848048096156426,-0.529919264233205,0.7,3.03,13.5,13.5,91.0
